date,index,ticker,adj_close,return_pct,conditional_volatility
2018-01-03,S&P 500,^GSPC,2713.06005859375,0.6378433243936499,1.2127775536284267
2018-01-04,S&P 500,^GSPC,2723.989990234375,0.4020542855326603,1.1325864456488008
2018-01-05,S&P 500,^GSPC,2743.14990234375,0.7009145888585699,1.0472270048893124
2018-01-08,S&P 500,^GSPC,2747.7099609375,0.16609637672972966,0.9983036991534255
2018-01-09,S&P 500,^GSPC,2751.2900390625,0.13020835172978806,0.9220726648219252
2018-01-10,S&P 500,^GSPC,2748.22998046875,-0.11128458115203799,0.8556605743912841
2018-01-11,S&P 500,^GSPC,2767.56005859375,0.7009025768881294,0.8005376056406719
2018-01-12,S&P 500,^GSPC,2786.239990234375,0.6726926399094779,0.795365614030769
2018-01-16,S&P 500,^GSPC,2776.419921875,-0.35307132616031467,0.7875315157663164
2018-01-17,S&P 500,^GSPC,2802.56005859375,0.9371006206502663,0.7571533470934809
2018-01-18,S&P 500,^GSPC,2798.030029296875,-0.1617697497473536,0.798338666426475
2018-01-19,S&P 500,^GSPC,2810.300048828125,0.4375647986989861,0.753756195887577
2018-01-22,S&P 500,^GSPC,2832.969970703125,0.803436438221361,0.7282101395748817
2018-01-23,S&P 500,^GSPC,2839.1298828125,0.21720049682221187,0.7533821916743344
2018-01-24,S&P 500,^GSPC,2837.5400390625,-0.05601325472319729,0.714132745326969
2018-01-25,S&P 500,^GSPC,2839.25,0.060243939883264375,0.6790461606394885
2018-01-26,S&P 500,^GSPC,2872.8701171875,1.1771638106083948,0.6483488653215624
2018-01-29,S&P 500,^GSPC,2853.530029296875,-0.6754736284862339,0.7702686169030439
2018-01-30,S&P 500,^GSPC,2822.429931640625,-1.0958642805337426,0.7811595381965428
2018-01-31,S&P 500,^GSPC,2823.81005859375,0.048886585869478694,0.8661270883220096
2018-02-01,S&P 500,^GSPC,2821.97998046875,-0.0648298352023069,0.8069524881827388
2018-02-02,S&P 500,^GSPC,2762.1298828125,-2.1436680516699447,0.7577314007401339
2018-02-05,S&P 500,^GSPC,2648.93994140625,-4.184254093838113,1.133362023298761
2018-02-06,S&P 500,^GSPC,2695.139892578125,1.7290573348937244,1.9909730229814087
2018-02-07,S&P 500,^GSPC,2681.659912109375,-0.5014138223752518,1.916519073836204
2018-02-08,S&P 500,^GSPC,2581.0,-3.8259052245801506,1.7417975295408739
2018-02-09,S&P 500,^GSPC,2619.550048828125,1.4825645199524118,2.211981392024506
2018-02-12,S&P 500,^GSPC,2656.0,1.3818665678186015,2.0714845706745075
2018-02-13,S&P 500,^GSPC,2662.93994140625,0.26095219802773073,1.940499499724207
2018-02-14,S&P 500,^GSPC,2698.6298828125,1.3313439808896987,1.751122435539084
2018-02-15,S&P 500,^GSPC,2731.199951171875,1.1996861776776058,1.663219953799361
2018-02-16,S&P 500,^GSPC,2732.219970703125,0.037339964992089136,1.5732013813175927
2018-02-20,S&P 500,^GSPC,2716.260009765625,-0.5858517106837269,1.42426462021364
2018-02-21,S&P 500,^GSPC,2701.330078125,-0.5511664483310419,1.3178446987856591
2018-02-22,S&P 500,^GSPC,2703.9599609375,0.09730774855780666,1.223435395697497
2018-02-23,S&P 500,^GSPC,2747.300048828125,1.5901278245120665,1.1170423607530628
2018-02-26,S&P 500,^GSPC,2779.60009765625,1.1688438620627295,1.1965982510713227
2018-02-27,S&P 500,^GSPC,2744.280029296875,-1.278831144146686,1.1823830946987757
2018-02-28,S&P 500,^GSPC,2713.830078125,-1.1157806083656574,1.2050430597089863
2018-03-01,S&P 500,^GSPC,2677.669921875,-1.3413965854875975,1.1957845671997795
2018-03-02,S&P 500,^GSPC,2691.25,0.5058785485198669,1.226768321961073
2018-03-05,S&P 500,^GSPC,2720.93994140625,1.0971617610525897,1.1347776705434758
2018-03-06,S&P 500,^GSPC,2728.1201171875,0.26353829319969435,1.1215464766344914
2018-03-07,S&P 500,^GSPC,2726.800048828125,-0.048399182571667865,1.0315474954225483
2018-03-08,S&P 500,^GSPC,2738.969970703125,0.4453148208884983,0.9504431866715976
2018-03-09,S&P 500,^GSPC,2786.570068359375,1.7229546741207358,0.8938369297722192
2018-03-12,S&P 500,^GSPC,2783.02001953125,-0.1274797337997846,1.0687793804784445
2018-03-13,S&P 500,^GSPC,2765.31005859375,-0.6383910414315075,0.984504296275317
2018-03-14,S&P 500,^GSPC,2749.47998046875,-0.5740969825188458,0.949733173055717
2018-03-15,S&P 500,^GSPC,2747.330078125,-0.07822363990968029,0.9136372009934374
2018-03-16,S&P 500,^GSPC,2752.010009765625,0.17019979472321367,0.8492676958509714
2018-03-19,S&P 500,^GSPC,2712.919921875,-1.4306040541374188,0.794034511766722
2018-03-20,S&P 500,^GSPC,2716.93994140625,0.14807086617194543,0.9527898916724757
2018-03-21,S&P 500,^GSPC,2711.929931640625,-0.1845692125629128,0.8824228375262889
2018-03-22,S&P 500,^GSPC,2643.68994140625,-2.548488697285478,0.8262134041987437
2018-03-23,S&P 500,^GSPC,2588.260009765625,-2.1189807311750464,1.297479625233234
2018-03-26,S&P 500,^GSPC,2658.550048828125,2.679504070603489,1.467313130242434
2018-03-27,S&P 500,^GSPC,2612.6201171875,-1.7427285645321255,1.699245404433607
2018-03-28,S&P 500,^GSPC,2605.0,-0.29209188994627766,1.6954417993487767
2018-03-29,S&P 500,^GSPC,2640.8701171875,1.3675777493843633,1.538246374756063
2018-04-02,S&P 500,^GSPC,2581.8798828125,-2.259068234349648,1.4907477280392507
2018-04-03,S&P 500,^GSPC,2614.449951171875,1.2535961315741417,1.638389052492877
2018-04-04,S&P 500,^GSPC,2644.68994140625,1.1500102346446717,1.558838160373372
2018-04-05,S&P 500,^GSPC,2662.840087890625,0.6839421401651613,1.4793056864298033
2018-04-06,S&P 500,^GSPC,2604.469970703125,-2.216406705706575,1.3655905419012595
2018-04-09,S&P 500,^GSPC,2613.159912109375,0.33309949675937034,1.5386414210494854
2018-04-10,S&P 500,^GSPC,2656.8701171875,1.6588598996313486,1.3984796600064793
2018-04-11,S&P 500,^GSPC,2642.18994140625,-0.5540685772460918,1.4255244684066177
2018-04-12,S&P 500,^GSPC,2663.989990234375,0.8216898697656738,1.3165309356885522
2018-04-13,S&P 500,^GSPC,2656.300048828125,-0.28907998267069246,1.2380300065476806
2018-04-16,S&P 500,^GSPC,2677.840087890625,0.80763368015635,1.1377022014369556
2018-04-17,S&P 500,^GSPC,2706.389892578125,1.0605071613866812,1.0857108113632497
2018-04-18,S&P 500,^GSPC,2708.639892578125,0.0831020407552785,1.0764210869015842
2018-04-19,S&P 500,^GSPC,2693.1298828125,-0.5742581795832535,0.9887305603289792
2018-04-20,S&P 500,^GSPC,2670.139892578125,-0.8573177188352155,0.946114244133439
2018-04-23,S&P 500,^GSPC,2670.2900390625,0.005623011118416343,0.9481279089106655
2018-04-24,S&P 500,^GSPC,2634.56005859375,-1.3470888006475334,0.8776449615013806
2018-04-25,S&P 500,^GSPC,2639.39990234375,0.1835374232824094,0.9903303649737382
2018-04-26,S&P 500,^GSPC,2666.93994140625,1.0380144187376317,0.9155707968160597
2018-04-27,S&P 500,^GSPC,2669.909912109375,0.11130052713639316,0.9378250780669551
2018-04-30,S&P 500,^GSPC,2648.050048828125,-0.822119254892062,0.8689687022262674
2018-05-01,S&P 500,^GSPC,2654.800048828125,0.2545802171026956,0.8815101199495304
2018-05-02,S&P 500,^GSPC,2635.669921875,-0.7231951201402076,0.8243355995351109
2018-05-03,S&P 500,^GSPC,2629.72998046875,-0.225621758506378,0.830992908132078
2018-05-04,S&P 500,^GSPC,2663.419921875,1.2729810028334398,0.7846051833079706
2018-05-07,S&P 500,^GSPC,2672.6298828125,0.3451980554990186,0.8863322487847932
2018-05-08,S&P 500,^GSPC,2671.919921875,-0.026567661173348966,0.8328854709578241
2018-05-09,S&P 500,^GSPC,2697.7900390625,0.9635647934868707,0.7790783037968925
2018-05-10,S&P 500,^GSPC,2723.070068359375,0.9327011603848412,0.8197188016814004
2018-05-11,S&P 500,^GSPC,2727.719970703125,0.17061392709614154,0.845500240845878
2018-05-14,S&P 500,^GSPC,2730.1298828125,0.08830995101263284,0.7908276756706146
2018-05-15,S&P 500,^GSPC,2711.449951171875,-0.6865655043990948,0.7428338967410465
2018-05-16,S&P 500,^GSPC,2722.4599609375,0.4052339847514297,0.7613581889519422
2018-05-17,S&P 500,^GSPC,2720.1298828125,-0.08562387886099643,0.7318436623905923
2018-05-18,S&P 500,^GSPC,2712.969970703125,-0.2635665254550723,0.6947564704799827
2018-05-21,S&P 500,^GSPC,2733.010009765625,0.7359604547933607,0.6731946796431226
2018-05-22,S&P 500,^GSPC,2724.43994140625,-0.3140688592875307,0.7002276125850949
2018-05-23,S&P 500,^GSPC,2733.2900390625,0.32431452068992783,0.6817366845714462
2018-05-24,S&P 500,^GSPC,2727.760009765625,-0.2025262957722873,0.659980368433379
2018-05-25,S&P 500,^GSPC,2721.330078125,-0.2360003054185711,0.6403466535223792
2018-05-29,S&P 500,^GSPC,2689.860107421875,-1.1631572511792143,0.6265283733424583
2018-05-30,S&P 500,^GSPC,2724.010009765625,1.2615875351923656,0.7758127877572815
2018-05-31,S&P 500,^GSPC,2705.27001953125,-0.6903333243434062,0.877582504574153
2018-06-01,S&P 500,^GSPC,2734.6201171875,1.0790799709239352,0.8688637963518298
2018-06-04,S&P 500,^GSPC,2746.8701171875,0.44695948983521916,0.9090304331606093
2018-06-05,S&P 500,^GSPC,2748.800048828125,0.0702346269576104,0.858872507151464
2018-06-06,S&P 500,^GSPC,2772.35009765625,0.8530900637311767,0.8007870066157358
2018-06-07,S&P 500,^GSPC,2770.3701171875,-0.0714443621984806,0.8177343211409854
2018-06-08,S&P 500,^GSPC,2779.030029296875,0.31210289077518993,0.7670674467699755
2018-06-11,S&P 500,^GSPC,2782.0,0.10681370069400842,0.7302284411739106
2018-06-12,S&P 500,^GSPC,2786.85009765625,0.17418672787039569,0.6917311517284174
2018-06-13,S&P 500,^GSPC,2775.6298828125,-0.4034254541411819,0.6609009570807468
2018-06-14,S&P 500,^GSPC,2782.489990234375,0.24685005225038026,0.6585799845320317
2018-06-15,S&P 500,^GSPC,2779.659912109375,-0.10176203154941277,0.6362807782622746
2018-06-18,S&P 500,^GSPC,2773.75,-0.21283911808867018,0.6156441583072373
2018-06-19,S&P 500,^GSPC,2762.590087890625,-0.403151795139145,0.604755798549336
2018-06-20,S&P 500,^GSPC,2767.320068359375,0.1710690224112632,0.6139559989930551
2018-06-21,S&P 500,^GSPC,2749.760009765625,-0.6365728843220175,0.596297928154541
2018-06-22,S&P 500,^GSPC,2754.8798828125,0.18602032551342518,0.6415101214977784
2018-06-25,S&P 500,^GSPC,2717.070068359375,-1.3819722967770787,0.6195367649152197
2018-06-26,S&P 500,^GSPC,2723.06005859375,0.22021505056963875,0.8294830586978423
2018-06-27,S&P 500,^GSPC,2699.6298828125,-0.8641586313141048,0.7786807338970829
2018-06-28,S&P 500,^GSPC,2716.31005859375,0.6159680019031555,0.8187402779815355
2018-06-29,S&P 500,^GSPC,2718.3701171875,0.07581158875167304,0.7996435505912396
2018-07-02,S&P 500,^GSPC,2726.7099609375,0.30632608342937573,0.7502407347084534
2018-07-03,S&P 500,^GSPC,2713.219970703125,-0.49596292805338393,0.7157923763275825
2018-07-05,S&P 500,^GSPC,2736.610107421875,0.858385674553741,0.7133799183654062
2018-07-06,S&P 500,^GSPC,2759.820068359375,0.844551760058021,0.7512523867800329
2018-07-09,S&P 500,^GSPC,2784.169921875,0.878429078534193,0.7778769108725181
2018-07-10,S&P 500,^GSPC,2793.840087890625,0.3467249318822141,0.8040443255519075
2018-07-11,S&P 500,^GSPC,2774.02001953125,-0.7119486371916395,0.7633921716730152
2018-07-12,S&P 500,^GSPC,2798.2900390625,0.8710991580171523,0.7813484581441505
2018-07-13,S&P 500,^GSPC,2801.31005859375,0.10786555366086858,0.8055161809984311
2018-07-16,S&P 500,^GSPC,2798.429931640625,-0.10286646208985673,0.7555418479120709
2018-07-17,S&P 500,^GSPC,2809.550048828125,0.39658243434432805,0.7152788322247631
2018-07-18,S&P 500,^GSPC,2815.6201171875,0.21581820767373472,0.6930186650631467
2018-07-19,S&P 500,^GSPC,2804.489990234375,-0.39608268490489706,0.6634670706157368
2018-07-20,S&P 500,^GSPC,2801.830078125,-0.09488977712743818,0.6598350665832423
2018-07-23,S&P 500,^GSPC,2806.97998046875,0.1836362343230924,0.6348805018958609
2018-07-24,S&P 500,^GSPC,2820.39990234375,0.4769518886053703,0.6139732558277053
2018-07-25,S&P 500,^GSPC,2846.070068359375,0.9060435070372463,0.6187204787528936
2018-07-26,S&P 500,^GSPC,2837.43994140625,-0.3036902748867476,0.69029058490068
2018-07-27,S&P 500,^GSPC,2818.820068359375,-0.6583834644844799,0.6727091896041028
2018-07-30,S&P 500,^GSPC,2802.60009765625,-0.5770789315587166,0.702748744697485
2018-07-31,S&P 500,^GSPC,2816.2900390625,0.48728372193025393,0.7137305155914137
2018-08-01,S&P 500,^GSPC,2813.360107421875,-0.1040893067570714,0.7000203228622327
2018-08-02,S&P 500,^GSPC,2827.219970703125,0.4914349582208821,0.6686912930743827
2018-08-03,S&P 500,^GSPC,2840.35009765625,0.4633432065348053,0.6640018604073382
2018-08-06,S&P 500,^GSPC,2850.39990234375,0.35319826508013463,0.6572813351077279
2018-08-07,S&P 500,^GSPC,2858.449951171875,0.28202017464860063,0.6419755886079603
2018-08-08,S&P 500,^GSPC,2857.699951171875,-0.026241439329499627,0.624550797131622
2018-08-09,S&P 500,^GSPC,2853.580078125,-0.14427146770401578,0.6037266030775866
2018-08-10,S&P 500,^GSPC,2833.280029296875,-0.7139312263245046,0.5908659177375816
2018-08-13,S&P 500,^GSPC,2821.929931640625,-0.4014037665980297,0.6514696078259109
2018-08-14,S&P 500,^GSPC,2839.9599609375,0.6368930016417806,0.6508073197221556
2018-08-15,S&P 500,^GSPC,2818.3701171875,-0.7631208581378779,0.6680266421531638
2018-08-16,S&P 500,^GSPC,2840.68994140625,0.7888214552638217,0.7172503032043019
2018-08-17,S&P 500,^GSPC,2850.1298828125,0.3317606375262905,0.7425694218817451
2018-08-20,S&P 500,^GSPC,2857.050048828125,0.2425074902128621,0.7109409525891632
2018-08-21,S&P 500,^GSPC,2862.9599609375,0.2066399954626874,0.6795894201033177
2018-08-22,S&P 500,^GSPC,2861.820068359375,-0.03982310542438583,0.6519089879133543
2018-08-23,S&P 500,^GSPC,2856.97998046875,-0.16926939235348826,0.6266790398615336
2018-08-24,S&P 500,^GSPC,2874.68994140625,0.6179705928285095,0.6110013780945409
2018-08-27,S&P 500,^GSPC,2896.739990234375,0.7641141407110474,0.6345198429202874
2018-08-28,S&P 500,^GSPC,2897.52001953125,0.026924207759826402,0.675501804548728
2018-08-29,S&P 500,^GSPC,2914.0400390625,0.5685242468912222,0.6454206968297866
2018-08-30,S&P 500,^GSPC,2901.1298828125,-0.4440172044458457,0.6545666081974024
2018-08-31,S&P 500,^GSPC,2901.52001953125,0.01344684673050267,0.6582113802588483
2018-09-04,S&P 500,^GSPC,2896.719970703125,-0.16556920488790539,0.6310885980131495
2018-09-05,S&P 500,^GSPC,2888.60009765625,-0.28070628012661913,0.6144061887072534
2018-09-06,S&P 500,^GSPC,2878.050048828125,-0.36589910366187084,0.6090624040925131
2018-09-07,S&P 500,^GSPC,2871.679931640625,-0.22157978950136936,0.6131277881911059
2018-09-10,S&P 500,^GSPC,2877.1298828125,0.18960282146931462,0.6033299111406144
2018-09-11,S&P 500,^GSPC,2887.889892578125,0.37328656897148704,0.588246057391489
2018-09-12,S&P 500,^GSPC,2888.919921875,0.03566083498940387,0.5878014620800052
2018-09-13,S&P 500,^GSPC,2904.179931640625,0.5268352159391476,0.5727543406814214
2018-09-14,S&P 500,^GSPC,2904.97998046875,0.02754439007661702,0.5924972739983506
2018-09-17,S&P 500,^GSPC,2888.800048828125,-0.558529099154903,0.5766419406400847
2018-09-18,S&P 500,^GSPC,2904.31005859375,0.5354652867625376,0.6139151681045724
2018-09-19,S&P 500,^GSPC,2907.949951171875,0.12524880331721278,0.6256214949821891
2018-09-20,S&P 500,^GSPC,2930.75,0.7810014185328562,0.604679158519221
2018-09-21,S&P 500,^GSPC,2929.669921875,-0.03686009370067467,0.6562907674571716
2018-09-24,S&P 500,^GSPC,2919.3701171875,-0.35218823140139577,0.6302553940198526
2018-09-25,S&P 500,^GSPC,2915.56005859375,-0.13059484931181586,0.6285712529770698
2018-09-26,S&P 500,^GSPC,2905.969970703125,-0.3294699681159585,0.6105363256999726
2018-09-27,S&P 500,^GSPC,2914.0,0.27594762285110264,0.6105061479770086
2018-09-28,S&P 500,^GSPC,2913.97998046875,-0.0006870144138027001,0.598444868926603
2018-10-01,S&P 500,^GSPC,2924.590087890625,0.3634492342198037,0.5817948211080798
2018-10-02,S&P 500,^GSPC,2923.429931640625,-0.03967689102788441,0.5817788451756027
2018-10-03,S&P 500,^GSPC,2925.510009765625,0.07112667367188408,0.5688869809909692
2018-10-04,S&P 500,^GSPC,2901.610107421875,-0.8203035421010085,0.5573511273633581
2018-10-05,S&P 500,^GSPC,2885.570068359375,-0.554331458462265,0.6493227026836416
2018-10-08,S&P 500,^GSPC,2884.429931640625,-0.03951947083491447,0.668751841629157
2018-10-09,S&P 500,^GSPC,2880.340087890625,-0.14189098341548245,0.6406878428647749
2018-10-10,S&P 500,^GSPC,2785.679931640625,-3.341638904260158,0.6210521504907187
2018-10-11,S&P 500,^GSPC,2728.3701171875,-2.0787579972541437,1.487070306570169
2018-10-12,S&P 500,^GSPC,2767.1298828125,1.41062354083763,1.5958565168924541
2018-10-15,S&P 500,^GSPC,2750.7900390625,-0.5922482291300213,1.5443835307718945
2018-10-16,S&P 500,^GSPC,2809.919921875,2.1267828034901015,1.4222466467505468
2018-10-17,S&P 500,^GSPC,2809.2099609375,-0.025269426266483208,1.5374937150622086
2018-10-18,S&P 500,^GSPC,2768.780029296875,-1.4496490575340637,1.3930802674457583
2018-10-19,S&P 500,^GSPC,2767.780029296875,-0.03612351352799692,1.4011409384661246
2018-10-22,S&P 500,^GSPC,2755.8798828125,-0.430879709647769,1.2731742971200586
2018-10-23,S&P 500,^GSPC,2740.68994140625,-0.5527076180694479,1.1762137511187754
2018-10-24,S&P 500,^GSPC,2656.10009765625,-3.135077386114027,1.1022763620188205
2018-10-25,S&P 500,^GSPC,2705.570068359375,1.8453717978713868,1.6293750195035774
2018-10-26,S&P 500,^GSPC,2658.68994140625,-1.7479138010003226,1.6409903014547722
2018-10-29,S&P 500,^GSPC,2641.25,-0.6581208295194152,1.6498883723903
2018-10-30,S&P 500,^GSPC,2682.6298828125,1.554532297187805,1.5186163580938379
2018-10-31,S&P 500,^GSPC,2711.739990234375,1.07928787545708,1.5031834852123376
2018-11-01,S&P 500,^GSPC,2740.3701171875,1.0502498868529386,1.4240586044528347
2018-11-02,S&P 500,^GSPC,2723.06005859375,-0.6336721055880012,1.3540554005983925
2018-11-05,S&P 500,^GSPC,2738.31005859375,0.5584693697194609,1.2613800601696699
2018-11-06,S&P 500,^GSPC,2755.449951171875,0.6239787744408254,1.1682040535732743
2018-11-07,S&P 500,^GSPC,2813.889892578125,2.0987078560773753,1.0933420615488008
2018-11-08,S&P 500,^GSPC,2806.830078125,-0.25120689884907677,1.2978777295724881
2018-11-09,S&P 500,^GSPC,2781.010009765625,-0.9241585915372497,1.1881417822922085
2018-11-12,S&P 500,^GSPC,2726.219970703125,-1.98981509854681,1.1539748958037717
2018-11-13,S&P 500,^GSPC,2722.179931640625,-0.14830188221734986,1.3358775160343168
2018-11-14,S&P 500,^GSPC,2701.580078125,-0.7596188818451033,1.2179455970864563
2018-11-15,S&P 500,^GSPC,2730.199951171875,1.0538032742642756,1.1583364782092498
2018-11-16,S&P 500,^GSPC,2736.27001953125,0.22208375374832556,1.1343045360194781
2018-11-19,S&P 500,^GSPC,2690.72998046875,-1.678316123572099,1.0413778600371977
2018-11-20,S&P 500,^GSPC,2641.889892578125,-1.8317995556586197,1.1824762103903357
2018-11-21,S&P 500,^GSPC,2649.929931640625,0.3038669310766906,1.3183330520688339
2018-11-23,S&P 500,^GSPC,2632.56005859375,-0.6576419711855408,1.2043967406706215
2018-11-26,S&P 500,^GSPC,2673.449951171875,1.5412975845366716,1.1360782550333617
2018-11-27,S&P 500,^GSPC,2682.169921875,0.3256384364612508,1.2009206492266578
2018-11-28,S&P 500,^GSPC,2743.7900390625,2.2714051303114324,1.1028318306960097
2018-11-29,S&P 500,^GSPC,2737.800048828125,-0.21854945453938512,1.3491041234768386
2018-11-30,S&P 500,^GSPC,2760.169921875,0.8137547716617455,1.2316598913610928
2018-12-03,S&P 500,^GSPC,2790.3701171875,1.0882001794362495,1.165352922513918
2018-12-04,S&P 500,^GSPC,2700.06005859375,-3.290022883855581,1.144992987694155
2018-12-06,S&P 500,^GSPC,2695.949951171875,-0.1523387914144081,1.7012734041451147
2018-12-07,S&P 500,^GSPC,2633.080078125,-2.359633545632267,1.539434172014826
2018-12-10,S&P 500,^GSPC,2637.719970703125,0.17606032229169344,1.6966218085855564
2018-12-11,S&P 500,^GSPC,2636.780029296875,-0.03564096753061463,1.534089295285984
2018-12-12,S&P 500,^GSPC,2651.070068359375,0.5404871010351364,1.3901740176450508
2018-12-13,S&P 500,^GSPC,2650.5400390625,-0.019995031241482053,1.2784771677001499
2018-12-14,S&P 500,^GSPC,2599.949951171875,-1.927121226870021,1.1653750928185733
2018-12-17,S&P 500,^GSPC,2545.93994140625,-2.09922848285764,1.3285880387700009
2018-12-18,S&P 500,^GSPC,2546.159912109375,0.008639685378852846,1.4847604623331352
2018-12-19,S&P 500,^GSPC,2506.9599609375,-1.5515459175936108,1.3463991029865168
2018-12-20,S&P 500,^GSPC,2467.419921875,-1.5897809484104464,1.382723431950784
2018-12-21,S&P 500,^GSPC,2416.6201171875,-2.080312049854083,1.4181084373753836
2018-12-24,S&P 500,^GSPC,2351.10009765625,-2.748657287831424,1.5452622421627231
2018-12-26,S&P 500,^GSPC,2467.699951171875,4.84031776708056,1.794186150542918
2018-12-27,S&P 500,^GSPC,2488.830078125,0.8526228968816163,2.514724191480365
2018-12-28,S&P 500,^GSPC,2485.739990234375,-0.12423539102313086,2.2817601106279803
2018-12-31,S&P 500,^GSPC,2506.85009765625,0.845662586220719,2.052928014205931
2019-01-02,S&P 500,^GSPC,2510.030029296875,0.12676930626263072,1.8762240014841238
2019-01-03,S&P 500,^GSPC,2447.889892578125,-2.5068331818915546,1.6923979883841611
2019-01-04,S&P 500,^GSPC,2531.93994140625,3.3759399060347306,1.8414655468510506
2019-01-07,S&P 500,^GSPC,2549.68994140625,0.6985975995229765,2.1318706676869414
2019-01-08,S&P 500,^GSPC,2574.409912109375,0.9648587336497094,1.9364135388916857
2019-01-09,S&P 500,^GSPC,2584.9599609375,0.4089671332821787,1.7838085198784344
2019-01-10,S&P 500,^GSPC,2596.639892578125,0.4508241374462152,1.616823080080091
2019-01-11,S&P 500,^GSPC,2596.260009765625,-0.01463085444823875,1.471667675866253
2019-01-14,S&P 500,^GSPC,2582.610107421875,-0.5271394587249567,1.33501356174752
2019-01-15,S&P 500,^GSPC,2610.300048828125,1.0664618879761,1.2363739214856961
2019-01-16,S&P 500,^GSPC,2616.10009765625,0.221952052908847,1.2000035827821378
2019-01-17,S&P 500,^GSPC,2635.9599609375,0.7562730706236032,1.0986030081269875
2019-01-18,S&P 500,^GSPC,2670.7099609375,1.3096912839855257,1.0472784672262967
2019-01-22,S&P 500,^GSPC,2632.89990234375,-1.4258476827971656,1.0883712559843224
2019-01-23,S&P 500,^GSPC,2638.699951171875,0.22004899194500993,1.1610319807611462
2019-01-24,S&P 500,^GSPC,2642.330078125,0.13747801109778024,1.0645865309134463
2019-01-25,S&P 500,^GSPC,2664.760009765625,0.8452867700517785,0.9790041488165059
2019-01-28,S&P 500,^GSPC,2643.85009765625,-0.7877775848708524,0.9591494913885903
2019-01-29,S&P 500,^GSPC,2640.0,-0.14573079351150042,0.9482999967557537
2019-01-30,S&P 500,^GSPC,2681.050048828125,1.5429609891559615,0.881062454431483
2019-01-31,S&P 500,^GSPC,2704.10009765625,0.8560648809768701,1.015988035782494
2019-02-01,S&P 500,^GSPC,2706.530029296875,0.0898206584806438,0.9907956901581181
2019-02-04,S&P 500,^GSPC,2724.8701171875,0.6753381117479584,0.9145065592095855
2019-02-05,S&P 500,^GSPC,2737.699951171875,0.4697370437350301,0.8851092538301024
2019-02-06,S&P 500,^GSPC,2731.610107421875,-0.22269157175083265,0.8404779410388175
2019-02-07,S&P 500,^GSPC,2706.050048828125,-0.9401193202230651,0.7924700225316011
2019-02-08,S&P 500,^GSPC,2707.8798828125,0.06759725660128169,0.8431441934855246
2019-02-11,S&P 500,^GSPC,2709.800048828125,0.0708851803818078,0.7873148373363315
2019-02-12,S&P 500,^GSPC,2744.72998046875,1.280785290283859,0.7397274792643893
2019-02-13,S&P 500,^GSPC,2753.030029296875,0.3019431593711097,0.8567660454391279
2019-02-14,S&P 500,^GSPC,2745.72998046875,-0.26551633836984223,0.805418603057516
2019-02-15,S&P 500,^GSPC,2775.60009765625,1.0820004664958027,0.7654788194903117
2019-02-19,S&P 500,^GSPC,2779.760009765625,0.14976213265915916,0.8320931606473514
2019-02-20,S&P 500,^GSPC,2784.699951171875,0.1775533560740783,0.7789046448676558
2019-02-21,S&P 500,^GSPC,2774.8798828125,-0.3532669325841731,0.7343734415343546
2019-02-22,S&P 500,^GSPC,2792.669921875,0.6390638694711015,0.7132334828056004
2019-02-25,S&P 500,^GSPC,2796.110107421875,0.12311044497517187,0.7174057840168455
2019-02-26,S&P 500,^GSPC,2793.89990234375,-0.0790769672840419,0.6811911610085369
2019-02-27,S&P 500,^GSPC,2792.3798828125,-0.054419743629807726,0.652116706030895
2019-02-28,S&P 500,^GSPC,2784.489990234375,-0.282950759895062,0.6272077439340275
2019-03-01,S&P 500,^GSPC,2803.68994140625,0.6871656588713471,0.6195871182846225
2019-03-04,S&P 500,^GSPC,2792.81005859375,-0.3888107395255247,0.6515662960184647
2019-03-05,S&P 500,^GSPC,2789.64990234375,-0.11321734897071778,0.6495022338485041
2019-03-06,S&P 500,^GSPC,2771.449951171875,-0.654547360412483,0.6270299150980929
2019-03-07,S&P 500,^GSPC,2748.929931640625,-0.8158911138330893,0.6675131912955985
2019-03-08,S&P 500,^GSPC,2743.070068359375,-0.2133964131454391,0.7267329088081727
2019-03-11,S&P 500,^GSPC,2783.300048828125,1.4559535563489767,0.6963186151378075
2019-03-12,S&P 500,^GSPC,2791.52001953125,0.29489657278052306,0.8711015614448296
2019-03-13,S&P 500,^GSPC,2810.919921875,0.6925546757019063,0.8172577129707672
2019-03-14,S&P 500,^GSPC,2808.47998046875,-0.08683993315958816,0.8077508181785944
2019-03-15,S&P 500,^GSPC,2822.47998046875,0.49725194084304647,0.7589884148961693
2019-03-18,S&P 500,^GSPC,2832.93994140625,0.3699096798908563,0.738025614598313
2019-03-19,S&P 500,^GSPC,2832.570068359375,-0.013057007992678393,0.709781795772128
2019-03-20,S&P 500,^GSPC,2824.22998046875,-0.29486967407699183,0.6745488777046466
2019-03-21,S&P 500,^GSPC,2854.8798828125,1.0794015494688836,0.6590857528060089
2019-03-22,S&P 500,^GSPC,2800.7099609375,-1.9156827134272802,0.7553023327325473
2019-03-25,S&P 500,^GSPC,2798.360107421875,-0.0839372833310037,1.0625109503693402
2019-03-26,S&P 500,^GSPC,2818.4599609375,0.7157052947934339,0.9779701673281804
2019-03-27,S&P 500,^GSPC,2805.3701171875,-0.4655143276599105,0.9422070387229244
2019-03-28,S&P 500,^GSPC,2815.43994140625,0.35830547152615466,0.8963808649978725
2019-03-29,S&P 500,^GSPC,2834.39990234375,0.6711706043324384,0.8421919512553009
2019-04-01,S&P 500,^GSPC,2867.18994140625,1.1502195518044545,0.8253082671971191
2019-04-02,S&P 500,^GSPC,2867.239990234375,0.0017455554858436528,0.889870520687092
2019-04-03,S&P 500,^GSPC,2873.39990234375,0.214607242008924,0.8275317401078454
2019-04-04,S&P 500,^GSPC,2879.389892578125,0.2082465242994047,0.7768237646867934
2019-04-05,S&P 500,^GSPC,2892.739990234375,0.462571762309949,0.7335900054325253
2019-04-08,S&P 500,^GSPC,2895.77001953125,0.1046911750523627,0.7138486097012754
2019-04-09,S&P 500,^GSPC,2878.199951171875,-0.6085976435669771,0.6779111337651024
2019-04-10,S&P 500,^GSPC,2888.2099609375,0.34718377544997736,0.6989525446428881
2019-04-11,S&P 500,^GSPC,2888.320068359375,0.003812234034228368,0.6757793374135153
2019-04-12,S&P 500,^GSPC,2907.409912109375,0.6587578389545712,0.6458398254387404
2019-04-15,S&P 500,^GSPC,2905.580078125,-0.0629567244356366,0.6673410180870626
2019-04-16,S&P 500,^GSPC,2907.06005859375,0.05092283251393326,0.6400967669264914
2019-04-17,S&P 500,^GSPC,2900.449951171875,-0.22764008207385444,0.6158759877122204
2019-04-18,S&P 500,^GSPC,2905.030029296875,0.15778468242499954,0.606000194241264
2019-04-22,S&P 500,^GSPC,2907.969970703125,0.10115058169324342,0.5893398129467239
2019-04-23,S&P 500,^GSPC,2933.679931640625,0.880235117499506,0.5743936569834285
2019-04-24,S&P 500,^GSPC,2927.25,-0.21941686030357843,0.653633581467238
2019-04-25,S&P 500,^GSPC,2926.169921875,-0.03690417402726354,0.6362348846954359
2019-04-26,S&P 500,^GSPC,2939.8798828125,0.46743503233042105,0.6136141161447018
2019-04-29,S&P 500,^GSPC,2943.030029296875,0.10709485042346145,0.6173826772855812
2019-04-30,S&P 500,^GSPC,2945.830078125,0.09509646987915232,0.5975441883079593
2019-05-01,S&P 500,^GSPC,2923.72998046875,-0.7530445850291834,0.5810387128698646
2019-05-02,S&P 500,^GSPC,2917.52001953125,-0.2126244648682274,0.651969964610088
2019-05-03,S&P 500,^GSPC,2945.639892578125,0.9592127478916801,0.6344153040074787
2019-05-06,S&P 500,^GSPC,2932.469970703125,-0.4481013189072236,0.7122980362994653
2019-05-07,S&P 500,^GSPC,2884.050048828125,-1.6649488088905429,0.704916472915758
2019-05-08,S&P 500,^GSPC,2879.419921875,-0.16067153894203656,0.9600218839548164
2019-05-09,S&P 500,^GSPC,2870.719970703125,-0.30259986619283197,0.8916849321704465
2019-05-10,S&P 500,^GSPC,2881.39990234375,0.3713394069919218,0.840734940242086
2019-05-13,S&P 500,^GSPC,2811.8701171875,-2.4426469138497886,0.7958816845149125
2019-05-14,S&P 500,^GSPC,2834.409912109375,0.7983987523216385,1.2479609195458414
2019-05-15,S&P 500,^GSPC,2850.9599609375,0.5821994327722457,1.1775282637680442
2019-05-16,S&P 500,^GSPC,2876.320068359375,0.8855957116499447,1.0979009286382901
2019-05-17,S&P 500,^GSPC,2859.530029296875,-0.585443717404388,1.061971179040339
2019-05-20,S&P 500,^GSPC,2840.22998046875,-0.677225797540526,1.0086296726244328
2019-05-21,S&P 500,^GSPC,2864.360107421875,0.8459949093190922,0.9742808895508043
2019-05-22,S&P 500,^GSPC,2856.27001953125,-0.28283923638996455,0.9553964849256342
2019-05-23,S&P 500,^GSPC,2822.239990234375,-1.1985692241282209,0.8936671699077259
2019-05-24,S&P 500,^GSPC,2826.06005859375,0.13526437720372542,0.9696414062429364
2019-05-28,S&P 500,^GSPC,2802.389892578125,-0.8410950000260264,0.8967456042753901
2019-05-29,S&P 500,^GSPC,2783.02001953125,-0.693591016723083,0.9064239276738986
2019-05-30,S&P 500,^GSPC,2788.860107421875,0.2096272674997124,0.8926305834062903
2019-05-31,S&P 500,^GSPC,2752.06005859375,-1.3283205250453456,0.8322345340859921
2019-06-03,S&P 500,^GSPC,2744.449951171875,-0.2769070654307981,0.9541323912690692
2019-06-04,S&P 500,^GSPC,2803.27001953125,2.1205927081077824,0.8922370427646096
2019-06-05,S&P 500,^GSPC,2826.14990234375,0.8128726978813283,1.1748009299438995
2019-06-06,S&P 500,^GSPC,2843.489990234375,0.611684067600482,1.1173916993928237
2019-06-07,S&P 500,^GSPC,2873.340087890625,1.0442979247259565,1.0489979457652825
2019-06-10,S&P 500,^GSPC,2886.72998046875,0.46492200747660917,1.0444379210533963
2019-06-11,S&P 500,^GSPC,2885.719970703125,-0.03499414579515303,0.9753226237487657
2019-06-12,S&P 500,^GSPC,2879.840087890625,-0.20396578272370292,0.9015816967423946
2019-06-13,S&P 500,^GSPC,2891.639892578125,0.40890105028497103,0.8434667663210822
2019-06-14,S&P 500,^GSPC,2886.97998046875,-0.16128117861526903,0.8007780296677278
2019-06-17,S&P 500,^GSPC,2889.669921875,0.09313154323526973,0.7557979035621676
2019-06-18,S&P 500,^GSPC,2917.75,0.9670489592970455,0.7131652680547756
2019-06-19,S&P 500,^GSPC,2926.4599609375,0.29807167930240297,0.7709892703917952
2019-06-20,S&P 500,^GSPC,2954.179931640625,0.9427605335873501,0.7327258021371195
2019-06-21,S&P 500,^GSPC,2950.4599609375,-0.1260016279728049,0.7809668141974792
2019-06-24,S&P 500,^GSPC,2945.35009765625,-0.17333884605870153,0.7375837241210176
2019-06-25,S&P 500,^GSPC,2917.3798828125,-0.954177564038794,0.7031601567007492
2019-06-26,S&P 500,^GSPC,2913.780029296875,-0.12346956788036323,0.7802135659735542
2019-06-27,S&P 500,^GSPC,2924.919921875,0.3815885792590734,0.7368513213966726
2019-06-28,S&P 500,^GSPC,2941.760009765625,0.5740941840599589,0.70967699300317
2019-07-01,S&P 500,^GSPC,2964.330078125,0.7643018610953511,0.7063500058551242
2019-07-02,S&P 500,^GSPC,2973.010009765625,0.2923847276989022,0.7302458094738163
2019-07-03,S&P 500,^GSPC,2995.820068359375,0.7643095660683663,0.6982761055023559
2019-07-05,S&P 500,^GSPC,2990.409912109375,-0.18075342045484888,0.7240196406033074
2019-07-08,S&P 500,^GSPC,2975.949951171875,-0.48471730101233845,0.6921993272158452
2019-07-09,S&P 500,^GSPC,2979.6298828125,0.12357930584538934,0.693133004632786
2019-07-10,S&P 500,^GSPC,2993.070068359375,0.45005469360823724,0.6608268047320381
2019-07-11,S&P 500,^GSPC,2999.909912109375,0.2282619578949152,0.653382446444274
2019-07-12,S&P 500,^GSPC,3013.77001953125,0.46095343020660096,0.6310873654181227
2019-07-15,S&P 500,^GSPC,3014.300048828125,0.017585372838446744,0.6306024116565867
2019-07-16,S&P 500,^GSPC,3004.0400390625,-0.340958455501017,0.6081240256280461
2019-07-17,S&P 500,^GSPC,2984.419921875,-0.6552665466093899,0.6097445188254964
2019-07-18,S&P 500,^GSPC,2995.110107421875,0.35755977088189894,0.6547251973986424
2019-07-19,S&P 500,^GSPC,2976.610107421875,-0.6195889464843951,0.6402240818792921
2019-07-22,S&P 500,^GSPC,2985.030029296875,0.2824701686249931,0.6717214796992564
2019-07-23,S&P 500,^GSPC,3005.469970703125,0.6824145139276538,0.6490785542884427
2019-07-24,S&P 500,^GSPC,3019.56005859375,0.46771928134763385,0.6733803722922798
2019-07-25,S&P 500,^GSPC,3003.669921875,-0.5276296483600618,0.6652998454654598
2019-07-26,S&P 500,^GSPC,3025.860107421875,0.7360535770782661,0.6774473479516256
2019-07-29,S&P 500,^GSPC,3020.969970703125,-0.16174219290565617,0.7035098714822756
2019-07-30,S&P 500,^GSPC,3013.179931640625,-0.25819853720445707,0.6741048114283007
2019-07-31,S&P 500,^GSPC,2980.3798828125,-1.0945206952139408,0.6558066886546744
2019-08-01,S&P 500,^GSPC,2953.56005859375,-0.9039527568805994,0.7783565463872638
2019-08-02,S&P 500,^GSPC,2932.050048828125,-0.7309388539565198,0.8257625519163133
2019-08-05,S&P 500,^GSPC,2844.739990234375,-3.0230182169694864,0.8332846832653207
2019-08-06,S&P 500,^GSPC,2881.77001953125,1.2933023911166686,1.4581388401501538
2019-08-07,S&P 500,^GSPC,2883.97998046875,0.07665823338589561,1.4141944646616005
2019-08-08,S&P 500,^GSPC,2938.090087890625,1.8588462466865074,1.284257877064278
2019-08-09,S&P 500,^GSPC,2918.64990234375,-0.6638593133657444,1.3775703005305082
2019-08-12,S&P 500,^GSPC,2882.699951171875,-1.2393809115915033,1.2841927481082165
2019-08-13,S&P 500,^GSPC,2926.320068359375,1.5018346267301474,1.2790805100538896
2019-08-14,S&P 500,^GSPC,2840.60009765625,-2.973035245453559,1.3035593963693866
2019-08-15,S&P 500,^GSPC,2847.60009765625,0.24612366981804357,1.6969317079191788
2019-08-16,S&P 500,^GSPC,2888.679931640625,1.4323058172244885,1.5355638898425013
2019-08-19,S&P 500,^GSPC,2923.64990234375,1.2033175564397425,1.4979821343090458
2019-08-20,S&P 500,^GSPC,2900.510009765625,-0.7946215312115257,1.4349865983293033
2019-08-21,S&P 500,^GSPC,2924.429931640625,0.8212979557352895,1.3456798850057892
2019-08-22,S&P 500,^GSPC,2922.949951171875,-0.05062029592783901,1.2627704062343477
2019-08-23,S&P 500,^GSPC,2847.110107421875,-2.6288881122837893,1.1519745541390436
2019-08-26,S&P 500,^GSPC,2878.3798828125,1.0923112730798046,1.505447447765397
2019-08-27,S&P 500,^GSPC,2869.159912109375,-0.3208321800556746,1.4274938973129565
2019-08-28,S&P 500,^GSPC,2887.93994140625,0.652415153056296,1.3043250644297364
2019-08-29,S&P 500,^GSPC,2924.580078125,1.260748244109422,1.2122591166375385
2019-08-30,S&P 500,^GSPC,2926.4599609375,0.06425807598766653,1.2094295840698648
2019-09-03,S&P 500,^GSPC,2906.27001953125,-0.6923009332685304,1.1046367391433785
2019-09-04,S&P 500,^GSPC,2937.780029296875,1.0783725278421308,1.0558411135472447
2019-09-05,S&P 500,^GSPC,2976.0,1.2925912921759597,1.0552169563083125
2019-09-06,S&P 500,^GSPC,2978.7099609375,0.09101908043769313,1.0913172526964978
2019-09-09,S&P 500,^GSPC,2978.429931640625,-0.009401467889968984,1.001735708471595
2019-09-10,S&P 500,^GSPC,2979.389892578125,0.032225242593053594,0.9241065086198508
2019-09-11,S&P 500,^GSPC,3000.929931640625,0.7203672326387078,0.8567957102571204
2019-09-12,S&P 500,^GSPC,3009.570068359375,0.2875016278233389,0.8433389226673279
2019-09-13,S&P 500,^GSPC,3007.389892578125,-0.07246768769650913,0.7932974966695706
2019-09-16,S&P 500,^GSPC,2997.9599609375,-0.31405129163566414,0.7463202979998812
2019-09-17,S&P 500,^GSPC,3005.699951171875,0.2578425372462334,0.7197269285247476
2019-09-18,S&P 500,^GSPC,3006.72998046875,0.0342633284267535,0.6876623917361016
2019-09-19,S&P 500,^GSPC,3006.7900390625,0.0019974521929810862,0.6555644182206897
2019-09-20,S&P 500,^GSPC,2992.070068359375,-0.4907599104880589,0.6290022155090305
2019-09-23,S&P 500,^GSPC,2991.780029296875,-0.009694061782816732,0.6440496336870742
2019-09-24,S&P 500,^GSPC,2966.60009765625,-0.8451988963551926,0.6195871622875402
2019-09-25,S&P 500,^GSPC,2984.8701171875,0.6139685241963733,0.6979811910408376
2019-09-26,S&P 500,^GSPC,2977.6201171875,-0.24318710096125074,0.7019988341185687
2019-09-27,S&P 500,^GSPC,2961.7900390625,-0.5330534579129242,0.6777100297992125
2019-09-30,S&P 500,^GSPC,2976.739990234375,0.5034910215249155,0.6879353743765038
2019-10-01,S&P 500,^GSPC,2940.25,-1.233412694541336,0.6808035545898266
2019-10-02,S&P 500,^GSPC,2887.610107421875,-1.8065404187643352,0.8287110439528385
2019-10-03,S&P 500,^GSPC,2910.6298828125,0.7940304773866202,1.0745418323425031
2019-10-04,S&P 500,^GSPC,2952.010009765625,1.4116785239259855,1.031449202349387
2019-10-07,S&P 500,^GSPC,2938.7900390625,-0.4488352273681606,1.0960965827121256
2019-10-08,S&P 500,^GSPC,2893.06005859375,-1.5683159552110304,1.02531473299011
2019-10-09,S&P 500,^GSPC,2919.39990234375,0.9063296514845831,1.1456423228732624
2019-10-10,S&P 500,^GSPC,2938.1298828125,0.6395202411782819,1.1040758723113009
2019-10-11,S&P 500,^GSPC,2970.27001953125,1.0879579673789053,1.0401721812547473
2019-10-14,S&P 500,^GSPC,2966.14990234375,-0.13880816732187995,1.0442484328529589
2019-10-15,S&P 500,^GSPC,2995.679931640625,0.9906445376488549,0.9635956374224987
2019-10-16,S&P 500,^GSPC,2989.68994140625,-0.20015445531935683,0.9678986594480862
2019-10-17,S&P 500,^GSPC,2997.949951171875,0.2759021969774622,0.9000738458915483
2019-10-18,S&P 500,^GSPC,2986.199951171875,-0.3927045709799515,0.8410908163153433
2019-10-21,S&P 500,^GSPC,3006.719970703125,0.6848114105334702,0.8051778312384716
2019-10-22,S&P 500,^GSPC,2995.989990234375,-0.35750492583765947,0.797001459967044
2019-10-23,S&P 500,^GSPC,3004.52001953125,0.2843103345830045,0.7654017735828331
2019-10-24,S&P 500,^GSPC,3010.2900390625,0.19186046591705974,0.7272911886628042
2019-10-25,S&P 500,^GSPC,3022.550048828125,0.4064429510655998,0.6912711058955749
2019-10-28,S&P 500,^GSPC,3039.419921875,0.5565819916117931,0.674116560644007
2019-10-29,S&P 500,^GSPC,3036.889892578125,-0.08327519564801378,0.6758061252652551
2019-10-30,S&P 500,^GSPC,3046.77001953125,0.32480894008575234,0.6477617587122251
2019-10-31,S&P 500,^GSPC,3037.56005859375,-0.3027438634539692,0.6320978446817148
2019-11-01,S&P 500,^GSPC,3066.909912109375,0.9615930559647268,0.6252830726322433
2019-11-04,S&P 500,^GSPC,3078.27001953125,0.3697245805312832,0.7063158489421135
2019-11-05,S&P 500,^GSPC,3074.6201171875,-0.11864027118200227,0.6835183289348523
2019-11-06,S&P 500,^GSPC,3076.780029296875,0.07022505922886779,0.6554865228911225
2019-11-07,S&P 500,^GSPC,3085.179931640625,0.27263752442809874,0.6287326603209052
2019-11-08,S&P 500,^GSPC,3093.080078125,0.25574031451167656,0.6131326669728314
2019-11-11,S&P 500,^GSPC,3087.010009765625,-0.19643954133385932,0.5994021085449389
2019-11-12,S&P 500,^GSPC,3091.840087890625,0.15634233012633558,0.5904539450053018
2019-11-13,S&P 500,^GSPC,3094.0400390625,0.07112815701173503,0.5765563111077385
2019-11-14,S&P 500,^GSPC,3096.6298828125,0.08366926144560694,0.5636092954397445
2019-11-15,S&P 500,^GSPC,3120.4599609375,0.76660287779724,0.5531608228785572
2019-11-18,S&P 500,^GSPC,3122.030029296875,0.05030263228107401,0.6162100592076972
2019-11-19,S&P 500,^GSPC,3120.179931640625,-0.05927700996934959,0.5961029755320607
2019-11-20,S&P 500,^GSPC,3108.4599609375,-0.3763256420940664,0.5811371261887642
2019-11-21,S&P 500,^GSPC,3103.5400390625,-0.1584006086188694,0.5922770170512808
2019-11-22,S&P 500,^GSPC,3110.2900390625,0.21725739423761325,0.5823179307797961
2019-11-25,S&P 500,^GSPC,3133.639892578125,0.7479251887467342,0.5722988808129288
2019-11-26,S&P 500,^GSPC,3140.52001953125,0.21931636449394887,0.6266135690194464
2019-11-27,S&P 500,^GSPC,3153.6298828125,0.416573562529976,0.608606730462246
2019-11-29,S&P 500,^GSPC,3140.97998046875,-0.40192862299885945,0.6081223185587569
2019-12-02,S&P 500,^GSPC,3113.8701171875,-0.8668483693965001,0.6164617453112771
2019-12-03,S&P 500,^GSPC,3093.199951171875,-0.666022525804344,0.7002850224836411
2019-12-04,S&P 500,^GSPC,3112.760009765625,0.6303657608770052,0.7251471232740057
2019-12-05,S&P 500,^GSPC,3117.429931640625,0.14991269266300122,0.7257480289055781
2019-12-06,S&P 500,^GSPC,3145.909912109375,0.9094246030425523,0.688768056377657
2019-12-09,S&P 500,^GSPC,3135.9599609375,-0.3167833684475596,0.7420074468072227
2019-12-10,S&P 500,^GSPC,3132.52001953125,-0.10975361689826713,0.7163803441176896
2019-12-11,S&P 500,^GSPC,3141.6298828125,0.29039375293500314,0.6825942870036524
2019-12-12,S&P 500,^GSPC,3168.570068359375,0.853866737555542,0.6585371762405878
2019-12-13,S&P 500,^GSPC,3168.800048828125,0.007257915021519068,0.709309375125041
2019-12-16,S&P 500,^GSPC,3191.449951171875,0.7122360942542372,0.6739055992600114
2019-12-17,S&P 500,^GSPC,3192.52001953125,0.033523602846052825,0.6970743893466809
2019-12-18,S&P 500,^GSPC,3191.139892578125,-0.043239364052283236,0.663457404906721
2019-12-19,S&P 500,^GSPC,3205.3701171875,0.44493788218655794,0.6363610544555279
2019-12-20,S&P 500,^GSPC,3221.219970703125,0.4932595804334028,0.6331713821966224
2019-12-23,S&P 500,^GSPC,3224.010009765625,0.08657687142985537,0.6357931838260799
2019-12-24,S&P 500,^GSPC,3223.3798828125,-0.01954673024684439,0.6125021843548878
2019-12-26,S&P 500,^GSPC,3239.909912109375,0.5115062410053994,0.5936589352124964
2019-12-27,S&P 500,^GSPC,3240.02001953125,0.0033984139657050605,0.6067915299760628
2019-12-30,S&P 500,^GSPC,3221.2900390625,-0.5797596079348821,0.5886062149464941
2019-12-31,S&P 500,^GSPC,3230.780029296875,0.29416906441905866,0.6262956115100078
2020-01-02,S&P 500,^GSPC,3257.85009765625,0.8343895362315834,0.6124736629685593
2020-01-03,S&P 500,^GSPC,3234.85009765625,-0.7084909364953873,0.6718392457640259
2020-01-06,S&P 500,^GSPC,3246.280029296875,0.3527145194272663,0.7104439606914131
2020-01-07,S&P 500,^GSPC,3237.179931640625,-0.2807175084594604,0.6856745862179399
2020-01-08,S&P 500,^GSPC,3253.050048828125,0.4890473485641422,0.6670443885237154
2020-01-09,S&P 500,^GSPC,3274.699951171875,0.6633214116906316,0.6624208234869478
2020-01-10,S&P 500,^GSPC,3265.35009765625,-0.2859262487506342,0.6808586020402303
2020-01-13,S&P 500,^GSPC,3288.1298828125,0.6951994045934384,0.663512347974108
2020-01-14,S&P 500,^GSPC,3283.14990234375,-0.1515680836895683,0.6864483909101948
2020-01-15,S&P 500,^GSPC,3289.2900390625,0.1868450243687647,0.6594006855488052
2020-01-16,S&P 500,^GSPC,3316.81005859375,0.8331747422232638,0.6343881118234597
2020-01-17,S&P 500,^GSPC,3329.6201171875,0.38547232474837045,0.6876628963085714
2020-01-21,S&P 500,^GSPC,3320.7900390625,-0.2655500369584729,0.6694079978419012
2020-01-22,S&P 500,^GSPC,3321.75,0.02890342966814785,0.6525159637780006
2020-01-23,S&P 500,^GSPC,3325.5400390625,0.11403261933580211,0.6262417662777727
2020-01-24,S&P 500,^GSPC,3295.469970703125,-0.908328942619363,0.6049771464064635
2020-01-27,S&P 500,^GSPC,3243.6298828125,-1.5855752356843666,0.7012147484620955
2020-01-28,S&P 500,^GSPC,3276.239990234375,1.000338350035257,0.9352469738176525
2020-01-29,S&P 500,^GSPC,3273.39990234375,-0.08672501435853519,0.9469965350991592
2020-01-30,S&P 500,^GSPC,3283.659912109375,0.31294569302104946,0.8781677671078653
2020-01-31,S&P 500,^GSPC,3225.52001953125,-1.7864443571362187,0.8241787409827946
2020-02-03,S&P 500,^GSPC,3248.919921875,0.722842576123206,1.0661674257541391
2020-02-04,S&P 500,^GSPC,3297.590087890625,1.4869315917506398,1.0164980356312514
2020-02-05,S&P 500,^GSPC,3334.68994140625,1.1187778658973357,1.1004391396313005
2020-02-06,S&P 500,^GSPC,3345.780029296875,0.33201550570023386,1.0972508942081927
2020-02-07,S&P 500,^GSPC,3327.7099609375,-0.5415491009459927,1.0131923429630403
2020-02-10,S&P 500,^GSPC,3352.090087890625,0.7299690120573743,0.9632511107824965
2020-02-11,S&P 500,^GSPC,3357.75,0.1687048686003223,0.9316866374977151
2020-02-12,S&P 500,^GSPC,3379.449951171875,0.6441853105203066,0.8646663266902428
2020-02-13,S&P 500,^GSPC,3373.93994140625,-0.16317763599893453,0.8405135254362074
2020-02-14,S&P 500,^GSPC,3380.159912109375,0.18418360984853166,0.7895813791876857
2020-02-18,S&P 500,^GSPC,3370.2900390625,-0.2924213986148061,0.7436138290978552
2020-02-19,S&P 500,^GSPC,3386.14990234375,0.4694748284284955,0.7157789550119585
2020-02-20,S&P 500,^GSPC,3373.22998046875,-0.38228174279968385,0.6999254645098989
2020-02-21,S&P 500,^GSPC,3337.75,-1.0573809232820253,0.6878463194771831
2020-02-24,S&P 500,^GSPC,3225.889892578125,-3.4088079420440565,0.79168551272743
2020-02-25,S&P 500,^GSPC,3128.2099609375,-3.074790437535313,1.574159508753037
2020-02-26,S&P 500,^GSPC,3116.389892578125,-0.3785697323529291,1.8979346960335228
2020-02-27,S&P 500,^GSPC,2978.760009765625,-4.5168136352262245,1.7198653580750012
2020-02-28,S&P 500,^GSPC,2954.219970703125,-0.8272463109652683,2.402437604566676
2020-03-02,S&P 500,^GSPC,3090.22998046875,4.501086876941329,2.187359472864712
2020-03-03,S&P 500,^GSPC,3003.3701171875,-2.851048492291497,2.6586685765894615
2020-03-04,S&P 500,^GSPC,3130.1201171875,4.133634936063402,2.655346486119305
2020-03-05,S&P 500,^GSPC,3023.93994140625,-3.451078243998218,2.8935609092941785
2020-03-06,S&P 500,^GSPC,2972.3701171875,-1.7200943652385448,2.951426652792544
2020-03-09,S&P 500,^GSPC,2746.56005859375,-7.901041294037192,2.7407894640548633
2020-03-10,S&P 500,^GSPC,2882.22998046875,4.821505242585911,4.028945445924926
2020-03-11,S&P 500,^GSPC,2741.3798828125,-5.010289280860558,4.084935103102579
2020-03-12,S&P 500,^GSPC,2480.639892578125,-9.994485240247286,4.183310953825114
2020-03-13,S&P 500,^GSPC,2711.02001953125,8.880840694923542,5.502512569771364
2020-03-16,S&P 500,^GSPC,2386.1298828125,-12.765219747281709,6.0665557890762924
2020-03-17,S&P 500,^GSPC,2529.18994140625,5.822631263569189,7.476403666863271
2020-03-18,S&P 500,^GSPC,2398.10009765625,-5.322227233208032,7.075487616429992
2020-03-19,S&P 500,^GSPC,2409.389892578125,0.46967609704013924,6.684068097858333
2020-03-20,S&P 500,^GSPC,2304.919921875,-4.432762405336721,5.979776280093801
2020-03-23,S&P 500,^GSPC,2237.39990234375,-2.973150100957689,5.642844062587375
2020-03-24,S&P 500,^GSPC,2447.330078125,8.968323251796306,5.191350858714837
2020-03-25,S&P 500,^GSPC,2475.56005859375,1.14689904208225,5.864823654205565
2020-03-26,S&P 500,^GSPC,2630.070068359375,6.054383107424677,5.264413618883115
2020-03-27,S&P 500,^GSPC,2541.469970703125,-3.4267845541626762,5.291230684031034
2020-03-30,S&P 500,^GSPC,2626.64990234375,3.2966590569975196,4.935062222330936
2020-03-31,S&P 500,^GSPC,2584.590087890625,-1.614231078841577,4.604526952584901
2020-04-01,S&P 500,^GSPC,2470.5,-4.514636273278683,4.1746841256306455
2020-04-02,S&P 500,^GSPC,2526.89990234375,2.257265705696021,4.162170205316723
2020-04-03,S&P 500,^GSPC,2488.64990234375,-1.5252860825945014,3.8304925013074196
2020-04-06,S&P 500,^GSPC,2663.679931640625,6.796824414483105,3.4882439000043965
2020-04-07,S&P 500,^GSPC,2659.409912109375,-0.16043390483631015,4.136259208392679
2020-04-08,S&P 500,^GSPC,2749.97998046875,3.3489371191285144,3.704230395619712
2020-04-09,S&P 500,^GSPC,2789.820068359375,1.4383470303699575,3.5728671745813614
2020-04-13,S&P 500,^GSPC,2761.6298828125,-1.0156059444677012,3.249241473286891
2020-04-14,S&P 500,^GSPC,2846.06005859375,3.011455957230691,2.9436649346390786
2020-04-15,S&P 500,^GSPC,2783.360107421875,-2.2276732672368738,2.896042094442267
2020-04-16,S&P 500,^GSPC,2799.550048828125,0.5799837839541411,2.753910666695791
2020-04-17,S&P 500,^GSPC,2874.56005859375,2.6440932021320585,2.480730161657096
2020-04-20,S&P 500,^GSPC,2823.159912109375,-1.8042845615347858,2.4602114789547445
2020-04-21,S&P 500,^GSPC,2736.56005859375,-3.1155115236330744,2.3320058641322565
2020-04-22,S&P 500,^GSPC,2799.31005859375,2.2671300582136844,2.450989504478002
2020-04-23,S&P 500,^GSPC,2797.800048828125,-0.05395676601960275,2.3754990486749734
2020-04-24,S&P 500,^GSPC,2836.739990234375,1.3822090566839584,2.135423957803179
2020-04-27,S&P 500,^GSPC,2878.47998046875,1.4606868181735955,1.995115807255703
2020-04-28,S&P 500,^GSPC,2863.389892578125,-0.5256170190484077,1.884788183028652
2020-04-29,S&P 500,^GSPC,2939.510009765625,2.623670404507372,1.7152014998646996
2020-04-30,S&P 500,^GSPC,2912.429931640625,-0.9255143319054859,1.8629467097207015
2020-05-01,S&P 500,^GSPC,2830.7099609375,-2.846021101477625,1.7251733823270903
2020-05-04,S&P 500,^GSPC,2842.739990234375,0.42408225788497234,1.9437700606441366
2020-05-05,S&P 500,^GSPC,2868.43994140625,0.8999935197779863,1.7584276376562809
2020-05-06,S&P 500,^GSPC,2848.419921875,-0.700388039904265,1.624292366310626
2020-05-07,S&P 500,^GSPC,2881.18994140625,1.14389557548904,1.499725313441595
2020-05-08,S&P 500,^GSPC,2929.800048828125,1.6730795065226012,1.4289156523400346
2020-05-11,S&P 500,^GSPC,2930.18994140625,0.013306936679136072,1.451983125932447
2020-05-12,S&P 500,^GSPC,2870.1201171875,-2.0713365772047965,1.317523107352476
2020-05-13,S&P 500,^GSPC,2820.0,-1.761699662428029,1.470359849032488
2020-05-14,S&P 500,^GSPC,2852.5,1.1458917804072044,1.5186157936449067
2020-05-15,S&P 500,^GSPC,2863.699951171875,0.3918675203722799,1.4450044193845155
2020-05-18,S&P 500,^GSPC,2953.909912109375,3.1015208770073244,1.3185615334614216
2020-05-19,S&P 500,^GSPC,2922.93994140625,-1.0539747711598935,1.715558203912866
2020-05-20,S&P 500,^GSPC,2971.610107421875,1.6513990613415075,1.611829917308676
2020-05-21,S&P 500,^GSPC,2948.510009765625,-0.7803968309953113,1.5940917740094345
2020-05-22,S&P 500,^GSPC,2955.449951171875,0.2350945686812267,1.4805009206694995
2020-05-26,S&P 500,^GSPC,2991.77001953125,1.2214285021459936,1.3446591812953557
2020-05-27,S&P 500,^GSPC,3036.1298828125,1.4718447490315256,1.3107017675751689
2020-05-28,S&P 500,^GSPC,3029.72998046875,-0.21101393249196576,1.323160708737233
2020-05-29,S&P 500,^GSPC,3044.31005859375,0.48007935523077805,1.2087126452675392
2020-06-01,S&P 500,^GSPC,3055.72998046875,0.3744216478363427,1.1175433357736761
2020-06-02,S&P 500,^GSPC,3080.820068359375,0.8177307282400292,1.032774181844952
2020-06-03,S&P 500,^GSPC,3122.8701171875,1.3556670812562288,0.9996952312947737
2020-06-04,S&P 500,^GSPC,3112.35009765625,-0.3374389083608875,1.061041566009764
2020-06-05,S&P 500,^GSPC,3193.929931640625,2.587401282163704,0.9874481259820271
2020-06-08,S&P 500,^GSPC,3232.389892578125,1.196965640580494,1.36748762263731
2020-06-09,S&P 500,^GSPC,3207.179931640625,-0.7829743419721424,1.3259807025585417
2020-06-10,S&P 500,^GSPC,3190.139892578125,-0.532725573518178,1.2519500582132272
2020-06-11,S&P 500,^GSPC,3002.10009765625,-6.0752692996288715,1.165360426155547
2020-06-12,S&P 500,^GSPC,3041.31005859375,1.2976286605210774,2.679204172780601
2020-06-15,S&P 500,^GSPC,3066.590087890625,0.8277860818175498,2.4568205503438807
2020-06-16,S&P 500,^GSPC,3124.739990234375,1.8784852866710722,2.2293958018830016
2020-06-17,S&P 500,^GSPC,3113.489990234375,-0.36067962326296055,2.135682942688826
2020-06-18,S&P 500,^GSPC,3115.340087890625,0.059404340380275755,1.9290760402265867
2020-06-19,S&P 500,^GSPC,3097.739990234375,-0.5665513565674019,1.73891697166742
2020-06-22,S&P 500,^GSPC,3117.860107421875,0.6474093296658268,1.5898549280464935
2020-06-23,S&P 500,^GSPC,3131.2900390625,0.4298169191484291,1.4589407163866626
2020-06-24,S&P 500,^GSPC,3050.330078125,-2.619526559566232,1.3324271826416425
2020-06-25,S&P 500,^GSPC,3083.760009765625,1.0899827728216849,1.6175032567119698
2020-06-26,S&P 500,^GSPC,3009.050048828125,-2.4525204274830514,1.5219745853219928
2020-06-29,S&P 500,^GSPC,3053.239990234375,1.457888811353314,1.7056673762021357
2020-06-30,S&P 500,^GSPC,3100.2900390625,1.5292349435755526,1.6418742294245903
2020-07-01,S&P 500,^GSPC,3115.860107421875,0.50095639758716,1.5995192204385056
2020-07-02,S&P 500,^GSPC,3130.010009765625,0.4530970476816165,1.458861938541615
2020-07-06,S&P 500,^GSPC,3179.719970703125,1.5756930832163007,1.3334661596148008
2020-07-07,S&P 500,^GSPC,3145.320068359375,-1.0877477869643215,1.3594923042308584
2020-07-08,S&P 500,^GSPC,3169.93994140625,0.7796986263430838,1.3175035599519467
2020-07-09,S&P 500,^GSPC,3152.050048828125,-0.5659591476195658,1.2347370163584432
2020-07-10,S&P 500,^GSPC,3185.0400390625,1.0411809774444336,1.153377604532544
2020-07-13,S&P 500,^GSPC,3155.219970703125,-0.9406645216058607,1.12846175359032
2020-07-14,S&P 500,^GSPC,3197.52001953125,1.3317300582903258,1.1074601694691657
2020-07-15,S&P 500,^GSPC,3226.56005859375,0.9041056936354153,1.1389233743921792
2020-07-16,S&P 500,^GSPC,3215.570068359375,-0.3411915214114103,1.0982309642426191
2020-07-17,S&P 500,^GSPC,3224.72998046875,0.2844562587583255,1.0196311805988534
2020-07-20,S&P 500,^GSPC,3251.840087890625,0.8371797255140478,0.9441159556399635
2020-07-21,S&P 500,^GSPC,3257.300048828125,0.16776293345603932,0.929686098715547
2020-07-22,S&P 500,^GSPC,3276.02001953125,0.573063059447243,0.8629239123592113
2020-07-23,S&P 500,^GSPC,3235.659912109375,-1.2396378412246278,0.8313872704211266
2020-07-24,S&P 500,^GSPC,3215.6298828125,-0.6209640024275487,0.9333697669372416
2020-07-27,S&P 500,^GSPC,3239.409912109375,0.7367928821482295,0.9054688601042202
2020-07-28,S&P 500,^GSPC,3218.43994140625,-0.6494435418646916,0.885053921016339
2020-07-29,S&P 500,^GSPC,3258.43994140625,1.235178335174325,0.8694727199984214
2020-07-30,S&P 500,^GSPC,3246.219970703125,-0.3757301763455345,0.9396745665727082
2020-07-31,S&P 500,^GSPC,3271.1201171875,0.7641236242175609,0.8866443000894975
2020-08-03,S&P 500,^GSPC,3294.610107421875,0.7155362664359899,0.8732522584356359
2020-08-04,S&P 500,^GSPC,3306.510009765625,0.3605423026133536,0.8561031448085844
2020-08-05,S&P 500,^GSPC,3327.77001953125,0.6409160435516981,0.8081738295030547
2020-08-06,S&P 500,^GSPC,3349.159912109375,0.6407126020665288,0.793958702363992
2020-08-07,S&P 500,^GSPC,3351.280029296875,0.06328292699571136,0.7823968278863702
2020-08-10,S&P 500,^GSPC,3360.469970703125,0.27384652733921655,0.7355166916262514
2020-08-11,S&P 500,^GSPC,3333.68994140625,-0.8001055401377855,0.7016789042120029
2020-08-12,S&P 500,^GSPC,3380.35009765625,1.3899502293613253,0.749094687479147
2020-08-13,S&P 500,^GSPC,3373.429931640625,-0.20492726761567326,0.8890911674318881
2020-08-14,S&P 500,^GSPC,3372.85009765625,-0.017189739627809786,0.8328586161384713
2020-08-17,S&P 500,^GSPC,3381.989990234375,0.2706177507423746,0.7789201667788065
2020-08-18,S&P 500,^GSPC,3389.780029296875,0.2300740419816094,0.7379772073935194
2020-08-19,S&P 500,^GSPC,3374.85009765625,-0.4414123345181764,0.7016898795928089
2020-08-20,S&P 500,^GSPC,3385.510009765625,0.3153654768345504,0.6956056138471932
2020-08-21,S&P 500,^GSPC,3397.159912109375,0.34351999829738133,0.6708530345598868
2020-08-24,S&P 500,^GSPC,3431.280029296875,0.9993615364901842,0.6523720234215665
2020-08-25,S&P 500,^GSPC,3443.6201171875,0.3589899745540137,0.7333980993989362
2020-08-26,S&P 500,^GSPC,3478.72998046875,1.0144001344842835,0.7051514086010686
2020-08-27,S&P 500,^GSPC,3484.550048828125,0.16716460318093596,0.7744268899834391
2020-08-28,S&P 500,^GSPC,3508.010009765625,0.6710002849569463,0.7302965651744197
2020-08-31,S&P 500,^GSPC,3500.31005859375,-0.21973751755091087,0.7352483266317115
2020-09-01,S&P 500,^GSPC,3526.64990234375,0.7496831420706229,0.7038049870294082
2020-09-02,S&P 500,^GSPC,3580.840087890625,1.5249050143870235,0.7259833833934282
2020-09-03,S&P 500,^GSPC,3455.06005859375,-3.5757594142186377,0.9080573682326614
2020-09-04,S&P 500,^GSPC,3426.9599609375,-0.8166280754274169,1.6811933820745084
2020-09-08,S&P 500,^GSPC,3331.840087890625,-2.8148829086466876,1.5587109022559884
2020-09-09,S&P 500,^GSPC,3398.9599609375,1.9944760662180983,1.8201186589383376
2020-09-10,S&P 500,^GSPC,3339.18994140625,-1.7741245925396498,1.8188556770993294
2020-09-11,S&P 500,^GSPC,3340.969970703125,0.0532930158087197,1.7968952855813698
2020-09-14,S&P 500,^GSPC,3383.5400390625,1.26613350250242,1.6218892927109931
2020-09-15,S&P 500,^GSPC,3401.199951171875,0.5205785930499474,1.546582148499847
2020-09-16,S&P 500,^GSPC,3385.489990234375,-0.46296468921518397,1.4135804971588515
2020-09-17,S&P 500,^GSPC,3357.010009765625,-0.8447949528552101,1.2999383864293494
2020-09-18,S&P 500,^GSPC,3319.469970703125,-1.1245576947828795,1.2369066050171038
2020-09-21,S&P 500,^GSPC,3281.06005859375,-1.1638564027299125,1.2228408148744263
2020-09-22,S&P 500,^GSPC,3315.570068359375,1.0463016398377434,1.217706160514339
2020-09-23,S&P 500,^GSPC,3236.919921875,-2.40073389143749,1.1818934267435708
2020-09-24,S&P 500,^GSPC,3246.590087890625,0.2983005554629159,1.460719854703173
2020-09-25,S&P 500,^GSPC,3298.4599609375,1.585043922418805,1.328949375866122
2020-09-28,S&P 500,^GSPC,3351.60009765625,1.5982191853854744,1.357657809728358
2020-09-29,S&P 500,^GSPC,3335.469970703125,-0.4824282704444016,1.3825271374010042
2020-09-30,S&P 500,^GSPC,3363.0,0.8219842568379931,1.2742713102054057
2020-10-01,S&P 500,^GSPC,3380.800048828125,0.5278949564294422,1.2022315425480319
2020-10-02,S&P 500,^GSPC,3348.419921875,-0.962381286637104,1.1151030271955282
2020-10-05,S&P 500,^GSPC,3408.60009765625,1.7813109002901228,1.0997857381912788
2020-10-06,S&P 500,^GSPC,3360.969970703125,-1.4072064387523397,1.2256497844733394
2020-10-07,S&P 500,^GSPC,3419.43994140625,1.7247163770241158,1.2620902130663418
2020-10-08,S&P 500,^GSPC,3446.830078125,0.797821289486933,1.3331304935796968
2020-10-09,S&P 500,^GSPC,3477.139892578125,0.8755095180752903,1.249792092524033
2020-10-12,S&P 500,^GSPC,3534.219970703125,1.6282530158324704,1.1873652846970406
2020-10-13,S&P 500,^GSPC,3511.929931640625,-0.6326891629163001,1.2571556244763145
2020-10-14,S&P 500,^GSPC,3488.669921875,-0.6645172084059681,1.1784771923463926
2020-10-15,S&P 500,^GSPC,3483.340087890625,-0.15289235142130764,1.1148646927271768
2020-10-16,S&P 500,^GSPC,3483.81005859375,0.013491045663016621,1.0252562535028706
2020-10-19,S&P 500,^GSPC,3426.919921875,-1.646466351494169,0.9443024236981324
2020-10-20,S&P 500,^GSPC,3443.1201171875,0.4716195320000338,1.1075942071891716
2020-10-21,S&P 500,^GSPC,3435.56005859375,-0.2198114011569885,1.029901492713307
2020-10-22,S&P 500,^GSPC,3453.489990234375,0.5205354003491536,0.9542970060629294
2020-10-23,S&P 500,^GSPC,3465.389892578125,0.3439838320389299,0.9029696407374522
2020-10-26,S&P 500,^GSPC,3400.969970703125,-1.8764472985321135,0.8469678648809135
2020-10-27,S&P 500,^GSPC,3390.679931640625,-0.3030205350446735,1.10527632454048
2020-10-28,S&P 500,^GSPC,3271.030029296875,-3.5925542108577346,1.023471627106691
2020-10-29,S&P 500,^GSPC,3310.110107421875,1.1876524939998134,1.7389907652415253
2020-10-30,S&P 500,^GSPC,3269.9599609375,-1.22037134452615,1.6359637153296154
2020-11-02,S&P 500,^GSPC,3310.239990234375,1.2242950890591686,1.5647740078151728
2020-11-03,S&P 500,^GSPC,3369.159912109375,1.7642737684077758,1.4934617238144314
2020-11-04,S&P 500,^GSPC,3443.43994140625,2.180752565509181,1.519207685243203
2020-11-05,S&P 500,^GSPC,3510.449951171875,1.9273265776702075,1.621194060981105
2020-11-06,S&P 500,^GSPC,3509.43994140625,-0.02877565853740549,1.6492948494974662
2020-11-09,S&P 500,^GSPC,3550.5,1.1631974746343587,1.4917346468182515
2020-11-10,S&P 500,^GSPC,3545.530029296875,-0.14007752208673452,1.4246367126206143
2020-11-11,S&P 500,^GSPC,3572.659912109375,0.7622728362992603,1.2955870238959524
2020-11-12,S&P 500,^GSPC,3537.010009765625,-1.0028651547070666,1.2144055896289094
2020-11-13,S&P 500,^GSPC,3585.14990234375,1.3518546706293932,1.1864654090511555
2020-11-16,S&P 500,^GSPC,3626.909912109375,1.1580734922832292,1.2042686716976914
2020-11-17,S&P 500,^GSPC,3609.530029296875,-0.48034437846471434,1.186955453940428
2020-11-18,S&P 500,^GSPC,3567.7900390625,-1.1631210647481183,1.1054966234763006
2020-11-19,S&P 500,^GSPC,3581.8701171875,0.3938675690733362,1.1244296553626512
2020-11-20,S&P 500,^GSPC,3557.5400390625,-0.6815737372919628,1.0397399409507857
2020-11-23,S&P 500,^GSPC,3577.590087890625,0.5620108181849659,1.0005651248671468
2020-11-24,S&P 500,^GSPC,3635.409912109375,1.6032458814033035,0.9456097128511194
2020-11-25,S&P 500,^GSPC,3629.64990234375,-0.15856747555105244,1.0751842371515985
2020-11-27,S&P 500,^GSPC,3638.35009765625,0.23941110259020348,0.9910228993469543
2020-11-30,S&P 500,^GSPC,3621.6298828125,-0.4606140636973066,0.9177758684646727
2020-12-01,S&P 500,^GSPC,3662.449951171875,1.1208140661594257,0.8754451257875616
2020-12-02,S&P 500,^GSPC,3669.010009765625,0.1789564528603904,0.9217672666840141
2020-12-03,S&P 500,^GSPC,3666.719970703125,-0.062435208029398837,0.8563776251998958
2020-12-04,S&P 500,^GSPC,3699.1201171875,0.8797463715186638,0.7998252730956587
2020-12-07,S&P 500,^GSPC,3691.9599609375,-0.1937513438964089,0.8212749779933255
2020-12-08,S&P 500,^GSPC,3702.25,0.27832711701716306,0.7746859011345476
2020-12-09,S&P 500,^GSPC,3672.820068359375,-0.7980964948473002,0.7347926808482779
2020-12-10,S&P 500,^GSPC,3668.10009765625,-0.12859345277718148,0.7736791555240006
2020-12-11,S&P 500,^GSPC,3663.4599609375,-0.12657980842316618,0.73152484187912
2020-12-14,S&P 500,^GSPC,3647.489990234375,-0.43687882451468596,0.6959494692569894
2020-12-15,S&P 500,^GSPC,3694.6201171875,1.2838482022218045,0.6904700137686424
2020-12-16,S&P 500,^GSPC,3701.169921875,0.17712256203239463,0.8240206327765149
2020-12-17,S&P 500,^GSPC,3722.47998046875,0.5741142808982858,0.7726810751055256
2020-12-18,S&P 500,^GSPC,3709.409912109375,-0.3517296952148641,0.7573074907946823
2020-12-21,S&P 500,^GSPC,3694.919921875,-0.39139284869094126,0.7319989937602077
2020-12-22,S&P 500,^GSPC,3687.260009765625,-0.20752446917704503,0.7149014458694756
2020-12-23,S&P 500,^GSPC,3690.010009765625,0.0745533271818033,0.6861123372619868
2020-12-24,S&P 500,^GSPC,3703.06005859375,0.35303499794867577,0.6543315487886429
2020-12-28,S&P 500,^GSPC,3735.360107421875,0.868470753841244,0.6395521823963229
2020-12-29,S&P 500,^GSPC,3727.0400390625,-0.2229864827279826,0.698045908830632
2020-12-30,S&P 500,^GSPC,3732.0400390625,0.134064809508061,0.6730844406259152
2020-12-31,S&P 500,^GSPC,3756.070068359375,0.6418204711703623,0.6442769320835938
2021-01-04,S&P 500,^GSPC,3700.64990234375,-1.4864762712026192,0.6636604986446124
2021-01-05,S&P 500,^GSPC,3726.860107421875,0.705763138336124,0.8849694040637904
2021-01-06,S&P 500,^GSPC,3748.139892578125,0.5693603382475487,0.8644513990476873
2021-01-07,S&P 500,^GSPC,3803.7900390625,1.47382601077517,0.832278347259917
2021-01-08,S&P 500,^GSPC,3824.679931640625,0.5476837393516121,0.9658894122876803
2021-01-11,S&P 500,^GSPC,3799.610107421875,-0.6576327616620858,0.9150871274281458
2021-01-12,S&P 500,^GSPC,3801.18994140625,0.04157020305690651,0.8949899668090124
2021-01-13,S&P 500,^GSPC,3809.840087890625,0.22730563867252584,0.8317269958385909
2021-01-14,S&P 500,^GSPC,3795.5400390625,-0.376051306874281,0.7808472816015919
2021-01-15,S&P 500,^GSPC,3768.25,-0.7216000798278444,0.7536336678100579
2021-01-19,S&P 500,^GSPC,3798.909912109375,0.8103457635762368,0.7752818306413884
2021-01-20,S&P 500,^GSPC,3851.85009765625,1.3839417376511065,0.7910691321316462
2021-01-21,S&P 500,^GSPC,3853.070068359375,0.03166731613131191,0.9162503484812136
2021-01-22,S&P 500,^GSPC,3841.469970703125,-0.30151526629378367,0.8500329991311493
2021-01-25,S&P 500,^GSPC,3855.360107421875,0.3609317513017629,0.8054693709732359
2021-01-26,S&P 500,^GSPC,3849.6201171875,-0.1489943161153917,0.7655065555447093
2021-01-27,S&P 500,^GSPC,3750.77001953125,-2.6013315126100167,0.7254725279428068
2021-01-28,S&P 500,^GSPC,3787.3798828125,0.9713298778759594,1.26621097658581
2021-01-29,S&P 500,^GSPC,3714.239990234375,-1.9500377654791734,1.2123795452981143
2021-02-01,S&P 500,^GSPC,3773.860107421875,1.5924300234678057,1.36713848392696
2021-02-02,S&P 500,^GSPC,3826.31005859375,1.3802528814311543,1.3889287550447107
2021-02-03,S&P 500,^GSPC,3830.169921875,0.10082606153449802,1.3706617337494966
2021-02-04,S&P 500,^GSPC,3871.739990234375,1.0794847643921912,1.246124422444604
2021-02-05,S&P 500,^GSPC,3886.830078125,0.38899196077633036,1.2098102106497537
2021-02-08,S&P 500,^GSPC,3915.590087890625,0.7372107476289358,1.1134049332456
2021-02-09,S&P 500,^GSPC,3911.22998046875,-0.1114145421722057,1.0576600288679008
2021-02-10,S&P 500,^GSPC,3909.8798828125,-0.034524452239104164,0.9744234703955994
2021-02-11,S&P 500,^GSPC,3916.3798828125,0.1661074814588659,0.9007980289932473
2021-02-12,S&P 500,^GSPC,3934.830078125,0.46999709261612566,0.8380615272973319
2021-02-16,S&P 500,^GSPC,3932.590087890625,-0.05694345154143576,0.8010608792334011
2021-02-17,S&P 500,^GSPC,3931.330078125,-0.03204533489178374,0.7525391849934361
2021-02-18,S&P 500,^GSPC,3913.969970703125,-0.4425614227242747,0.710898459133263
2021-02-19,S&P 500,^GSPC,3906.7099609375,-0.18566190956654793,0.703161526641233
2021-02-22,S&P 500,^GSPC,3876.5,-0.7762892893710571,0.6750805087707358
2021-02-23,S&P 500,^GSPC,3881.3701171875,0.125552961152664,0.7249021567681575
2021-02-24,S&P 500,^GSPC,3925.429931640625,1.1287667670986323,0.6875432229148778
2021-02-25,S&P 500,^GSPC,3829.340087890625,-2.4783394424172656,0.7860586834560915
2021-02-26,S&P 500,^GSPC,3811.14990234375,-0.47615322937986093,1.2545320305286254
2021-03-01,S&P 500,^GSPC,3901.820068359375,2.3512173225693545,1.1632557679820794
2021-03-02,S&P 500,^GSPC,3870.2900390625,-0.8113678739508856,1.4098392018296948
2021-03-03,S&P 500,^GSPC,3819.719970703125,-1.3152335894801581,1.3260156550023359
2021-03-04,S&P 500,^GSPC,3768.469970703125,-1.3508038064390604,1.324996823513314
2021-03-05,S&P 500,^GSPC,3841.93994140625,1.9308356338710198,1.3301462938974842
2021-03-08,S&P 500,^GSPC,3821.35009765625,-0.537364322402567,1.4270094359997738
2021-03-09,S&P 500,^GSPC,3875.43994140625,1.4055400743931301,1.3166020790109247
2021-03-10,S&P 500,^GSPC,3898.81005859375,0.6012203770987767,1.3165911246609372
2021-03-11,S&P 500,^GSPC,3939.340087890625,1.0341825500656654,1.218889441930718
2021-03-12,S&P 500,^GSPC,3943.340087890625,0.10148833275316349,1.181227452429933
2021-03-15,S&P 500,^GSPC,3968.93994140625,0.6470939539413578,1.0801865172217486
2021-03-16,S&P 500,^GSPC,3962.7099609375,-0.15709169785971255,1.020657868187163
2021-03-17,S&P 500,^GSPC,3974.1201171875,0.2875244650159203,0.9438064317460322
2021-03-18,S&P 500,^GSPC,3915.4599609375,-1.4870560065947558,0.8790355972624393
2021-03-19,S&P 500,^GSPC,3913.10009765625,-0.06028856737536614,1.0241018963422324
2021-03-22,S&P 500,^GSPC,3940.590087890625,0.7000556898342225,0.9441988008189247
2021-03-23,S&P 500,^GSPC,3910.52001953125,-0.7660118119334314,0.9124622233617397
2021-03-24,S&P 500,^GSPC,3889.139892578125,-0.5482336600348248,0.907584434343896
2021-03-25,S&P 500,^GSPC,3909.52001953125,0.5226583432728305,0.8758669849022164
2021-03-26,S&P 500,^GSPC,3974.5400390625,1.649441865871637,0.8372894634086934
2021-03-29,S&P 500,^GSPC,3971.090087890625,-0.08683896263868007,1.012571893185871
2021-03-30,S&P 500,^GSPC,3958.550048828125,-0.3162829409649959,0.9347714347267363
2021-03-31,S&P 500,^GSPC,3972.889892578125,0.36159535924209507,0.8782104603292611
2021-04-01,S&P 500,^GSPC,4019.8701171875,1.175583042767414,0.8269635590572644
2021-04-05,S&P 500,^GSPC,4077.909912109375,1.43349877622434,0.8961966673540488
2021-04-06,S&P 500,^GSPC,4073.93994140625,-0.09740049407973572,1.0014472235577072
2021-04-07,S&P 500,^GSPC,4079.949951171875,0.1474145698107776,0.9254091320684754
2021-04-08,S&P 500,^GSPC,4097.169921875,0.421175094059123,0.8588259065796146
2021-04-09,S&P 500,^GSPC,4128.7998046875,0.769028813568795,0.8146023081010328
2021-04-12,S&P 500,^GSPC,4127.990234375,-0.019609807474019192,0.8159863254610464
2021-04-13,S&P 500,^GSPC,4141.58984375,0.32890718770630656,0.7645603916229479
2021-04-14,S&P 500,^GSPC,4124.66015625,-0.4096104320730376,0.7291392171761126
2021-04-15,S&P 500,^GSPC,4170.419921875,1.1033101401119794,0.7144084774164885
2021-04-16,S&P 500,^GSPC,4185.47021484375,0.3602323390516915,0.7995005019197847
2021-04-19,S&P 500,^GSPC,4163.259765625,-0.5320689893757446,0.7604470592165353
2021-04-20,S&P 500,^GSPC,4134.93994140625,-0.6825561005078029,0.7537176421706411
2021-04-21,S&P 500,^GSPC,4173.419921875,0.9263020919853204,0.769237870024603
2021-04-22,S&P 500,^GSPC,4134.97998046875,-0.9253337860554822,0.8056044439649601
2021-04-23,S&P 500,^GSPC,4180.169921875,1.08694098955322,0.8502830422247989
2021-04-26,S&P 500,^GSPC,4187.6201171875,0.17806845645829128,0.8963540638886228
2021-04-27,S&P 500,^GSPC,4186.72021484375,-0.02149189814453223,0.8345348945619517
2021-04-28,S&P 500,^GSPC,4183.18017578125,-0.08458975873963936,0.7804112537900413
2021-04-29,S&P 500,^GSPC,4211.47021484375,0.67400415367036,0.7357265205597235
2021-04-30,S&P 500,^GSPC,4181.169921875,-0.7220713417121161,0.7399673734503651
2021-05-03,S&P 500,^GSPC,4192.66015625,0.2744321649512216,0.7647736122277526
2021-05-04,S&P 500,^GSPC,4164.66015625,-0.6700737489847342,0.7262559809222471
2021-05-05,S&P 500,^GSPC,4167.58984375,0.070321644711413,0.74589439822418
2021-05-06,S&P 500,^GSPC,4201.6201171875,0.8132299498631923,0.7046128732038047
2021-05-07,S&P 500,^GSPC,4232.60009765625,0.7346291419187523,0.7368753899830967
2021-05-10,S&P 500,^GSPC,4188.43017578125,-1.04904805031385,0.7494861968032493
2021-05-11,S&P 500,^GSPC,4152.10009765625,-0.8711750141781494,0.8334019547743561
2021-05-12,S&P 500,^GSPC,4063.0400390625,-2.168278235830279,0.8618878005634816
2021-05-13,S&P 500,^GSPC,4112.5,1.2099644578093205,1.1986242815596713
2021-05-14,S&P 500,^GSPC,4173.85009765625,1.4807778563623586,1.1903922661983581
2021-05-17,S&P 500,^GSPC,4163.2900390625,-0.2533258183960996,1.2306814498528393
2021-05-18,S&P 500,^GSPC,4127.830078125,-0.8553772384033209,1.1296916511321153
2021-05-19,S&P 500,^GSPC,4115.68017578125,-0.29477518113782963,1.0966713060874338
2021-05-20,S&P 500,^GSPC,4159.1201171875,1.0499429334508648,1.01559929751672
2021-05-21,S&P 500,^GSPC,4155.85986328125,-0.07841880752526009,1.018628633160729
2021-05-24,S&P 500,^GSPC,4197.0498046875,0.9862497481215371,0.9398233057545761
2021-05-25,S&P 500,^GSPC,4188.1298828125,-0.2127545400828268,0.9483469245970857
2021-05-26,S&P 500,^GSPC,4195.990234375,0.18750575506114586,0.8838816749837517
2021-05-27,S&P 500,^GSPC,4200.8798828125,0.1164636089862725,0.8240922262281946
2021-05-28,S&P 500,^GSPC,4204.10986328125,0.07685864528870212,0.7714891018246186
2021-06-01,S&P 500,^GSPC,4202.0400390625,-0.049245475863024524,0.7263243931743182
2021-06-02,S&P 500,^GSPC,4208.1201171875,0.14458890369013488,0.6891360420989938
2021-06-03,S&P 500,^GSPC,4192.85009765625,-0.36353030560487554,0.6579241800282349
2021-06-04,S&P 500,^GSPC,4229.89013671875,0.8795303383015707,0.6519564180705326
2021-06-07,S&P 500,^GSPC,4226.52001953125,-0.07970562694215033,0.7092290635219743
2021-06-08,S&P 500,^GSPC,4227.259765625,0.01750095494408299,0.6755836597860453
2021-06-09,S&P 500,^GSPC,4219.5498046875,-0.1825532590615353,0.6455493488817707
2021-06-10,S&P 500,^GSPC,4239.18017578125,0.464145477646305,0.6272573156340192
2021-06-11,S&P 500,^GSPC,4247.43994140625,0.19465389328079397,0.6278832585047315
2021-06-14,S&P 500,^GSPC,4255.14990234375,0.18135563851373604,0.6086123818746808
2021-06-15,S&P 500,^GSPC,4246.58984375,-0.20137199542773487,0.5922667808601751
2021-06-16,S&P 500,^GSPC,4223.7001953125,-0.5404703747025508,0.5850110947305527
2021-06-17,S&P 500,^GSPC,4221.85986328125,-0.04358105436725879,0.617396988877987
2021-06-18,S&P 500,^GSPC,4166.4501953125,-1.3211355687284154,0.5982083547932485
2021-06-21,S&P 500,^GSPC,4224.7900390625,1.3905163512319518,0.7999154012955416
2021-06-22,S&P 500,^GSPC,4246.43994140625,0.5111406378990324,0.9239003473992004
2021-06-23,S&P 500,^GSPC,4241.83984375,-0.10838705186486663,0.876553926371467
2021-06-24,S&P 500,^GSPC,4266.490234375,0.5794429545916913,0.8182997099012495
2021-06-25,S&P 500,^GSPC,4280.7001953125,0.33250631646861706,0.795223856100734
2021-06-28,S&P 500,^GSPC,4290.60986328125,0.23122888604731884,0.7550932457222586
2021-06-29,S&P 500,^GSPC,4291.7998046875,0.02772977426861445,0.7161314209222044
2021-06-30,S&P 500,^GSPC,4297.5,0.13272784229076962,0.6794955270328634
2021-07-01,S&P 500,^GSPC,4319.93994140625,0.5208041432254618,0.6496003255685314
2021-07-02,S&P 500,^GSPC,4352.33984375,0.7472095894691222,0.6520266014404575
2021-07-06,S&P 500,^GSPC,4343.5400390625,-0.2023902770021735,0.6858807849162137
2021-07-07,S&P 500,^GSPC,4358.1298828125,0.3353346553662817,0.6617168939155504
2021-07-08,S&P 500,^GSPC,4320.81982421875,-0.8597881009555053,0.6442809457505725
2021-07-09,S&P 500,^GSPC,4369.5498046875,1.121482590241385,0.7185635501811123
2021-07-12,S&P 500,^GSPC,4384.6298828125,0.3445232695593603,0.8063439618251614
2021-07-13,S&P 500,^GSPC,4369.2099609375,-0.3523011181165714,0.7651886048292112
2021-07-14,S&P 500,^GSPC,4374.2998046875,0.1164256565468591,0.7385648347841256
2021-07-15,S&P 500,^GSPC,4360.02978515625,-0.32675735627449853,0.6989044991222215
2021-07-16,S&P 500,^GSPC,4327.16015625,-0.7567415006812794,0.6817568616188698
2021-07-19,S&P 500,^GSPC,4258.490234375,-1.5996781399984172,0.7263517132948409
2021-07-20,S&P 500,^GSPC,4323.06005859375,1.5048806004799076,0.9543578321492684
2021-07-21,S&P 500,^GSPC,4358.68994140625,0.8208041662143728,1.0590298351178393
2021-07-22,S&P 500,^GSPC,4367.47998046875,0.201463920924283,1.021769427210882
2021-07-23,S&P 500,^GSPC,4411.7900390625,1.00943323862559,0.9431973713415254
2021-07-26,S&P 500,^GSPC,4422.2998046875,0.237936692272811,0.9547427166066692
2021-07-27,S&P 500,^GSPC,4401.4599609375,-0.47235833821765993,0.8864815581967781
2021-07-28,S&P 500,^GSPC,4400.64013671875,-0.018627923155278836,0.8504480575367697
2021-07-29,S&P 500,^GSPC,4419.14990234375,0.41973318452726005,0.7939717242953557
2021-07-30,S&P 500,^GSPC,4395.259765625,-0.5420713608261352,0.760135375410856
2021-08-02,S&P 500,^GSPC,4387.16015625,-0.184450567006067,0.7547166745284951
2021-08-03,S&P 500,^GSPC,4423.14990234375,0.8169961338918341,0.7180969326463444
2021-08-04,S&P 500,^GSPC,4402.66015625,-0.46431506612965023,0.7478208969387732
2021-08-05,S&P 500,^GSPC,4429.10009765625,0.5987485990420538,0.7354999708214218
2021-08-06,S&P 500,^GSPC,4436.52001953125,0.1673864548529025,0.7300760428595681
2021-08-09,S&P 500,^GSPC,4432.35009765625,-0.09403502649565354,0.6928615534705971
2021-08-10,S&P 500,^GSPC,4436.75,0.09921869538640493,0.6623514428714211
2021-08-11,S&P 500,^GSPC,4442.41015625,0.12749307180150993,0.6347235544212585
2021-08-12,S&P 500,^GSPC,4460.830078125,0.41378077354785603,0.6122536491326186
2021-08-13,S&P 500,^GSPC,4468.0,0.1606016320923942,0.6107680303070001
2021-08-16,S&P 500,^GSPC,4479.7099609375,0.2617422261993241,0.5933424247125593
2021-08-17,S&P 500,^GSPC,4448.080078125,-0.7085743507136755,0.5836301777872257
2021-08-18,S&P 500,^GSPC,4400.27001953125,-1.0806652845255726,0.6452253517459113
2021-08-19,S&P 500,^GSPC,4405.7998046875,0.12559032561583194,0.7679683856525286
2021-08-20,S&P 500,^GSPC,4441.669921875,0.8108603890741861,0.7239182782877607
2021-08-23,S&P 500,^GSPC,4479.52978515625,0.8487667984411473,0.751281986983205
2021-08-24,S&P 500,^GSPC,4486.22998046875,0.1494618801961778,0.7785969240920635
2021-08-25,S&P 500,^GSPC,4496.18994140625,0.22176574032517493,0.7333991192706811
2021-08-26,S&P 500,^GSPC,4470.0,-0.5841949827603443,0.69750459228261
2021-08-27,S&P 500,^GSPC,4509.3701171875,0.87690715404527,0.7106255140808919
2021-08-30,S&P 500,^GSPC,4528.7900390625,0.4297324106874001,0.7524238351882221
2021-08-31,S&P 500,^GSPC,4522.68017578125,-0.1350026915892144,0.72643896077387
2021-09-01,S&P 500,^GSPC,4524.08984375,0.031164006095174557,0.6920326515641008
2021-09-02,S&P 500,^GSPC,4536.9501953125,0.2838605754405421,0.6592380410356036
2021-09-03,S&P 500,^GSPC,4535.43017578125,-0.033508726118114396,0.6388587060900992
2021-09-07,S&P 500,^GSPC,4520.02978515625,-0.340135245232176,0.6157134830970555
2021-09-08,S&P 500,^GSPC,4514.06982421875,-0.13194368138158552,0.6157130395417079
2021-09-09,S&P 500,^GSPC,4493.27978515625,-0.4616247150002195,0.6000467720354212
2021-09-10,S&P 500,^GSPC,4458.580078125,-0.7752552286277137,0.6176251443659211
2021-09-13,S&P 500,^GSPC,4468.72998046875,0.22739003463705387,0.6825668917708622
2021-09-14,S&P 500,^GSPC,4443.0498046875,-0.5763213966258007,0.655252288963859
2021-09-15,S&P 500,^GSPC,4480.7001953125,0.8438294222079534,0.6765734841598894
2021-09-16,S&P 500,^GSPC,4473.75,-0.1552344712765219,0.7209425860101655
2021-09-17,S&P 500,^GSPC,4432.990234375,-0.9152630275798046,0.6883417902727682
2021-09-20,S&P 500,^GSPC,4357.72998046875,-1.7123077726381553,0.7615409758364065
2021-09-21,S&P 500,^GSPC,4354.18994140625,-0.08126886585468895,1.0072017701111955
2021-09-22,S&P 500,^GSPC,4395.64013671875,0.9474585224218401,0.9299996822916348
2021-09-23,S&P 500,^GSPC,4448.97998046875,1.2061680369937378,0.9344539430956779
2021-09-24,S&P 500,^GSPC,4455.47998046875,0.14599428113637458,0.9826650668511628
2021-09-27,S&P 500,^GSPC,4443.10986328125,-0.27802439201884965,0.9081728142494069
2021-09-28,S&P 500,^GSPC,4352.6298828125,-2.0574317739892933,0.8531441818583443
2021-09-29,S&P 500,^GSPC,4359.4599609375,0.15679543362843162,1.1608349728606768
2021-09-30,S&P 500,^GSPC,4307.5400390625,-1.1981202945015923,1.0630677201502712
2021-10-01,S&P 500,^GSPC,4357.0400390625,1.1425952113334858,1.0975988964317047
2021-10-04,S&P 500,^GSPC,4300.4599609375,-1.3070952048643392,1.098765728524487
2021-10-05,S&P 500,^GSPC,4345.72021484375,1.0469517498600922,1.1454354307080905
2021-10-06,S&P 500,^GSPC,4363.5498046875,0.4094399349623856,1.122808555652524
2021-10-07,S&P 500,^GSPC,4399.759765625,0.8264039225066355,1.0391947755645077
2021-10-08,S&P 500,^GSPC,4391.33984375,-0.19155566024213755,1.006070650972907
2021-10-11,S&P 500,^GSPC,4361.18994140625,-0.6889441644339911,0.932539097265609
2021-10-12,S&P 500,^GSPC,4350.64990234375,-0.2419705686554252,0.9132541029394168
2021-10-13,S&P 500,^GSPC,4363.7998046875,0.3017955870230793,0.8553765858985588
2021-10-14,S&P 500,^GSPC,4438.259765625,1.6919162285711664,0.8042308839640585
2021-10-15,S&P 500,^GSPC,4471.3701171875,0.743252063718991,1.0020887807865893
2021-10-18,S&P 500,^GSPC,4486.4599609375,0.3369087801804227,0.9653713456046303
2021-10-19,S&P 500,^GSPC,4519.6298828125,0.7366142784235308,0.8998828796690902
2021-10-20,S&P 500,^GSPC,4536.18994140625,0.3657333598560797,0.8804701116880896
2021-10-21,S&P 500,^GSPC,4549.77978515625,0.2991393168359835,0.829134130229164
2021-10-22,S&P 500,^GSPC,4544.89990234375,-0.10731292246628499,0.7818377540902285
2021-10-25,S&P 500,^GSPC,4566.47998046875,0.47369594408532834,0.7376489792536101
2021-10-26,S&P 500,^GSPC,4574.7900390625,0.18181414322437917,0.7182307899831538
2021-10-27,S&P 500,^GSPC,4551.68017578125,-0.5064370371105298,0.6833351592246021
2021-10-28,S&P 500,^GSPC,4596.419921875,0.9781288424184353,0.6888398226284852
2021-10-29,S&P 500,^GSPC,4605.3798828125,0.19474372317169752,0.7553094457489223
2021-11-01,S&P 500,^GSPC,4613.669921875,0.17984589459025813,0.7149565597862986
2021-11-02,S&P 500,^GSPC,4630.64990234375,0.36736071203886667,0.680525732349753
2021-11-03,S&P 500,^GSPC,4660.56982421875,0.644049461288887,0.662111127739024
2021-11-04,S&P 500,^GSPC,4680.06005859375,0.4173222342817695,0.6778479505769117
2021-11-05,S&P 500,^GSPC,4697.52978515625,0.37258500452850285,0.6641037673157069
2021-11-08,S&P 500,^GSPC,4701.7001953125,0.08873940607010411,0.6490764614379643
2021-11-09,S&P 500,^GSPC,4685.25,-0.35049109263987077,0.6235510260778272
2021-11-10,S&P 500,^GSPC,4646.7099609375,-0.8259842163861109,0.6230335824042673
2021-11-11,S&P 500,^GSPC,4649.27001953125,0.05507883329887164,0.6965106397616156
2021-11-12,S&P 500,^GSPC,4682.85009765625,0.719669756412955,0.6629659909848249
2021-11-15,S&P 500,^GSPC,4682.7998046875,-0.0010739878016252646,0.6898076516416286
2021-11-16,S&P 500,^GSPC,4700.89990234375,0.3857779057126365,0.6576321830063141
2021-11-17,S&P 500,^GSPC,4688.669921875,-0.2605015482895823,0.6448864289911073
2021-11-18,S&P 500,^GSPC,4704.5400390625,0.3379064740171245,0.6320878018546328
2021-11-19,S&P 500,^GSPC,4697.9599609375,-0.13996446049873157,0.6202622249290928
2021-11-22,S&P 500,^GSPC,4682.93994140625,-0.3202258316960638,0.6041698496070523
2021-11-23,S&P 500,^GSPC,4690.7001953125,0.1655761383194232,0.6045096683628345
2021-11-24,S&P 500,^GSPC,4701.4599609375,0.22912237766679056,0.5883591491671841
2021-11-26,S&P 500,^GSPC,4594.6201171875,-2.2987011159321113,0.5777925599612965
2021-11-29,S&P 500,^GSPC,4655.27001953125,1.3113836082823127,1.0981691539658949
2021-11-30,S&P 500,^GSPC,4567.0,-1.9143381187848973,1.1280202776487516
2021-12-01,S&P 500,^GSPC,4513.0400390625,-1.188554145795706,1.2994708049032793
2021-12-02,S&P 500,^GSPC,4577.10009765625,1.4094638396057846,1.2833159788188908
2021-12-03,S&P 500,^GSPC,4538.43017578125,-0.8484455141738678,1.290745357608398
2021-12-06,S&P 500,^GSPC,4591.669921875,1.1662599309685717,1.229622566412825
2021-12-07,S&P 500,^GSPC,4686.75,2.049560318625332,1.2087518805396518
2021-12-08,S&P 500,^GSPC,4701.2099609375,0.3080535586585498,1.3654871171309577
2021-12-09,S&P 500,^GSPC,4667.4501953125,-0.7206988232523415,1.2457847274310665
2021-12-10,S&P 500,^GSPC,4712.02001953125,0.9503769118209604,1.1775530102429699
2021-12-13,S&P 500,^GSPC,4668.97021484375,-0.9178158342793452,1.1360827662490023
2021-12-14,S&P 500,^GSPC,4634.08984375,-0.7498722854624162,1.110430016149535
2021-12-15,S&P 500,^GSPC,4709.85009765625,1.6216267351891744,1.0673867096076435
2021-12-16,S&P 500,^GSPC,4668.669921875,-0.8781863311112303,1.166638404048501
2021-12-17,S&P 500,^GSPC,4620.64013671875,-1.0340964584054646,1.1301160369988228
2021-12-20,S&P 500,^GSPC,4568.02001953125,-1.1453398323256536,1.122774713011733
2021-12-21,S&P 500,^GSPC,4649.22998046875,1.762175538519628,1.1349882241834677
2021-12-22,S&P 500,^GSPC,4696.56005859375,1.0128728029126677,1.246759057102012
2021-12-23,S&P 500,^GSPC,4725.7900390625,0.6204412685251626,1.2014456118242354
2021-12-27,S&P 500,^GSPC,4791.18994140625,1.3744051573606697,1.1214477295379393
2021-12-28,S&P 500,^GSPC,4786.35009765625,-0.10106653988870562,1.1575813686616505
2021-12-29,S&P 500,^GSPC,4793.06005859375,0.1400913401857551,1.0610126096500019
2021-12-30,S&P 500,^GSPC,4778.72998046875,-0.2994233841905114,0.975940223805451
2021-12-31,S&P 500,^GSPC,4766.18017578125,-0.26296343734735217,0.9122153631899347
2022-01-03,S&P 500,^GSPC,4796.56005859375,0.6353824170387767,0.8556789833704583
2022-01-04,S&P 500,^GSPC,4793.5400390625,-0.06298202522039276,0.8321278917694288
2022-01-05,S&P 500,^GSPC,4700.580078125,-1.9583264304500858,0.7791292536585378
2022-01-06,S&P 500,^GSPC,4696.0498046875,-0.0964233740180731,1.0887623262584087
2022-01-07,S&P 500,^GSPC,4677.02978515625,-0.4058441082335662,1.0010387461104189
2022-01-10,S&P 500,^GSPC,4670.2900390625,-0.14420705375393084,0.9410075592066641
2022-01-11,S&P 500,^GSPC,4713.06982421875,0.911828645239865,0.8747423239674166
2022-01-12,S&P 500,^GSPC,4726.35009765625,0.2813792014666916,0.8851226109962553
2022-01-13,S&P 500,^GSPC,4659.02978515625,-1.4346029234399538,0.8285692478175228
2022-01-14,S&P 500,^GSPC,4662.85009765625,0.08196442695904693,0.9769670273841075
2022-01-18,S&P 500,^GSPC,4577.10986328125,-1.8559105398008313,0.9024942679492673
2022-01-19,S&P 500,^GSPC,4532.759765625,-0.9736790941460072,1.1342577258771323
2022-01-20,S&P 500,^GSPC,4482.72998046875,-1.1098742304332276,1.1169753530154003
2022-01-21,S&P 500,^GSPC,4397.93994140625,-1.909599532463524,1.124451281425755
2022-01-24,S&P 500,^GSPC,4410.1298828125,0.27679047582704897,1.2958440546523733
2022-01-25,S&P 500,^GSPC,4356.4501953125,-1.224659055686672,1.183853030212007
2022-01-26,S&P 500,^GSPC,4349.93017578125,-0.14977569258860512,1.1967529548670648
2022-01-27,S&P 500,^GSPC,4326.509765625,-0.5398635199970414,1.0964089698303805
2022-01-28,S&P 500,^GSPC,4431.85009765625,2.405596791473563,1.0333067079010114
2022-01-31,S&P 500,^GSPC,4515.5498046875,1.870982622298456,1.341845837729644
2022-02-01,S&P 500,^GSPC,4546.5400390625,0.683956034831823,1.4232267874467774
2022-02-02,S&P 500,^GSPC,4589.3798828125,0.9378400448323276,1.3171403245902222
2022-02-03,S&P 500,^GSPC,4477.43994140625,-2.469347172011993,1.2510564118957015
2022-02-04,S&P 500,^GSPC,4500.52978515625,0.5143678439862853,1.5241321190680142
2022-02-07,S&P 500,^GSPC,4483.8701171875,-0.3708580927828109,1.3936352299899295
2022-02-08,S&P 500,^GSPC,4521.5400390625,0.8366113466633962,1.2772364102172462
2022-02-09,S&P 500,^GSPC,4587.18017578125,1.4412842079265076,1.2062694802798284
2022-02-10,S&P 500,^GSPC,4504.080078125,-1.828182448505622,1.2357088299555778
2022-02-11,S&P 500,^GSPC,4418.64013671875,-1.9151682638085532,1.3559529105074426
2022-02-14,S&P 500,^GSPC,4401.669921875,-0.3847990755629027,1.46330965456569
2022-02-15,S&P 500,^GSPC,4471.06982421875,1.5643717646064204,1.3387317743563123
2022-02-16,S&P 500,^GSPC,4475.009765625,0.08808197202831991,1.3615805549289723
2022-02-17,S&P 500,^GSPC,4380.259765625,-2.1400504136936505,1.2380713914282706
2022-02-18,S&P 500,^GSPC,4348.8701171875,-0.7191961663865598,1.4309102207516855
2022-02-22,S&P 500,^GSPC,4304.759765625,-1.0194735435016256,1.3349021285360212
2022-02-23,S&P 500,^GSPC,4225.5,-1.8583735748787689,1.2878941573455776
2022-02-24,S&P 500,^GSPC,4288.7001953125,1.4846105252724229,1.400776478991437
2022-02-25,S&P 500,^GSPC,4384.64990234375,2.2126080551265304,1.397023696965389
2022-02-28,S&P 500,^GSPC,4373.93994140625,-0.24455914631271725,1.5381131774331316
2022-03-01,S&P 500,^GSPC,4306.259765625,-1.5594467786611332,1.3982519479037345
2022-03-02,S&P 500,^GSPC,4386.5400390625,1.8471046780650369,1.4246598163293858
2022-03-03,S&P 500,^GSPC,4363.490234375,-0.5268520744245109,1.4814148573819184
2022-03-04,S&P 500,^GSPC,4328.8701171875,-0.7965684543002283,1.363024269412007
2022-03-07,S&P 500,^GSPC,4201.08984375,-2.9962586814415104,1.2847540843838794
2022-03-08,S&P 500,^GSPC,4170.7001953125,-0.7260043975698238,1.6921597743580135
2022-03-09,S&P 500,^GSPC,4277.8798828125,2.537359812214035,1.5605118054061937
2022-03-10,S&P 500,^GSPC,4259.52001953125,-0.43010499202473795,1.7307444234376947
2022-03-11,S&P 500,^GSPC,4204.31005859375,-1.3046278933238398,1.575112184290799
2022-03-14,S&P 500,^GSPC,4173.10986328125,-0.7448675095533375,1.5257986374992163
2022-03-15,S&P 500,^GSPC,4262.4501953125,2.1182629724146196,1.4186108531421997
2022-03-16,S&P 500,^GSPC,4357.85986328125,2.213692164839287,1.5329520956595653
2022-03-17,S&P 500,^GSPC,4411.669921875,1.227220506870097,1.6384710633017594
2022-03-18,S&P 500,^GSPC,4463.1201171875,1.159481441188781,1.555652135475248
2022-03-21,S&P 500,^GSPC,4461.18017578125,-0.04347548543019997,1.4777686332664564
2022-03-22,S&P 500,^GSPC,4511.60986328125,1.124069955407414,1.3406511015843428
2022-03-23,S&P 500,^GSPC,4456.240234375,-1.2348630252494885,1.2938499036781475
2022-03-24,S&P 500,^GSPC,4520.16015625,1.42420122816187,1.2861016090815498
2022-03-25,S&P 500,^GSPC,4543.06005859375,0.5053380704236332,1.2954695866691468
2022-03-28,S&P 500,^GSPC,4575.52001953125,0.7119551020043247,1.194158817644583
2022-03-29,S&P 500,^GSPC,4631.60009765625,1.2182044101392009,1.1233624199070615
2022-03-30,S&P 500,^GSPC,4602.4501953125,-0.6313588999089959,1.131626017602269
2022-03-31,S&P 500,^GSPC,4530.41015625,-1.57763352268816,1.0719419525139953
2022-04-01,S&P 500,^GSPC,4545.85986328125,0.3404420961462762,1.1812932119188642
2022-04-04,S&P 500,^GSPC,4582.64013671875,0.805838253213409,1.0863981280387853
2022-04-05,S&P 500,^GSPC,4525.1201171875,-1.2631159074006248,1.0426932383778758
2022-04-06,S&P 500,^GSPC,4481.14990234375,-0.9764433912478054,1.0941853367372176
2022-04-07,S&P 500,^GSPC,4500.2099609375,0.42443655520365553,1.0850045424201644
2022-04-08,S&P 500,^GSPC,4488.27978515625,-0.2654546675552538,1.007501304587736
2022-04-11,S&P 500,^GSPC,4412.52978515625,-1.702133458469568,0.9372889901202203
2022-04-12,S&P 500,^GSPC,4397.4501953125,-0.3423300530453588,1.1167464011942698
2022-04-13,S&P 500,^GSPC,4446.58984375,1.1112603268902177,1.0356353231079558
2022-04-14,S&P 500,^GSPC,4392.58984375,-1.2218480383507924,1.0444295643289212
2022-04-18,S&P 500,^GSPC,4391.68994140625,-0.020488927240691623,1.087646354779276
2022-04-19,S&P 500,^GSPC,4462.2099609375,1.5930044749387307,0.9987683355885688
2022-04-20,S&P 500,^GSPC,4459.4501953125,-0.06186664061829106,1.1106049591925957
2022-04-21,S&P 500,^GSPC,4393.66015625,-1.4862855551310616,1.019326835071717
2022-04-22,S&P 500,^GSPC,4271.77978515625,-2.813207637736781,1.1229773809729469
2022-04-25,S&P 500,^GSPC,4296.1201171875,0.568176514411256,1.542132301986996
2022-04-26,S&P 500,^GSPC,4175.2001953125,-2.8550008928597492,1.4123920710055247
2022-04-27,S&P 500,^GSPC,4183.9599609375,0.20958490249647355,1.732901836670034
2022-04-28,S&P 500,^GSPC,4287.5,2.4445655340832317,1.566638316495609
2022-04-29,S&P 500,^GSPC,4131.93017578125,-3.6959159784695217,1.7139752300141187
2022-05-02,S&P 500,^GSPC,4155.3798828125,0.5659199293818418,2.157897740675189
2022-05-03,S&P 500,^GSPC,4175.47998046875,0.4825465075359858,1.9529121919742671
2022-05-04,S&P 500,^GSPC,4300.169921875,2.9425221557326964,1.7686593278412583
2022-05-05,S&P 500,^GSPC,4146.8701171875,-3.6300677564099715,1.9749355536427324
2022-05-06,S&P 500,^GSPC,4123.33984375,-0.5690384413952643,2.3122523938623645
2022-05-09,S&P 500,^GSPC,3991.239990234375,-3.2561519539603623,2.0935431824644444
2022-05-10,S&P 500,^GSPC,4001.050048828125,0.24548817604088669,2.304599313737652
2022-05-11,S&P 500,^GSPC,3935.179931640625,-1.660023209569772,2.073568695339906
2022-05-12,S&P 500,^GSPC,3930.080078125,-0.12968049941122217,1.9888847628988
2022-05-13,S&P 500,^GSPC,4023.889892578125,2.3589267956868554,1.793324294435186
2022-05-16,S&P 500,^GSPC,4008.010009765625,-0.3954208517722435,1.8657355409443162
2022-05-17,S&P 500,^GSPC,4088.85009765625,1.9968919581462075,1.6921948922866081
2022-05-18,S&P 500,^GSPC,3923.679931640625,-4.1233809291247425,1.7178341988478936
2022-05-19,S&P 500,^GSPC,3900.7900390625,-0.5850864777348974,2.2830451945332055
2022-05-20,S&P 500,^GSPC,3901.360107421875,0.014613109199146379,2.068568595360072
2022-05-23,S&P 500,^GSPC,3973.75,1.8384995412059624,1.8626048506329582
2022-05-24,S&P 500,^GSPC,3941.47998046875,-0.8153950903556861,1.8273607285897915
2022-05-25,S&P 500,^GSPC,3978.72998046875,0.9406385648931703,1.6848635269016727
2022-05-26,S&P 500,^GSPC,4057.840087890625,1.9688166007719943,1.5644417835163884
2022-05-27,S&P 500,^GSPC,4158.240234375,2.4441130195821614,1.6128266823361554
2022-05-31,S&P 500,^GSPC,4132.14990234375,-0.6294135193666506,1.7477508618216617
2022-06-01,S&P 500,^GSPC,4101.22998046875,-0.7510905041154814,1.6016611525834246
2022-06-02,S&P 500,^GSPC,4176.81982421875,1.8263225415545037,1.4844244429700093
2022-06-03,S&P 500,^GSPC,4108.5400390625,-1.6482405609817619,1.52362917252338
2022-06-06,S&P 500,^GSPC,4121.43017578125,0.3132489407036587,1.539305618276773
2022-06-07,S&P 500,^GSPC,4160.68017578125,0.9478331531719064,1.398433529067691
2022-06-08,S&P 500,^GSPC,4115.77001953125,-1.085262304015444,1.3207241128114104
2022-06-09,S&P 500,^GSPC,4017.820068359375,-2.4086457665156047,1.2852747782221041
2022-06-10,S&P 500,^GSPC,3900.860107421875,-2.95424148114094,1.5308936171471608
2022-06-13,S&P 500,^GSPC,3749.6298828125,-3.9539931990040245,1.8373627053162247
2022-06-14,S&P 500,^GSPC,3735.47998046875,-0.37808180394893753,2.308366353284656
2022-06-15,S&P 500,^GSPC,3789.989990234375,1.4487058836534672,2.0824258711444137
2022-06-16,S&P 500,^GSPC,3666.77001953125,-3.305220711384038,1.9573678108015893
2022-06-17,S&P 500,^GSPC,3674.840087890625,0.21984473410121552,2.2188518586722386
2022-06-21,S&P 500,^GSPC,3764.7900390625,2.418247496067316,1.99710283948673
2022-06-22,S&P 500,^GSPC,3759.889892578125,-0.13024200953584142,2.0353209136870545
2022-06-23,S&P 500,^GSPC,3795.72998046875,0.9487072485557135,1.8344670608158606
2022-06-24,S&P 500,^GSPC,3911.739990234375,3.01055397299006,1.6941823447418773
2022-06-27,S&P 500,^GSPC,3900.110107421875,-0.29774998903402405,1.9387197758137031
2022-06-28,S&P 500,^GSPC,3821.550048828125,-2.034867314949551,1.7529518216358317
2022-06-29,S&P 500,^GSPC,3818.830078125,-0.07119988201722549,1.7902273417631684
2022-06-30,S&P 500,^GSPC,3785.3798828125,-0.8797866246368358,1.6166948685117295
2022-07-01,S&P 500,^GSPC,3825.330078125,1.04985112966407,1.5092905841344628
2022-07-05,S&P 500,^GSPC,3831.389892578125,0.1582875106192816,1.4258290650420404
2022-07-06,S&P 500,^GSPC,3845.080078125,0.3566795705065573,1.2951976744944884
2022-07-07,S&P 500,^GSPC,3902.6201171875,1.48537231809307,1.1862100371093764
2022-07-08,S&P 500,^GSPC,3899.3798828125,-0.08306163961275814,1.228317864462665
2022-07-11,S&P 500,^GSPC,3854.429931640625,-1.159441766052538,1.122367408087861
2022-07-12,S&P 500,^GSPC,3818.800048828125,-0.9286868497493828,1.1370676048394448
2022-07-13,S&P 500,^GSPC,3801.780029296875,-0.4466864111815738,1.112764448594206
2022-07-14,S&P 500,^GSPC,3790.3798828125,-0.30031388127653713,1.0393880714387225
2022-07-15,S&P 500,^GSPC,3863.159912109375,1.9019231658633728,0.9666161085759583
2022-07-18,S&P 500,^GSPC,3830.85009765625,-0.8398742485836053,1.1628395584452458
2022-07-19,S&P 500,^GSPC,3936.68994140625,2.725351764373052,1.1220064266539647
2022-07-20,S&P 500,^GSPC,3959.89990234375,0.5878493941057883,1.4875019233529034
2022-07-21,S&P 500,^GSPC,3998.949951171875,0.9813066689504879,1.3660321043730614
2022-07-22,S&P 500,^GSPC,3961.6298828125,-0.9376287293813235,1.2971789214136271
2022-07-25,S&P 500,^GSPC,3966.840087890625,0.13143029733058142,1.245917145424207
2022-07-26,S&P 500,^GSPC,3921.050048828125,-1.1610342599263745,1.1370345821496441
2022-07-27,S&P 500,^GSPC,4023.610107421875,2.5820048778628646,1.1489152091958685
2022-07-28,S&P 500,^GSPC,4072.429931640625,1.2060319791912022,1.463241054308285
2022-07-29,S&P 500,^GSPC,4130.2900390625,1.4107775781754484,1.4064302916461455
2022-08-01,S&P 500,^GSPC,4118.6298828125,-0.2827076544916096,1.3896184559689737
2022-08-02,S&P 500,^GSPC,4091.18994140625,-0.6684688378872039,1.269552284923948
2022-08-03,S&P 500,^GSPC,4155.169921875,1.5517456270091046,1.1924239261283958
2022-08-04,S&P 500,^GSPC,4151.93994140625,-0.0777642449584448,1.2458042817520905
2022-08-05,S&P 500,^GSPC,4145.18994140625,-0.16270690189177373,1.1375579357197012
2022-08-08,S&P 500,^GSPC,4140.06005859375,-0.12383171221213018,1.0452840863327975
2022-08-09,S&P 500,^GSPC,4122.47021484375,-0.42577442359270634,0.964043571129637
2022-08-10,S&P 500,^GSPC,4210.240234375,2.1067158460407853,0.9112734355181559
2022-08-11,S&P 500,^GSPC,4207.27001953125,-0.07057229222020567,1.1825119882209196
2022-08-12,S&P 500,^GSPC,4280.14990234375,1.7174046951492272,1.0821377728300925
2022-08-15,S&P 500,^GSPC,4297.14013671875,0.3961684056234205,1.1985087614779664
2022-08-16,S&P 500,^GSPC,4305.2001953125,0.18739228259470053,1.1039625008447627
2022-08-17,S&P 500,^GSPC,4274.0400390625,-0.7264114867647109,1.0141403261634
2022-08-18,S&P 500,^GSPC,4283.740234375,0.22669896063849393,0.9848896439502145
2022-08-19,S&P 500,^GSPC,4228.47998046875,-1.2983928713039106,0.9120724368429174
2022-08-22,S&P 500,^GSPC,4137.990234375,-2.16323664664948,1.0042152858744517
2022-08-23,S&P 500,^GSPC,4128.72998046875,-0.22403704344373665,1.2826528780253805
2022-08-24,S&P 500,^GSPC,4140.77001953125,0.29119166987232603,1.173800496252366
2022-08-25,S&P 500,^GSPC,4199.1201171875,1.3993241836107728,1.07792196054006
2022-08-26,S&P 500,^GSPC,4057.659912109375,-3.426857631703939,1.1288503740520661
2022-08-29,S&P 500,^GSPC,4030.610107421875,-0.6688675197326077,1.736442735426606
2022-08-30,S&P 500,^GSPC,3986.159912109375,-1.108941649211559,1.5945901112106682
2022-08-31,S&P 500,^GSPC,3955.0,-0.7847738208154098,1.5159949531044856
2022-09-01,S&P 500,^GSPC,3966.85009765625,0.2991752267195835,1.4138934204876406
2022-09-02,S&P 500,^GSPC,3924.260009765625,-1.0794552570724036,1.2878995051780142
2022-09-06,S&P 500,^GSPC,3908.18994140625,-0.41034646908961747,1.2575524094898478
2022-09-07,S&P 500,^GSPC,3979.8701171875,1.8174848666170362,1.161382025343769
2022-09-08,S&P 500,^GSPC,4006.179931640625,0.6588966880441305,1.2782254320308877
2022-09-09,S&P 500,^GSPC,4067.360107421875,1.5156014981211996,1.1903849147658498
2022-09-12,S&P 500,^GSPC,4110.41015625,1.0528651483996398,1.2372713418693218
2022-09-13,S&P 500,^GSPC,3932.68994140625,-4.419916303197446,1.1988942575299117
2022-09-14,S&P 500,^GSPC,3946.010009765625,0.3381289078845384,2.101522544757704
2022-09-15,S&P 500,^GSPC,3901.35009765625,-1.1382272168150465,1.8953728725725518
2022-09-16,S&P 500,^GSPC,3873.330078125,-0.7208049775663028,1.7741359062936213
2022-09-19,S&P 500,^GSPC,3899.889892578125,0.683369772470499,1.6312012370608286
2022-09-20,S&P 500,^GSPC,3855.929931640625,-1.1336114736598901,1.4973363269021225
2022-09-21,S&P 500,^GSPC,3789.929931640625,-1.7264674098507626,1.437848569628289
2022-09-22,S&P 500,^GSPC,3757.989990234375,-0.8463293830454077,1.4867226286212885
2022-09-23,S&P 500,^GSPC,3693.22998046875,-1.7382828767329883,1.395002516581212
2022-09-26,S&P 500,^GSPC,3655.0400390625,-1.0394360890281007,1.4560896204724836
2022-09-27,S&P 500,^GSPC,3647.2900390625,-0.21226109548244665,1.3912945621270327
2022-09-28,S&P 500,^GSPC,3719.0400390625,1.9481144181153098,1.2683771757577764
2022-09-29,S&P 500,^GSPC,3640.469970703125,-2.1352794823098264,1.3851767802483417
2022-09-30,S&P 500,^GSPC,3585.6201171875,-1.5181351546209143,1.5337215871359196
2022-10-03,S&P 500,^GSPC,3678.429931640625,2.555457753092938,1.5250288349818313
2022-10-04,S&P 500,^GSPC,3790.929931640625,3.0125341416800566,1.7095672853076553
2022-10-05,S&P 500,^GSPC,3783.280029296875,-0.20199875589383964,1.9499598316992703
2022-10-06,S&P 500,^GSPC,3744.52001953125,-1.0297922911394863,1.7602720387650377
2022-10-07,S&P 500,^GSPC,3639.659912109375,-2.840319653147816,1.647304722670715
2022-10-10,S&P 500,^GSPC,3612.389892578125,-0.7520673133653233,1.8876495077998172
2022-10-11,S&P 500,^GSPC,3588.840087890625,-0.6540518412323948,1.7322381878433095
2022-10-12,S&P 500,^GSPC,3577.030029296875,-0.32961996501654767,1.5898693646036166
2022-10-13,S&P 500,^GSPC,3669.909912109375,2.5634259307631524,1.4469173781288298
2022-10-14,S&P 500,^GSPC,3583.070068359375,-2.394712074452876,1.6564089892828475
2022-10-17,S&P 500,^GSPC,3677.949951171875,2.613552455756185,1.790102656147243
2022-10-18,S&P 500,^GSPC,3719.97998046875,1.136276820708737,1.9162071067569402
2022-10-19,S&P 500,^GSPC,3695.159912109375,-0.6694455239685482,1.7819101185335524
2022-10-20,S&P 500,^GSPC,3665.780029296875,-0.7982686738765565,1.6341959927436174
2022-10-21,S&P 500,^GSPC,3752.75,2.344775986044745,1.5166055184537857
2022-10-24,S&P 500,^GSPC,3797.340087890625,1.1811940205111782,1.6550068238932505
2022-10-25,S&P 500,^GSPC,3859.110107421875,1.6135770015873518,1.5640939385918855
2022-10-26,S&P 500,^GSPC,3830.60009765625,-0.7415140398988385,1.549434300017457
2022-10-27,S&P 500,^GSPC,3807.300048828125,-0.6101185053184466,1.4386261117251322
2022-10-28,S&P 500,^GSPC,3901.06005859375,2.4328036770855377,1.3321404945896274
2022-10-31,S&P 500,^GSPC,3871.97998046875,-0.7482327030336577,1.5446110872064356
2022-11-01,S&P 500,^GSPC,3856.10009765625,-0.41096637203583697,1.4350764641530802
2022-11-02,S&P 500,^GSPC,3759.68994140625,-2.5319843737483083,1.3155284263708198
2022-11-03,S&P 500,^GSPC,3719.889892578125,-1.0642422531956797,1.5832132058637585
2022-11-04,S&P 500,^GSPC,3770.550048828125,1.3526823285562983,1.5010089621232046
2022-11-07,S&P 500,^GSPC,3806.800048828125,0.9568061679360085,1.457961986862069
2022-11-08,S&P 500,^GSPC,3828.110107421875,0.5582282828759944,1.372119490841703
2022-11-09,S&P 500,^GSPC,3748.570068359375,-2.0996784712302485,1.2639406393027597
2022-11-10,S&P 500,^GSPC,3956.3701171875,5.395251566479686,1.439092329659219
2022-11-11,S&P 500,^GSPC,3992.929931640625,0.9198312304770084,2.512715375170649
2022-11-14,S&P 500,^GSPC,3957.25,-0.8975940544917904,2.2839711698102065
2022-11-15,S&P 500,^GSPC,3991.72998046875,0.8675376414668534,2.0885003725962257
2022-11-16,S&P 500,^GSPC,3958.7900390625,-0.8286283111873516,1.9088116775159698
2022-11-17,S&P 500,^GSPC,3946.56005859375,-0.30941046442301,1.7565555546096046
2022-11-18,S&P 500,^GSPC,3965.340087890625,0.4747295648158456,1.5926752943885014
2022-11-21,S&P 500,^GSPC,3949.93994140625,-0.38912498002758866,1.4515897206844286
2022-11-22,S&P 500,^GSPC,4003.580078125,1.3488606269829617,1.3287318325402127
2022-11-23,S&P 500,^GSPC,4027.260009765625,0.5897266041737126,1.317099936162312
2022-11-25,S&P 500,^GSPC,4026.1201171875,-0.02830842622021379,1.2184961826180725
2022-11-28,S&P 500,^GSPC,3963.93994140625,-1.556469679406547,1.1129651203103328
2022-11-29,S&P 500,^GSPC,3957.6298828125,-0.1593133701623728,1.206654527852985
2022-11-30,S&P 500,^GSPC,4080.110107421875,3.0478643521295368,1.1053227264419008
2022-12-01,S&P 500,^GSPC,4076.570068359375,-0.0868009829606109,1.5741825646319723
2022-12-02,S&P 500,^GSPC,4071.699951171875,-0.11953746637622942,1.4261481129581008
2022-12-05,S&P 500,^GSPC,3998.840087890625,-1.8056249630971521,1.2964608040356989
2022-12-06,S&P 500,^GSPC,3941.260009765625,-1.4503869422986426,1.395670958794533
2022-12-07,S&P 500,^GSPC,3933.919921875,-0.18641072533824854,1.4033251702180296
2022-12-08,S&P 500,^GSPC,3963.510009765625,0.7493634413933137,1.2781118217254221
2022-12-09,S&P 500,^GSPC,3934.3798828125,-0.737671946421159,1.198298596434307
2022-12-12,S&P 500,^GSPC,3990.56005859375,1.4178307299649973,1.1393861805336736
2022-12-13,S&P 500,^GSPC,4019.64990234375,0.7263223255456808,1.1795128462094042
2022-12-14,S&P 500,^GSPC,3995.320068359375,-0.6071116623836303,1.1123353435663823
2022-12-15,S&P 500,^GSPC,3895.75,-2.52374779018254,1.0532233061278828
2022-12-16,S&P 500,^GSPC,3852.360107421875,-1.1200239946012047,1.415469910919587
2022-12-19,S&P 500,^GSPC,3817.659912109375,-0.9048328941103634,1.3681520839145456
2022-12-20,S&P 500,^GSPC,3821.6201171875,0.10368006978893618,1.3012024085603242
2022-12-21,S&P 500,^GSPC,3878.43994140625,1.4758548669055571,1.185189978188544
2022-12-22,S&P 500,^GSPC,3822.389892578125,-1.4557142498146547,1.2257398942221354
2022-12-23,S&P 500,^GSPC,3844.820068359375,0.5850952271915233,1.2712883099538164
2022-12-27,S&P 500,^GSPC,3829.25,-0.40578440346585865,1.1786585885888055
2022-12-28,S&P 500,^GSPC,3783.219970703125,-1.2093470442948728,1.0930021647766712
2022-12-29,S&P 500,^GSPC,3849.280029296875,1.7310634314993578,1.1228495610081324
2022-12-30,S&P 500,^GSPC,3839.5,-0.2543975646110752,1.2310517366377505
2023-01-03,S&P 500,^GSPC,3824.139892578125,-0.4008572481273731,1.130059888351454
2023-01-04,S&P 500,^GSPC,3852.969970703125,0.7510694562139264,1.0508752111756077
2023-01-05,S&P 500,^GSPC,3808.10009765625,-1.1713869136457333,1.006819065371615
2023-01-06,S&P 500,^GSPC,3895.080078125,2.2583835589031764,1.0493470493354762
2023-01-09,S&P 500,^GSPC,3892.090087890625,-0.07679273259917352,1.311051796272501
2023-01-10,S&P 500,^GSPC,3919.25,0.6953997970594372,1.194663516311465
2023-01-11,S&P 500,^GSPC,3969.610107421875,1.2767571192293659,1.1222328595526991
2023-01-12,S&P 500,^GSPC,3983.169921875,0.34100849120424215,1.1406971615215014
2023-01-13,S&P 500,^GSPC,3999.090087890625,0.3988892144656475,1.051208587297849
2023-01-17,S&P 500,^GSPC,3990.969970703125,-0.20325554309970073,0.9769396669264622
2023-01-18,S&P 500,^GSPC,3928.860107421875,-1.5684966977744352,0.9079777372622001
2023-01-19,S&P 500,^GSPC,3898.85009765625,-0.7667671901812056,1.0636919142701349
2023-01-20,S&P 500,^GSPC,3972.610107421875,1.8741673552352012,1.0308049987965406
2023-01-23,S&P 500,^GSPC,4019.81005859375,1.1811315951328893,1.1992161768060372
2023-01-24,S&P 500,^GSPC,4016.949951171875,-0.07117563642928815,1.1863819315749107
2023-01-25,S&P 500,^GSPC,4016.219970703125,-0.01817415734652883,1.085525677495107
2023-01-26,S&P 500,^GSPC,4060.429931640625,1.0947708029114267,0.9968991253112779
2023-01-27,S&P 500,^GSPC,4070.56005859375,0.24917340217047723,1.0111147461074914
2023-01-30,S&P 500,^GSPC,4017.77001953125,-1.305356931529289,0.9354431796148136
2023-01-31,S&P 500,^GSPC,4076.60009765625,1.4536304416418844,1.022720644142505
2023-02-01,S&P 500,^GSPC,4119.2099609375,1.0398056296885727,1.0981043004440996
2023-02-02,S&P 500,^GSPC,4179.759765625,1.4592384626853416,1.0833319251667388
2023-02-03,S&P 500,^GSPC,4136.47998046875,-1.0408592637284997,1.1446899728194708
2023-02-06,S&P 500,^GSPC,4111.080078125,-0.6159393193939877,1.1355452209373396
2023-02-07,S&P 500,^GSPC,4164.0,1.2790364037398305,1.0736937621122848
2023-02-08,S&P 500,^GSPC,4117.85986328125,-1.1142573012412171,1.1031667095883115
2023-02-09,S&P 500,^GSPC,4081.5,-0.8869009831038,1.114247569628058
2023-02-10,S&P 500,^GSPC,4090.4599609375,0.21928557092181222,1.0882783200388024
2023-02-13,S&P 500,^GSPC,4137.2900390625,1.1383569951155081,1.0013101094229635
2023-02-14,S&P 500,^GSPC,4136.1298828125,-0.028045385549368973,1.0219609725171173
2023-02-15,S&P 500,^GSPC,4147.60009765625,0.2769337533075955,0.9418372708455173
2023-02-16,S&P 500,^GSPC,4090.409912109375,-1.388468920488073,0.8768912995199113
2023-02-17,S&P 500,^GSPC,4079.090087890625,-0.2771242172283195,0.9992881421498903
2023-02-21,S&P 500,^GSPC,3997.340087890625,-2.024478397347096,0.9308860857152984
2023-02-22,S&P 500,^GSPC,3991.050048828125,-0.1574795485643321,1.1983778334407962
2023-02-23,S&P 500,^GSPC,4012.320068359375,0.5315278263237744,1.0980530989988944
2023-02-24,S&P 500,^GSPC,3970.0400390625,-1.0593464619775617,1.025988675733219
2023-02-27,S&P 500,^GSPC,3982.239990234375,0.3068292539552431,1.0441486696343205
2023-02-28,S&P 500,^GSPC,3970.14990234375,-0.3040619830947833,0.9662027570096343
2023-03-01,S&P 500,^GSPC,3951.389892578125,-0.47364642034928295,0.90418886051598
2023-03-02,S&P 500,^GSPC,3981.35009765625,0.7553593731197239,0.8653315532485577
2023-03-03,S&P 500,^GSPC,4045.639892578125,1.6018749176483382,0.8548339031366623
2023-03-06,S&P 500,^GSPC,4048.419921875,0.06869307788477386,1.0123342831708315
2023-03-07,S&P 500,^GSPC,3986.3701171875,-1.5445590479263416,0.9330389117151604
2023-03-08,S&P 500,^GSPC,3992.010009765625,0.14137941356029415,1.0751313028921365
2023-03-09,S&P 500,^GSPC,3918.320068359375,-1.8631857945480945,0.9882216412259115
2023-03-10,S&P 500,^GSPC,3861.590087890625,-1.4583969436067434,1.191825372031766
2023-03-13,S&P 500,^GSPC,3855.760009765625,-0.15109018407386543,1.2457932948058914
2023-03-14,S&P 500,^GSPC,3919.2900390625,1.6342388235363714,1.1392323637734938
2023-03-15,S&P 500,^GSPC,3891.929931640625,-0.7005363929353692,1.2223206393412485
2023-03-16,S&P 500,^GSPC,3960.280029296875,1.7409576249031389,1.1556196955559588
2023-03-17,S&P 500,^GSPC,3916.639892578125,-1.1080621273952929,1.2571779394559923
2023-03-20,S&P 500,^GSPC,3951.570068359375,0.88788696359412,1.2367395256596627
2023-03-21,S&P 500,^GSPC,4002.8701171875,1.2898647518557738,1.1778136614112928
2023-03-22,S&P 500,^GSPC,3936.969970703125,-1.6600248639841553,1.1868004877481328
2023-03-23,S&P 500,^GSPC,3948.719970703125,0.29800838691826925,1.283309323992943
2023-03-24,S&P 500,^GSPC,3970.989990234375,0.5623963084302019,1.173596921471804
2023-03-27,S&P 500,^GSPC,3977.530029296875,0.16455995637674192,1.0930041254851273
2023-03-28,S&P 500,^GSPC,3971.27001953125,-0.15750832883885124,1.0041474875864584
2023-03-29,S&P 500,^GSPC,4027.81005859375,1.4136870775047328,0.9295709360715525
2023-03-30,S&P 500,^GSPC,4050.830078125,0.5698999199482913,1.0211617378302384
2023-03-31,S&P 500,^GSPC,4109.31005859375,1.4333327782036775,0.9637155054126214
2023-04-03,S&P 500,^GSPC,4124.509765625,0.36920225658025885,1.0502877988449846
2023-04-04,S&P 500,^GSPC,4100.60009765625,-0.5813839745162142,0.9744993722097827
2023-04-05,S&P 500,^GSPC,4090.3798828125,-0.24954816571209903,0.9350176496097931
2023-04-06,S&P 500,^GSPC,4105.02001953125,0.3572773132802354,0.874361462045252
2023-04-10,S&P 500,^GSPC,4109.10986328125,0.09958070170092981,0.8234368792307589
2023-04-11,S&P 500,^GSPC,4108.93994140625,-0.004135333298194155,0.7707176341271293
2023-04-12,S&P 500,^GSPC,4091.949951171875,-0.41434563234616917,0.7258761251557119
2023-04-13,S&P 500,^GSPC,4146.22021484375,1.3175510497831056,0.7122427466599845
2023-04-14,S&P 500,^GSPC,4137.64013671875,-0.2071517584578686,0.8467627574053793
2023-04-17,S&P 500,^GSPC,4151.31982421875,0.3300703582615583,0.7969697388470696
2023-04-18,S&P 500,^GSPC,4154.8701171875,0.08548548034656989,0.7564146245270797
2023-04-19,S&P 500,^GSPC,4154.52001953125,-0.008426554794027652,0.7136155903653189
2023-04-20,S&P 500,^GSPC,4129.7900390625,-0.5970335188310472,0.6777068168138672
2023-04-21,S&P 500,^GSPC,4133.52001953125,0.09027812573005889,0.6970571128614272
2023-04-24,S&P 500,^GSPC,4137.0400390625,0.0851216778272601,0.6636369722752202
2023-04-25,S&P 500,^GSPC,4071.6298828125,-1.5937183818577338,0.6356364682213819
2023-04-26,S&P 500,^GSPC,4055.989990234375,-0.3848583503344827,0.8994309612828635
2023-04-27,S&P 500,^GSPC,4135.35009765625,1.9377193402696946,0.8534017755795129
2023-04-28,S&P 500,^GSPC,4169.47998046875,0.8219331313243927,1.0996580252200505
2023-05-01,S&P 500,^GSPC,4167.8701171875,-0.03861810485101813,1.0556185392815707
2023-05-02,S&P 500,^GSPC,4119.580078125,-1.16539066805732,0.9711714883059017
2023-05-03,S&P 500,^GSPC,4090.75,-0.7022908054892696,1.0210152970526727
2023-05-04,S&P 500,^GSPC,4061.219970703125,-0.7244913455062729,0.9875504369371408
2023-05-05,S&P 500,^GSPC,4136.25,1.8306166381879763,0.9628219551930486
2023-05-08,S&P 500,^GSPC,4138.1201171875,0.045202648488285035,1.1421736080578142
2023-05-09,S&P 500,^GSPC,4119.169921875,-0.4589938949060013,1.0458874993003875
2023-05-10,S&P 500,^GSPC,4137.64013671875,0.44739422419137753,0.9833771047907525
2023-05-11,S&P 500,^GSPC,4130.6201171875,-0.1698064889705364,0.9219925386049899
2023-05-12,S&P 500,^GSPC,4124.080078125,-0.1584561589439204,0.8594039485004191
2023-05-15,S&P 500,^GSPC,4136.27978515625,0.2953797680316228,0.8054592877145065
2023-05-16,S&P 500,^GSPC,4109.89990234375,-0.6398107681917509,0.7616199208443644
2023-05-17,S&P 500,^GSPC,4158.77001953125,1.182068862207153,0.7691047039815841
2023-05-18,S&P 500,^GSPC,4198.0498046875,0.9400723063727412,0.8554463717653347
2023-05-19,S&P 500,^GSPC,4191.97998046875,-0.14469138806756376,0.8745140412399243
2023-05-22,S&P 500,^GSPC,4192.6298828125,0.015502267980238571,0.8178031791643037
2023-05-23,S&P 500,^GSPC,4145.580078125,-1.1285468768283735,0.7657405653848841
2023-05-24,S&P 500,^GSPC,4115.240234375,-0.7345512678305965,0.8621762160901181
2023-05-25,S&P 500,^GSPC,4151.27978515625,0.8719456079012033,0.8627598914586982
2023-05-26,S&P 500,^GSPC,4205.4501953125,1.296468093164016,0.8694637521168797
2023-05-30,S&P 500,^GSPC,4205.52001953125,0.0016603130665870935,0.9523835924204653
2023-05-31,S&P 500,^GSPC,4179.830078125,-0.6127358186214238,0.8813488567747365
2023-06-01,S&P 500,^GSPC,4221.02001953125,0.980621508585422,0.8618148775659693
2023-06-02,S&P 500,^GSPC,4282.3701171875,1.4429812390106989,0.8862467296514551
2023-06-05,S&P 500,^GSPC,4273.7900390625,-0.2005591490657821,0.9964853892742842
2023-06-06,S&P 500,^GSPC,4283.85009765625,0.23511302338512508,0.9246666986917842
2023-06-07,S&P 500,^GSPC,4267.52001953125,-0.3819293926420997,0.8605459243512139
2023-06-08,S&P 500,^GSPC,4293.93017578125,0.6169571607523849,0.8205101485239074
2023-06-09,S&P 500,^GSPC,4298.85986328125,0.11474010230507758,0.8012040349448993
2023-06-12,S&P 500,^GSPC,4338.93017578125,0.9277974981754866,0.7519650260885528
2023-06-13,S&P 500,^GSPC,4369.009765625,0.6908570725908447,0.7927419373777335
2023-06-14,S&P 500,^GSPC,4372.58984375,0.0819089980126364,0.7877751989411917
2023-06-15,S&P 500,^GSPC,4425.83984375,1.2104580493589978,0.7401873484152629
2023-06-16,S&P 500,^GSPC,4409.58984375,-0.36783764677519315,0.841096402807318
2023-06-20,S&P 500,^GSPC,4388.7099609375,-0.4746353835235695,0.8030492200632938
2023-06-21,S&P 500,^GSPC,4365.68994140625,-0.5259086366924848,0.7817152339806934
2023-06-22,S&P 500,^GSPC,4381.89013671875,0.3703930387334964,0.7701538476792632
2023-06-23,S&P 500,^GSPC,4348.330078125,-0.7688288056503012,0.7365694738952769
2023-06-26,S&P 500,^GSPC,4328.81982421875,-0.44969343631322545,0.7699519963064559
2023-06-27,S&P 500,^GSPC,4378.41015625,1.1390733524182295,0.7519340635887048
2023-06-28,S&P 500,^GSPC,4376.85986328125,-0.0354139388390351,0.833974469065484
2023-06-29,S&P 500,^GSPC,4396.43994140625,0.4463568114490002,0.7801520627265358
2023-06-30,S&P 500,^GSPC,4450.3798828125,1.21943502618862,0.7508258385236435
2023-07-03,S&P 500,^GSPC,4455.58984375,0.11699930926720725,0.8505801536030795
2023-07-05,S&P 500,^GSPC,4446.81982421875,-0.19702580976126427,0.7941222773263181
2023-07-06,S&P 500,^GSPC,4411.58984375,-0.7954061175894367,0.7519097619325886
2023-07-07,S&P 500,^GSPC,4398.9501953125,-0.2869212795733489,0.7862371263960276
2023-07-10,S&P 500,^GSPC,4409.52978515625,0.24021386106269915,0.7508748241746466
2023-07-11,S&P 500,^GSPC,4439.259765625,0.6719583998254564,0.7129622965426307
2023-07-12,S&P 500,^GSPC,4472.16015625,0.7383905235389676,0.7216678697840054
2023-07-13,S&P 500,^GSPC,4510.0400390625,0.8434482989626346,0.7381407427997309
2023-07-14,S&P 500,^GSPC,4505.419921875,-0.10249321969073577,0.7676032942513354
2023-07-17,S&P 500,^GSPC,4522.7900390625,0.38479695744211284,0.7254490034446939
2023-07-18,S&P 500,^GSPC,4554.97998046875,0.7092066941428499,0.700480822680366
2023-07-19,S&P 500,^GSPC,4565.72021484375,0.2355134827233485,0.7172394915111527
2023-07-20,S&P 500,^GSPC,4534.8701171875,-0.6779827396258042,0.684539413216459
2023-07-21,S&P 500,^GSPC,4536.33984375,0.03240420146131129,0.7149828652060408
2023-07-24,S&P 500,^GSPC,4554.64013671875,0.4026038496874662,0.678509267487026
2023-07-25,S&P 500,^GSPC,4567.4599609375,0.28107195758391157,0.6633493015986447
2023-07-26,S&P 500,^GSPC,4566.75,-0.015545097867608604,0.6420838878527795
2023-07-27,S&P 500,^GSPC,4537.41015625,-0.6445393055196647,0.6180479776032486
2023-07-28,S&P 500,^GSPC,4582.22998046875,0.9829375810433305,0.6590858397617473
2023-07-31,S&P 500,^GSPC,4588.9599609375,0.14676354365690258,0.7347862302338931
2023-08-01,S&P 500,^GSPC,4576.72998046875,-0.26686453076827377,0.6963051411925321
2023-08-02,S&P 500,^GSPC,4513.39013671875,-1.393620063833545,0.6747178127083858
2023-08-03,S&P 500,^GSPC,4501.89013671875,-0.25512254502917386,0.8662925815875965
2023-08-04,S&P 500,^GSPC,4478.02978515625,-0.5314169373939137,0.8162044690308081
2023-08-07,S&P 500,^GSPC,4518.43994140625,0.8983618964856888,0.7988551937809255
2023-08-08,S&P 500,^GSPC,4499.3798828125,-0.4227205100058029,0.8235903596114382
2023-08-09,S&P 500,^GSPC,4467.7099609375,-0.7063619102046559,0.7933812969425839
2023-08-10,S&P 500,^GSPC,4468.830078125,0.02506825210808472,0.8040050483519061
2023-08-11,S&P 500,^GSPC,4464.0498046875,-0.10702648992282349,0.7539255149148163
2023-08-14,S&P 500,^GSPC,4489.72021484375,0.5734004879418109,0.7140590331239222
2023-08-15,S&P 500,^GSPC,4437.85986328125,-1.1618139396096794,0.7097850676324925
2023-08-16,S&P 500,^GSPC,4404.330078125,-0.758408179262382,0.8307867178902328
2023-08-17,S&P 500,^GSPC,4370.35986328125,-0.774281137752908,0.8414424611388736
2023-08-18,S&P 500,^GSPC,4369.7099609375,-0.014871788395787178,0.8523025808408353
2023-08-21,S&P 500,^GSPC,4399.77001953125,0.6855634859800119,0.7955090251612016
2023-08-22,S&P 500,^GSPC,4387.5498046875,-0.2781331046545432,0.7893077753655571
2023-08-23,S&P 500,^GSPC,4436.009765625,1.0984330710790857,0.7528218524268132
2023-08-24,S&P 500,^GSPC,4376.31005859375,-1.3549353984007695,0.8261679914483387
2023-08-25,S&P 500,^GSPC,4405.7099609375,0.6695501060296039,0.9561655196292393
2023-08-28,S&P 500,^GSPC,4433.31005859375,0.6245078594195874,0.9189586333346947
2023-08-29,S&P 500,^GSPC,4497.6298828125,1.4404068712057239,0.883217616512579
2023-08-30,S&P 500,^GSPC,4514.8701171875,0.3825854181192412,0.9937537339313717
2023-08-31,S&P 500,^GSPC,4507.66015625,-0.15982129743399298,0.92670623754123
2023-09-01,S&P 500,^GSPC,4515.77001953125,0.17975127655187606,0.8630467366066383
2023-09-05,S&P 500,^GSPC,4496.830078125,-0.4202997821382226,0.8060542228901555
2023-09-06,S&P 500,^GSPC,4465.47998046875,-0.6996014491431168,0.7786313885947334
2023-09-07,S&P 500,^GSPC,4451.14013671875,-0.3216433115733608,0.7913735654236382
2023-09-08,S&P 500,^GSPC,4457.490234375,0.14256060622575006,0.7577757438286111
2023-09-11,S&P 500,^GSPC,4487.4599609375,0.6700951498135765,0.7156191528382845
2023-09-12,S&P 500,^GSPC,4461.89990234375,-0.5712169023004421,0.7235062094886118
2023-09-13,S&P 500,^GSPC,4467.43994140625,0.12408621175339363,0.7292995488747558
2023-09-14,S&P 500,^GSPC,4505.10009765625,0.8394585533666898,0.691220523818935
2023-09-15,S&P 500,^GSPC,4450.31982421875,-1.223414584249305,0.7311897052336439
2023-09-18,S&P 500,^GSPC,4453.52978515625,0.07210276941744809,0.8599203141456739
2023-09-19,S&P 500,^GSPC,4443.9501953125,-0.2153327361533286,0.8016932444736549
2023-09-20,S&P 500,^GSPC,4402.2001953125,-0.9439204206291407,0.7592858116386639
2023-09-21,S&P 500,^GSPC,4330.0,-1.6536918318488247,0.8191361269147917
2023-09-22,S&P 500,^GSPC,4320.06005859375,-0.22982374027602503,1.0268684551333225
2023-09-25,S&P 500,^GSPC,4337.43994140625,0.4014994203807021,0.9521454292618544
2023-09-26,S&P 500,^GSPC,4273.52978515625,-1.4844165482264415,0.8923155837193619
2023-09-27,S&P 500,^GSPC,4274.509765625,0.022928777229402897,1.0326011044139334
2023-09-28,S&P 500,^GSPC,4299.7001953125,0.5875877143001418,0.9506244856764829
2023-09-29,S&P 500,^GSPC,4288.0498046875,-0.2713259648290389,0.9059289724842957
2023-10-02,S&P 500,^GSPC,4288.39013671875,0.007936440615274876,0.8508279649568622
2023-10-03,S&P 500,^GSPC,4229.4501953125,-1.3839395863447734,0.794010111943748
2023-10-04,S&P 500,^GSPC,4263.75,0.8077047607828902,0.941219607331687
2023-10-05,S&P 500,^GSPC,4258.18994140625,-0.13048811469964505,0.9233619755462773
2023-10-06,S&P 500,^GSPC,4308.5,1.174564209396145,0.8591185049018247
2023-10-09,S&P 500,^GSPC,4335.66015625,0.6284068119388309,0.919833021159919
2023-10-10,S&P 500,^GSPC,4358.240234375,0.5194476099985579,0.8843553489399545
2023-10-11,S&P 500,^GSPC,4376.9501953125,0.4283819500095376,0.8440945005905129
2023-10-12,S&P 500,^GSPC,4349.60986328125,-0.6266024940655868,0.8027574556914101
2023-10-13,S&P 500,^GSPC,4327.77978515625,-0.5031495660219321,0.800008676304337
2023-10-16,S&P 500,^GSPC,4373.6298828125,1.0538642302590162,0.7823800783298804
2023-10-17,S&P 500,^GSPC,4373.2001953125,-0.009824987944462293,0.839058831960538
2023-10-18,S&P 500,^GSPC,4314.60009765625,-1.349040825115111,0.784123141076989
2023-10-19,S&P 500,^GSPC,4278.0,-0.8519032328058174,0.9260277643608334
2023-10-20,S&P 500,^GSPC,4224.16015625,-1.2665149196156023,0.9313121266948367
2023-10-23,S&P 500,^GSPC,4217.0400390625,-0.1686992065435433,1.0114856680699
2023-10-24,S&P 500,^GSPC,4247.68017578125,0.7239523519629643,0.9363089050716942
2023-10-25,S&P 500,^GSPC,4186.77001953125,-1.4443434657238186,0.9087652566985658
2023-10-26,S&P 500,^GSPC,4137.22998046875,-1.1903081205584698,1.034598586018302
2023-10-27,S&P 500,^GSPC,4117.3701171875,-0.48118385786217743,1.0742008353725272
2023-10-30,S&P 500,^GSPC,4166.81982421875,1.1938474300286828,1.0092913872873084
2023-10-31,S&P 500,^GSPC,4193.7998046875,0.6454084821687189,1.0378909593307168
2023-11-01,S&P 500,^GSPC,4237.85986328125,1.0451194990192647,0.9848240945813305
2023-11-02,S&P 500,^GSPC,4317.77978515625,1.8682938934086124,0.9934225388307443
2023-11-03,S&P 500,^GSPC,4358.33984375,0.9349883544551574,1.1722800934380582
2023-11-06,S&P 500,^GSPC,4365.97998046875,0.17514577241009022,1.1297572893738952
2023-11-07,S&P 500,^GSPC,4378.3798828125,0.2836093401711537,1.036323024356448
2023-11-08,S&P 500,^GSPC,4382.77978515625,0.10044110324205491,0.9584858208575506
2023-11-09,S&P 500,^GSPC,4347.35009765625,-0.811669069906884,0.8866737002959616
2023-11-10,S&P 500,^GSPC,4415.240234375,1.549575927077207,0.8938511455702147
2023-11-13,S&P 500,^GSPC,4411.5498046875,-0.08361884413705667,1.0264270487424119
2023-11-14,S&P 500,^GSPC,4495.7001953125,1.8895370474577788,0.9466885990251249
2023-11-15,S&P 500,^GSPC,4502.8798828125,0.1595738207846864,1.1464608275842167
2023-11-16,S&P 500,^GSPC,4508.240234375,0.11897193967129738,1.0505842858635184
2023-11-17,S&P 500,^GSPC,4514.02001953125,0.1281227937178997,0.9666015789943323
2023-11-20,S&P 500,^GSPC,4547.3798828125,0.7363103793794679,0.8940131187928282
2023-11-21,S&P 500,^GSPC,4538.18994140625,-0.20229759317569318,0.8756435209876534
2023-11-22,S&P 500,^GSPC,4556.6201171875,0.40529050943138856,0.8212730445610387
2023-11-24,S&P 500,^GSPC,4559.33984375,0.059669560964437096,0.7818716659818871
2023-11-27,S&P 500,^GSPC,4550.43017578125,-0.19560693168987342,0.735059787980356
2023-11-28,S&P 500,^GSPC,4554.89013671875,0.09796385280509412,0.7022344066695824
2023-11-29,S&P 500,^GSPC,4550.580078125,-0.09466966151023826,0.6680672825091077
2023-11-30,S&P 500,^GSPC,4567.7998046875,0.3776931264994232,0.6417106995011107
2023-12-01,S&P 500,^GSPC,4594.6298828125,0.5856558953846402,0.6312593368628058
2023-12-04,S&P 500,^GSPC,4569.77978515625,-0.5423188063826245,0.6457105596881807
2023-12-05,S&P 500,^GSPC,4567.18017578125,-0.05690315939350654,0.6642179966131129
2023-12-06,S&P 500,^GSPC,4549.33984375,-0.3913851944943758,0.637332618110078
2023-12-07,S&P 500,^GSPC,4585.58984375,0.7936610684822654,0.6384092360582363
2023-12-08,S&P 500,^GSPC,4604.3701171875,0.4087134146503857,0.6835333302140574
2023-12-11,S&P 500,^GSPC,4622.43994140625,0.39168135477805066,0.6679830780667466
2023-12-12,S&P 500,^GSPC,4643.7001953125,0.4588812795692121,0.6538228740020522
2023-12-13,S&P 500,^GSPC,4707.08984375,1.3558345175020747,0.6486235468052626
2023-12-14,S&P 500,^GSPC,4719.5498046875,0.2643565185154628,0.8147223559892186
2023-12-15,S&P 500,^GSPC,4719.18994140625,-0.007625240044895065,0.7679384517279205
2023-12-18,S&P 500,^GSPC,4740.56005859375,0.4518122263400315,0.72356185319166
2023-12-19,S&P 500,^GSPC,4768.3701171875,0.584926745082015,0.704621429409446
2023-12-20,S&P 500,^GSPC,4698.35009765625,-1.479314796530673,0.7036169341935182
2023-12-21,S&P 500,^GSPC,4746.75,1.024876930727281,0.9073391394771837
2023-12-22,S&P 500,^GSPC,4754.6298828125,0.16586821527599938,0.9291762150795542
2023-12-26,S&P 500,^GSPC,4774.75,0.4222761046978718,0.8624431236696432
2023-12-27,S&P 500,^GSPC,4781.580078125,0.1429435616422836,0.8177295225851844
2023-12-28,S&P 500,^GSPC,4783.35009765625,0.03701061103278391,0.7665195093756411
2023-12-29,S&P 500,^GSPC,4769.830078125,-0.2830477036734891,0.7220294264969198
2024-01-02,S&P 500,^GSPC,4742.830078125,-0.5676660799721844,0.6971825008890498
2024-01-03,S&P 500,^GSPC,4704.81005859375,-0.8048618327197943,0.7080305052519618
2024-01-04,S&P 500,^GSPC,4688.68017578125,-0.34342716633180004,0.7547161454760244
2024-01-05,S&P 500,^GSPC,4697.240234375,0.18240216394342923,0.7291334931176713
2024-01-08,S&P 500,^GSPC,4763.5400390625,1.401594543635376,0.6925126426237714
2024-01-09,S&P 500,^GSPC,4756.5,-0.1478993852318311,0.8546368112224719
2024-01-10,S&P 500,^GSPC,4783.4501953125,0.5649980650495934,0.8009717563647517
2024-01-11,S&P 500,^GSPC,4780.240234375,-0.06712808369613299,0.7794442242071491
2024-01-12,S&P 500,^GSPC,4783.830078125,0.07506937530337154,0.7344337488713799
2024-01-16,S&P 500,^GSPC,4765.97998046875,-0.37383190523563314,0.6949600203697872
2024-01-17,S&P 500,^GSPC,4739.2099609375,-0.5632731271107971,0.6829654551234271
2024-01-18,S&P 500,^GSPC,4780.93994140625,0.8766720726242738,0.6962542185397049
2024-01-19,S&P 500,^GSPC,4839.81005859375,1.223830823254879,0.7415747137402139
2024-01-22,S&P 500,^GSPC,4850.43017578125,0.2191921187231216,0.8450587780157526
2024-01-23,S&P 500,^GSPC,4864.60009765625,0.29171153407645534,0.7919060122833071
2024-01-24,S&P 500,^GSPC,4868.5498046875,0.0811598976216743,0.7499906845873597
2024-01-25,S&P 500,^GSPC,4894.16015625,0.5246578134979529,0.7081454934228989
2024-01-26,S&P 500,^GSPC,4890.97021484375,-0.06519977554262368,0.6994321657368008
2024-01-29,S&P 500,^GSPC,4927.93017578125,0.7528365505246271,0.6669561571970833
2024-01-30,S&P 500,^GSPC,4924.97021484375,-0.06008303969800011,0.698162525702171
2024-01-31,S&P 500,^GSPC,4845.64990234375,-1.6236851740732305,0.6657562371139545
2024-02-01,S&P 500,^GSPC,4906.18994140625,1.2416286114049768,0.9253517583380754
2024-02-02,S&P 500,^GSPC,4958.60986328125,1.062777072263188,0.9826255573862137
2024-02-05,S&P 500,^GSPC,4942.81005859375,-0.31914247092839076,0.9945651087505495
2024-02-06,S&P 500,^GSPC,4954.22998046875,0.23077459317484283,0.929361974303624
2024-02-07,S&P 500,^GSPC,4995.06005859375,0.8207682594008503,0.8644258362938235
2024-02-08,S&P 500,^GSPC,4997.91015625,0.057042054009137644,0.863188455517597
2024-02-09,S&P 500,^GSPC,5026.60986328125,0.5725917128794222,0.8044424856152864
2024-02-12,S&P 500,^GSPC,5021.83984375,-0.09494041426520994,0.7831077829601761
2024-02-13,S&P 500,^GSPC,4953.169921875,-1.3768609419845035,0.7383219154036236
2024-02-14,S&P 500,^GSPC,5000.6201171875,0.9534168304217161,0.9024926783433721
2024-02-15,S&P 500,^GSPC,5029.72998046875,0.5804372674040437,0.9136110079076535
2024-02-16,S&P 500,^GSPC,5005.56982421875,-0.48150435759612975,0.8742824415555831
2024-02-20,S&P 500,^GSPC,4975.509765625,-0.6023426465818105,0.8412228262000349
2024-02-21,S&P 500,^GSPC,4981.7998046875,0.1263401495103622,0.8278487312043313
2024-02-22,S&P 500,^GSPC,5087.02978515625,2.0902888666403996,0.7748452155885558
2024-02-23,S&P 500,^GSPC,5088.7998046875,0.03478870265016809,1.0971703257888403
2024-02-26,S&P 500,^GSPC,5069.52978515625,-0.37939392446677545,1.0066926589923566
2024-02-27,S&P 500,^GSPC,5078.18017578125,0.17048955387206632,0.9438249757120659
2024-02-28,S&P 500,^GSPC,5069.759765625,-0.16595313211116292,0.8751557106386568
2024-02-29,S&P 500,^GSPC,5096.27001953125,0.521547045579851,0.8192011831936084
2024-03-01,S&P 500,^GSPC,5137.080078125,0.7975936433387787,0.7900509419853788
2024-03-04,S&P 500,^GSPC,5130.9501953125,-0.11939745749618424,0.8007148457424921
2024-03-05,S&P 500,^GSPC,5078.64990234375,-1.0245406275918967,0.7540622079889925
2024-03-06,S&P 500,^GSPC,5104.759765625,0.5127932853001838,0.8315566630557399
2024-03-07,S&P 500,^GSPC,5157.35986328125,1.0251402284984223,0.7994646094598981
2024-03-08,S&P 500,^GSPC,5123.68994140625,-0.6549922992050483,0.8464163091892305
2024-03-11,S&P 500,^GSPC,5117.93994140625,-0.11228682680286539,0.838934632268765
2024-03-12,S&P 500,^GSPC,5175.27001953125,1.1139512586668232,0.7863065290731978
2024-03-13,S&P 500,^GSPC,5165.31005859375,-0.19263840021217504,0.8538161964296291
2024-03-14,S&P 500,^GSPC,5150.47998046875,-0.28752210514948473,0.802234836703383
2024-03-15,S&P 500,^GSPC,5117.08984375,-0.6504022859738612,0.7643106262282396
2024-03-18,S&P 500,^GSPC,5149.419921875,0.6298184238481497,0.7727652022150807
2024-03-19,S&P 500,^GSPC,5178.509765625,0.5633253044342368,0.7639153835622268
2024-03-20,S&P 500,^GSPC,5224.6201171875,0.8864765516360507,0.748964217246427
2024-03-21,S&P 500,^GSPC,5241.52978515625,0.3231309094529067,0.7831983017958171
2024-03-22,S&P 500,^GSPC,5234.18017578125,-0.14031718343261446,0.7444206231667337
2024-03-25,S&P 500,^GSPC,5218.18994140625,-0.3059640382032214,0.7073524610730587
2024-03-26,S&P 500,^GSPC,5203.580078125,-0.28037219828060955,0.6869052229502737
2024-03-27,S&P 500,^GSPC,5248.490234375,0.8593595582706115,0.6680273596452
2024-03-28,S&P 500,^GSPC,5254.35009765625,0.11158627007610278,0.7173596346094416
2024-04-01,S&P 500,^GSPC,5243.77001953125,-0.2015614526957421,0.6809627708664121
2024-04-02,S&P 500,^GSPC,5205.81005859375,-0.7265388203672174,0.6575975215518426
2024-04-03,S&P 500,^GSPC,5211.490234375,0.10905275233383804,0.7028959709717211
2024-04-04,S&P 500,^GSPC,5147.2099609375,-1.2411035619262378,0.668771435221401
2024-04-05,S&P 500,^GSPC,5204.33984375,1.103805013569925,0.8227879809468358
2024-04-08,S&P 500,^GSPC,5202.39013671875,-0.037470119004190394,0.8788682814863271
2024-04-09,S&P 500,^GSPC,5209.91015625,0.14444494736345348,0.8185957075606498
2024-04-10,S&P 500,^GSPC,5160.64013671875,-0.9501981832212181,0.7672876846981549
2024-04-11,S&P 500,^GSPC,5199.06005859375,0.7417221983342159,0.8262878260671573
2024-04-12,S&P 500,^GSPC,5123.41015625,-1.4657587802247463,0.8215345104718942
2024-04-15,S&P 500,^GSPC,5061.81982421875,-1.2094195787460293,0.9799164580440392
2024-04-16,S&P 500,^GSPC,5051.41015625,-0.20586245275033832,1.0361587106786923
2024-04-17,S&P 500,^GSPC,5022.2099609375,-0.5797375076005196,0.95908006161506
2024-04-18,S&P 500,^GSPC,5011.1201171875,-0.22106017004848155,0.9220173694369916
2024-04-19,S&P 500,^GSPC,4967.22998046875,-0.879712965405588,0.8617597189093289
2024-04-22,S&P 500,^GSPC,5010.60009765625,0.8693351156837892,0.8853126436419407
2024-04-23,S&P 500,^GSPC,5070.5498046875,1.1893566567723113,0.8869933178808282
2024-04-24,S&P 500,^GSPC,5071.6298828125,0.021298737793173927,0.943592812173599
2024-04-25,S&P 500,^GSPC,5048.419921875,-0.4586934270118803,0.8736338847000727
2024-04-26,S&P 500,^GSPC,5099.9599609375,1.0157381332325244,0.8384170030871031
2024-04-29,S&P 500,^GSPC,5116.169921875,0.3173408076639461,0.8743116520026433
2024-04-30,S&P 500,^GSPC,5035.68994140625,-1.5855551118928446,0.8211289746825646
2024-05-01,S&P 500,^GSPC,5018.39013671875,-0.34413534856305716,1.0101749249033198
2024-05-02,S&P 500,^GSPC,5064.2001953125,0.9087024725083381,0.9443303793905069
2024-05-03,S&P 500,^GSPC,5127.7900390625,1.2478557659509448,0.9400313866454713
2024-05-06,S&P 500,^GSPC,5180.740234375,1.0273173691247806,0.9948980193710124
2024-05-07,S&P 500,^GSPC,5187.7001953125,0.13425282288253015,0.9985708194605205
2024-05-08,S&P 500,^GSPC,5187.669921875,-0.0005835635194628708,0.9217339850264231
2024-05-09,S&P 500,^GSPC,5214.080078125,0.5078032639108443,0.8549503653432706
2024-05-10,S&P 500,^GSPC,5222.68017578125,0.16480400801661688,0.8184777837734547
2024-05-13,S&P 500,^GSPC,5221.419921875,-0.024133317386620945,0.7676438014440499
2024-05-14,S&P 500,^GSPC,5246.68017578125,0.48261485274547766,0.7235463642724013
2024-05-15,S&P 500,^GSPC,5308.14990234375,1.1647827787300002,0.7075569388618994
2024-05-16,S&P 500,^GSPC,5297.10009765625,-0.2083837474089023,0.8080474951979731
2024-05-17,S&P 500,^GSPC,5303.27001953125,0.11640956878942177,0.7642653850159185
2024-05-20,S&P 500,^GSPC,5308.1298828125,0.09159703084904436,0.7206318413658428
2024-05-21,S&P 500,^GSPC,5321.41015625,0.2498749766893127,0.6834628214145763
2024-05-22,S&P 500,^GSPC,5307.009765625,-0.2709791209351664,0.6570506849889557
2024-05-23,S&P 500,^GSPC,5267.83984375,-0.7408162283471853,0.6428379428455211
2024-05-24,S&P 500,^GSPC,5304.72021484375,0.6976649076673169,0.694500747737528
2024-05-28,S&P 500,^GSPC,5306.0400390625,0.024877090688590897,0.7108671870604206
2024-05-29,S&P 500,^GSPC,5266.9501953125,-0.7394317215743129,0.6750815890699242
2024-05-30,S&P 500,^GSPC,5235.47998046875,-0.5992957535752907,0.7182715375239488
2024-05-31,S&P 500,^GSPC,5277.509765625,0.7995824231928239,0.7290952214053543
2024-06-03,S&P 500,^GSPC,5283.39990234375,0.11154602235343702,0.7534444853924264
2024-06-04,S&P 500,^GSPC,5291.33984375,0.15016810037842276,0.7114013408553528
2024-06-05,S&P 500,^GSPC,5354.02978515625,1.1778015849955636,0.6767162920105071
2024-06-06,S&P 500,^GSPC,5352.9599609375,-0.01998366016362496,0.7896598239123256
2024-06-07,S&P 500,^GSPC,5346.990234375,-0.11158420502788147,0.74216232067522
2024-06-10,S&P 500,^GSPC,5360.7900390625,0.2577529978241344,0.7043134829890081
2024-06-11,S&P 500,^GSPC,5375.31982421875,0.2706714855209569,0.6747930709437865
2024-06-12,S&P 500,^GSPC,5421.02978515625,0.8467720241887022,0.6509500232509151
2024-06-13,S&P 500,^GSPC,5433.740234375,0.2341911437117261,0.7023894897813863
2024-06-14,S&P 500,^GSPC,5431.60009765625,-0.039393828099854034,0.6720712264216913
2024-06-17,S&P 500,^GSPC,5473.22998046875,0.7635164372320702,0.6434528114951101
2024-06-18,S&P 500,^GSPC,5487.02978515625,0.25181541815175734,0.6821152118135229
2024-06-20,S&P 500,^GSPC,5473.169921875,-0.2529127395412445,0.6560282088495483
2024-06-21,S&P 500,^GSPC,5464.6201171875,-0.15633517188238244,0.6405972832735543
2024-06-24,S&P 500,^GSPC,5447.8701171875,-0.3069879155868094,0.6217152575490777
2024-06-25,S&P 500,^GSPC,5469.2998046875,0.3925873679182956,0.617305311586566
2024-06-26,S&P 500,^GSPC,5477.89990234375,0.15711962247202393,0.6128380355693669
2024-06-27,S&P 500,^GSPC,5482.8701171875,0.09069098567984213,0.5949397168869822
2024-06-28,S&P 500,^GSPC,5460.47998046875,-0.4092013462368982,0.5788452654236637
2024-07-01,S&P 500,^GSPC,5475.08984375,0.2671990981429673,0.5944217209919073
2024-07-02,S&P 500,^GSPC,5509.009765625,0.6176205771184939,0.5848323733358035
2024-07-03,S&P 500,^GSPC,5537.02001953125,0.5071562269533203,0.6144601509772946
2024-07-05,S&P 500,^GSPC,5567.18994140625,0.5433974360968818,0.622588919854219
2024-07-08,S&P 500,^GSPC,5572.85009765625,0.10161824764054472,0.6334221545306372
2024-07-09,S&P 500,^GSPC,5576.97998046875,0.07407974780644366,0.6107209843665732
2024-07-10,S&P 500,^GSPC,5633.91015625,1.0156314878106087,0.5916678317080541
2024-07-11,S&P 500,^GSPC,5584.5400390625,-0.8801649969266023,0.694693516876303
2024-07-12,S&P 500,^GSPC,5615.35009765625,0.550186402496422,0.7591207664127759
2024-07-15,S&P 500,^GSPC,5631.22021484375,0.2822216423354007,0.7436134678776578
2024-07-16,S&P 500,^GSPC,5667.2001953125,0.6369049971452156,0.7088993778186333
2024-07-17,S&P 500,^GSPC,5588.27001953125,-1.4025441523644488,0.7136794805965102
2024-07-18,S&P 500,^GSPC,5544.58984375,-0.7847112145350721,0.8932069765438706
2024-07-19,S&P 500,^GSPC,5505.0,-0.7165879226405991,0.89493334245929
2024-07-22,S&P 500,^GSPC,5564.41015625,1.0734217246220368,0.8864764478020098
2024-07-23,S&P 500,^GSPC,5555.740234375,-0.15593176939461273,0.921492958783719
2024-07-24,S&P 500,^GSPC,5427.1298828125,-2.3421242222893213,0.8584273917480858
2024-07-25,S&P 500,^GSPC,5399.22021484375,-0.5155889019716753,1.249391305476514
2024-07-26,S&P 500,^GSPC,5459.10009765625,1.102942040957089,1.1618067689726526
2024-07-29,S&P 500,^GSPC,5463.5400390625,0.08129795718279098,1.1442887633819712
2024-07-30,S&P 500,^GSPC,5436.43994140625,-0.49725143613663647,1.0478178030220864
2024-07-31,S&P 500,^GSPC,5522.2998046875,1.5669980701916941,0.9883028961433179
2024-08-01,S&P 500,^GSPC,5446.68017578125,-1.3788123791989904,1.097267120124162
2024-08-02,S&P 500,^GSPC,5346.56005859375,-1.8552906608553243,1.1582484336949455
2024-08-05,S&P 500,^GSPC,5186.330078125,-3.042704139239305,1.3065353048014625
2024-08-06,S&P 500,^GSPC,5240.02978515625,1.0300849493599884,1.7188337236075093
2024-08-07,S&P 500,^GSPC,5199.5,-0.7764715388770327,1.6021351551910783
2024-08-08,S&P 500,^GSPC,5319.31005859375,2.2781139590899,1.487066708693439
2024-08-09,S&P 500,^GSPC,5344.16015625,0.46607984343811637,1.618506761054876
2024-08-12,S&P 500,^GSPC,5344.39013671875,0.0043033051721153015,1.473829915585541
2024-08-13,S&P 500,^GSPC,5434.43017578125,1.6707233419049672,1.3367960938434895
2024-08-14,S&P 500,^GSPC,5455.2099609375,0.3816436561198344,1.3796987146619655
2024-08-15,S&P 500,^GSPC,5543.22021484375,1.6004489931304988,1.2610228353281787
2024-08-16,S&P 500,^GSPC,5554.25,0.19878023683954638,1.3078289475370946
2024-08-19,S&P 500,^GSPC,5608.25,0.9675327436177383,1.1923299905019757
2024-08-20,S&P 500,^GSPC,5597.1201171875,-0.19865272376087262,1.1505159493305606
2024-08-21,S&P 500,^GSPC,5620.85009765625,0.42307147210056684,1.0578006670836988
2024-08-22,S&P 500,^GSPC,5570.64013671875,-0.897294225665668,0.984044478753405
2024-08-23,S&P 500,^GSPC,5634.60986328125,1.1417937401663636,0.9845450824250067
2024-08-26,S&P 500,^GSPC,5616.83984375,-0.3158710169605783,1.0094690324077529
2024-08-27,S&P 500,^GSPC,5625.7998046875,0.15939251127239373,0.9419022105610891
2024-08-28,S&P 500,^GSPC,5592.18017578125,-0.5993900794734941,0.8732601198548721
2024-08-29,S&P 500,^GSPC,5591.9599609375,-0.003937984343771461,0.8535683331211891
2024-08-30,S&P 500,^GSPC,5648.39990234375,1.004245707914464,0.796465448605424
2024-09-03,S&P 500,^GSPC,5528.93017578125,-2.1377963372398057,0.8402901141340473
2024-09-04,S&P 500,^GSPC,5520.06982421875,-0.16038290273812095,1.1771669587325448
2024-09-05,S&P 500,^GSPC,5503.41015625,-0.30225810146742305,1.0796651706344185
2024-09-06,S&P 500,^GSPC,5408.419921875,-1.741094450742331,1.0013599358208045
2024-09-09,S&P 500,^GSPC,5471.0498046875,1.1513534435817263,1.1698418127461745
2024-09-10,S&P 500,^GSPC,5495.52001953125,0.4462699977795026,1.1581007842279714
2024-09-11,S&P 500,^GSPC,5554.1298828125,1.0608555649842089,1.071783175237941
2024-09-12,S&P 500,^GSPC,5595.759765625,0.7467352156803386,1.0652701156389508
2024-09-13,S&P 500,^GSPC,5626.02001953125,0.5393142234355608,1.018347058497546
2024-09-16,S&P 500,^GSPC,5633.08984375,0.12558408673104537,0.9587324509135492
2024-09-17,S&P 500,^GSPC,5634.580078125,0.02645150938960228,0.8871843663611141
2024-09-18,S&P 500,^GSPC,5618.259765625,-0.2900658708313131,0.825062669614973
2024-09-19,S&P 500,^GSPC,5713.64013671875,1.6834356892726277,0.7836524870588105
2024-09-20,S&P 500,^GSPC,5702.5498046875,-0.19429136300157523,0.9867148952778881
2024-09-23,S&P 500,^GSPC,5718.56982421875,0.28053344257124024,0.915991046226759
2024-09-24,S&P 500,^GSPC,5732.93017578125,0.25080311033462976,0.8549042398898882
2024-09-25,S&P 500,^GSPC,5722.259765625,-0.18629832062124763,0.8014907382717692
2024-09-26,S&P 500,^GSPC,5745.3701171875,0.4030542158199424,0.7575811068908187
2024-09-27,S&P 500,^GSPC,5738.169921875,-0.12540029000724928,0.7285350936723787
2024-09-30,S&P 500,^GSPC,5762.47998046875,0.42276036584407706,0.6933929063629011
2024-10-01,S&P 500,^GSPC,5708.75,-0.9367848694454395,0.6772799345695776
2024-10-02,S&P 500,^GSPC,5709.5400390625,0.013838132698751338,0.7580475520580304
2024-10-03,S&P 500,^GSPC,5699.93994140625,-0.16828286544594562,0.7149682080296482
2024-10-04,S&P 500,^GSPC,5751.06982421875,0.8930255699185707,0.6839921039302558
2024-10-07,S&P 500,^GSPC,5695.93994140625,-0.9632263829388421,0.7354108991948691
2024-10-08,S&P 500,^GSPC,5751.1298828125,0.9642706804694257,0.8054300263991008
2024-10-09,S&P 500,^GSPC,5792.0400390625,0.7088231016995294,0.8399349248038412
2024-10-10,S&P 500,^GSPC,5780.0498046875,-0.20722685059819668,0.8281875090008315
2024-10-11,S&P 500,^GSPC,5815.02978515625,0.6033608707298299,0.7812309168407878
2024-10-14,S&P 500,^GSPC,5859.85009765625,0.7678114574593664,0.7676083038076686
2024-10-15,S&P 500,^GSPC,5815.259765625,-0.7638566037513783,0.7785722518619692
2024-10-16,S&P 500,^GSPC,5842.47021484375,0.46682327827802794,0.8014622271465237
2024-10-17,S&P 500,^GSPC,5841.47021484375,-0.017117512853737082,0.7702925368454183
2024-10-18,S&P 500,^GSPC,5864.669921875,0.3963686942773492,0.725684208002097
2024-10-21,S&P 500,^GSPC,5853.97998046875,-0.18244327564183038,0.7015869319424505
2024-10-22,S&P 500,^GSPC,5851.2001953125,-0.047496666719659686,0.6735924837832674
2024-10-23,S&P 500,^GSPC,5797.419921875,-0.9233824267679935,0.644906643440868
2024-10-24,S&P 500,^GSPC,5809.85986328125,0.2143473130557183,0.732278034363261
2024-10-25,S&P 500,^GSPC,5808.1201171875,-0.02994920131857981,0.6962711436986849
2024-10-28,S&P 500,^GSPC,5823.52001953125,0.2647934626732962,0.6634935224383223
2024-10-29,S&P 500,^GSPC,5832.919921875,0.16128259449015303,0.6412827256661322
2024-10-30,S&P 500,^GSPC,5813.669921875,-0.3305691672489175,0.6185383384202839
2024-10-31,S&P 500,^GSPC,5705.4501953125,-1.8790134928744706,0.6170133465197284
2024-11-01,S&P 500,^GSPC,5728.7998046875,0.4084158004525662,0.9769313426013524
2024-11-04,S&P 500,^GSPC,5712.68994140625,-0.28160448131906435,0.9138956741659592
2024-11-05,S&P 500,^GSPC,5782.759765625,1.2191031029562538,0.8582306942098199
2024-11-06,S&P 500,^GSPC,5929.0400390625,2.498128095718677,0.9280992673235123
2024-11-07,S&P 500,^GSPC,5973.10009765625,0.7403754173996191,1.3066964958480711
2024-11-08,S&P 500,^GSPC,5995.5400390625,0.3749794035718068,1.2218438894547676
2024-11-11,S&P 500,^GSPC,6001.35009765625,0.09685941909562956,1.1231779128989943
2024-11-12,S&P 500,^GSPC,5983.990234375,-0.2896851476936746,1.0295162111584455
2024-11-13,S&P 500,^GSPC,5985.3798828125,0.02322007641417656,0.9575294869351342
2024-11-14,S&P 500,^GSPC,5949.169921875,-0.6068108582244491,0.885651373742439
2024-11-15,S&P 500,^GSPC,5870.6201171875,-1.3291430866793519,0.8646041114899895
2024-11-18,S&P 500,^GSPC,5893.6201171875,0.3910159746206787,0.9770337904334401
2024-11-19,S&P 500,^GSPC,5916.97998046875,0.39557505205962684,0.9129029826493356
2024-11-20,S&P 500,^GSPC,5917.10986328125,0.002195062133480974,0.8585521838845414
2024-11-21,S&P 500,^GSPC,5948.7099609375,0.532625184428781,0.8006716021611484
2024-11-22,S&P 500,^GSPC,5969.33984375,0.3461959591536612,0.7758366265313503
2024-11-25,S&P 500,^GSPC,5987.3701171875,0.3015927820126052,0.7396818025901247
2024-11-26,S&P 500,^GSPC,6021.6298828125,0.5705697155262257,0.706686005394232
2024-11-27,S&P 500,^GSPC,5998.740234375,-0.3808481083577675,0.7035279726357865
2024-11-29,S&P 500,^GSPC,6032.3798828125,0.5592120396801903,0.6906313295185027
2024-12-02,S&P 500,^GSPC,6047.14990234375,0.24454638805817552,0.6893072870383998
2024-12-03,S&P 500,^GSPC,6049.8798828125,0.045134724202178234,0.6616495266314323
2024-12-04,S&P 500,^GSPC,6086.490234375,0.603318162813693,0.6338038595695039
2024-12-05,S&P 500,^GSPC,6075.10986328125,-0.18715258393822154,0.6500956955201435
2024-12-06,S&P 500,^GSPC,6090.27001953125,0.24923453675373963,0.631268949855473
2024-12-09,S&P 500,^GSPC,6052.85009765625,-0.6163167285226478,0.6139024745524122
2024-12-10,S&P 500,^GSPC,6034.91015625,-0.29682843142797566,0.6512655207527821
2024-12-11,S&P 500,^GSPC,6084.18994140625,0.8132626411368804,0.6402811904197436
2024-12-12,S&P 500,^GSPC,6051.25,-0.5428731461464054,0.6884060100689817
2024-12-13,S&P 500,^GSPC,6051.08984375,-0.0026466989371698446,0.6976943349570819
2024-12-16,S&P 500,^GSPC,6074.080078125,0.37921550087851585,0.6642617761227648
2024-12-17,S&P 500,^GSPC,6050.60986328125,-0.3871479480656248,0.6497452834061251
2024-12-18,S&P 500,^GSPC,5872.16015625,-2.9936505304517524,0.6478636185740277
2024-12-19,S&P 500,^GSPC,5867.080078125,-0.08654867505377695,1.3703761817247877
2024-12-20,S&P 500,^GSPC,5930.85009765625,1.0810479402397988,1.2468591460672358
2024-12-23,S&P 500,^GSPC,5974.06982421875,0.7260849585616569,1.2106294039723955
2024-12-24,S&P 500,^GSPC,6040.0400390625,1.0982233165126587,1.1386962202180977
2024-12-26,S&P 500,^GSPC,6037.58984375,-0.04057410882580825,1.1248732373058181
2024-12-27,S&P 500,^GSPC,5970.83984375,-1.1117304964912478,1.0314158531319542
2024-12-30,S&P 500,^GSPC,5906.93994140625,-1.0759673941729275,1.057495573728837
2024-12-31,S&P 500,^GSPC,5881.6298828125,-0.429400645898248,1.0717472632611003
2025-01-02,S&P 500,^GSPC,5868.5498046875,-0.22263631494485736,1.0030294958779737
2025-01-03,S&P 500,^GSPC,5942.47021484375,1.2517356707824945,0.931291270093961
2025-01-06,S&P 500,^GSPC,5975.3798828125,0.5522766496818932,0.9890723873844136
2025-01-07,S&P 500,^GSPC,5909.02978515625,-1.1166021516636704,0.9350506972579663
2025-01-08,S&P 500,^GSPC,5918.25,0.15591440938305112,0.984274184104625
2025-01-10,S&P 500,^GSPC,5827.0400390625,-1.5531637650232355,0.9097444953685834
2025-01-13,S&P 500,^GSPC,5836.22021484375,0.15742043780537784,1.061157786600927
2025-01-14,S&P 500,^GSPC,5842.91015625,0.11456233341640143,0.976354984114056
2025-01-15,S&P 500,^GSPC,5949.91015625,1.8147132504516605,0.9022589148484024
2025-01-16,S&P 500,^GSPC,5937.33984375,-0.2114924340865798,1.0978446456047797
2025-01-17,S&P 500,^GSPC,5996.66015625,0.9941478308393314,1.0126304227341931
2025-01-21,S&P 500,^GSPC,6049.240234375,0.8730009440595765,1.0076097882789012
2025-01-22,S&P 500,^GSPC,6086.3701171875,0.6119181086994274,0.9862022962780214
2025-01-23,S&P 500,^GSPC,6118.7099609375,0.5299419459529275,0.938116265965912
2025-01-24,S&P 500,^GSPC,6101.240234375,-0.2859215984466701,0.8901399702639031
2025-01-27,S&P 500,^GSPC,6012.27978515625,-1.4688059032112122,0.8383306083833868
2025-01-28,S&P 500,^GSPC,6067.7001953125,0.9175644177716435,0.9919613466677607
2025-01-29,S&P 500,^GSPC,6039.31005859375,-0.46898760569202835,0.9796832287116517
2025-01-30,S&P 500,^GSPC,6071.169921875,0.5261548152180495,0.9282194583731952
2025-01-31,S&P 500,^GSPC,6040.52978515625,-0.5059603990266837,0.8814834561459908
2025-02-03,S&P 500,^GSPC,5994.56982421875,-0.7637690729495716,0.8497179594826832
2025-02-04,S&P 500,^GSPC,6037.8798828125,0.7198907403029864,0.8572212661397167
2025-02-05,S&P 500,^GSPC,6061.47998046875,0.3901053915614128,0.8436230028608764
2025-02-06,S&P 500,^GSPC,6083.56982421875,0.3637674355266185,0.7995784051639194
2025-02-07,S&P 500,^GSPC,6025.990234375,-0.9509845693660424,0.7607477584330622
2025-02-10,S&P 500,^GSPC,6066.43994140625,0.6690112295453687,0.8215987088092502
2025-02-11,S&P 500,^GSPC,6068.5,0.03395251436746349,0.8082944114647134
2025-02-12,S&P 500,^GSPC,6051.97021484375,-0.2727583189647831,0.7575446284032444
2025-02-13,S&P 500,^GSPC,6115.06982421875,1.0372313214235263,0.7259100298943448
2025-02-14,S&P 500,^GSPC,6114.6298828125,-0.0071946395573618815,0.7941383888488942
2025-02-18,S&P 500,^GSPC,6129.580078125,0.24420036555508062,0.745798951487628
2025-02-19,S&P 500,^GSPC,6144.14990234375,0.23741488668242994,0.7088712175874725
2025-02-20,S&P 500,^GSPC,6117.52001953125,-0.4343604884288865,0.6776280412629024
2025-02-21,S&P 500,^GSPC,6013.1298828125,-1.7211396672539792,0.6754702602559125
2025-02-24,S&P 500,^GSPC,5983.25,-0.4981493566251771,0.9595357050542617
2025-02-25,S&P 500,^GSPC,5955.25,-0.4690715138396584,0.9139942770248458
2025-02-26,S&P 500,^GSPC,5956.06005859375,0.013601502958415779,0.8730807053717596
2025-02-27,S&P 500,^GSPC,5861.56982421875,-1.5991742678524545,0.8130303800778054
2025-02-28,S&P 500,^GSPC,5954.5,1.572978042066353,1.0085058616000029
2025-03-03,S&P 500,^GSPC,5849.72021484375,-1.7753402648310157,1.1131682941415728
2025-03-04,S&P 500,^GSPC,5778.14990234375,-1.2310288231505595,1.255889753633172
2025-03-05,S&P 500,^GSPC,5842.6298828125,1.1097472528735608,1.2550631872605704
2025-03-06,S&P 500,^GSPC,5738.52001953125,-1.797967710745496,1.2213533232693858
2025-03-07,S&P 500,^GSPC,5770.2001953125,0.5505435045455087,1.3387757622040874
2025-03-10,S&P 500,^GSPC,5614.56005859375,-2.734354178842935,1.2345479825368475
2025-03-11,S&P 500,^GSPC,5572.06982421875,-0.759664691853601,1.5863516034925036
2025-03-12,S&P 500,^GSPC,5599.2998046875,0.48749679404913593,1.4719919218907618
2025-03-13,S&P 500,^GSPC,5521.52001953125,-1.3988366806465535,1.3466795651398962
2025-03-14,S&P 500,^GSPC,5638.93994140625,2.1042905953198243,1.3555705874922068
2025-03-17,S&P 500,^GSPC,5675.1201171875,0.6395634974605713,1.4835749377669971
2025-03-18,S&P 500,^GSPC,5614.66015625,-1.0710667074320668,1.3660739306071512
2025-03-19,S&P 500,^GSPC,5675.2900390625,1.074060817295397,1.32063646884435
2025-03-20,S&P 500,^GSPC,5662.89013671875,-0.21872835137823898,1.270657214227868
2025-03-21,S&P 500,^GSPC,5667.56005859375,0.08243136078327495,1.1631372710813404
2025-03-24,S&P 500,^GSPC,5767.56982421875,1.7492117128638185,1.0642673745915356
2025-03-25,S&P 500,^GSPC,5776.64990234375,0.15730954906540973,1.1929252038686338
2025-03-26,S&P 500,^GSPC,5712.2001953125,-1.1219640357598593,1.0910766381029677
2025-03-27,S&P 500,^GSPC,5693.31005859375,-0.3312461007132228,1.1060103779523884
2025-03-28,S&P 500,^GSPC,5580.93994140625,-1.9934601126852414,1.0257242447399035
2025-03-31,S&P 500,^GSPC,5611.85009765625,0.5523240357645065,1.25049179199508
2025-04-01,S&P 500,^GSPC,5633.06982421875,0.3774104555212432,1.158384637175506
2025-04-02,S&P 500,^GSPC,5670.97021484375,0.6705661429483811,1.0682536591494978
2025-04-03,S&P 500,^GSPC,5396.52001953125,-4.9605911828995986,1.0128632351721152
2025-04-04,S&P 500,^GSPC,5074.080078125,-6.160906189823123,2.216626710035441
2025-04-07,S&P 500,^GSPC,5062.25,-0.2334194605962736,3.191782119183863
2025-04-08,S&P 500,^GSPC,4982.77001953125,-1.5825083277055896,2.863587781365992
2025-04-09,S&P 500,^GSPC,5456.89990234375,9.089487983303712,2.651168625493572
2025-04-10,S&P 500,^GSPC,5268.0498046875,-3.522060702411167,4.340330514252526
2025-04-11,S&P 500,^GSPC,5363.35986328125,1.7930380835776916,4.141169873370322
2025-04-14,S&P 500,^GSPC,5405.97021484375,0.7913319326343426,3.773273594371198
2025-04-15,S&P 500,^GSPC,5396.6298828125,-0.17292752253013077,3.3927452776154503
2025-04-16,S&P 500,^GSPC,5275.7001953125,-2.2663253964902097,3.041698522723461
2025-04-17,S&P 500,^GSPC,5282.7001953125,0.13259586237737153,2.881537452972885
2025-04-21,S&P 500,^GSPC,5158.2001953125,-2.384964833401959,2.58532296593809
2025-04-22,S&P 500,^GSPC,5287.759765625,2.4806952125450366,2.518588207417231
2025-04-23,S&P 500,^GSPC,5375.85986328125,1.6523864366879693,2.4640131979646176
2025-04-24,S&P 500,^GSPC,5484.77001953125,2.005662808258357,2.305497427288497
2025-04-25,S&P 500,^GSPC,5525.2099609375,0.7346084795701202,2.216838619289316
2025-04-28,S&P 500,^GSPC,5528.75,0.06405015390011926,2.0130887954004417
2025-04-29,S&P 500,^GSPC,5560.830078125,0.5785641545557496,1.8133749660867449
2025-04-30,S&P 500,^GSPC,5569.06005859375,0.14788972519319543,1.6502795439673383
2025-05-01,S&P 500,^GSPC,5604.14013671875,0.6279345716452056,1.4928278657186909
2025-05-02,S&P 500,^GSPC,5686.669921875,1.4619191109114027,1.3733006420550937
2025-05-05,S&P 500,^GSPC,5650.3798828125,-0.640204702931868,1.3712712469077677
2025-05-06,S&P 500,^GSPC,5606.91015625,-0.7722985278391548,1.2767100818293673
2025-05-07,S&P 500,^GSPC,5631.27978515625,0.43369381067090984,1.209187739032838
2025-05-08,S&P 500,^GSPC,5663.93994140625,0.5783021147466982,1.1152153261711906
2025-05-09,S&P 500,^GSPC,5659.91015625,-0.07117341348763517,1.0443322370848387
2025-05-12,S&P 500,^GSPC,5844.18994140625,3.203997667701941,0.9619383674736403
2025-05-13,S&P 500,^GSPC,5886.5498046875,0.7222059020246974,1.547977822189636
2025-05-14,S&P 500,^GSPC,5892.580078125,0.10238912422764201,1.4279110272396878
2025-05-15,S&P 500,^GSPC,5916.93017578125,0.41238174387565607,1.2964547775706972
2025-05-16,S&P 500,^GSPC,5958.3798828125,0.698084936809984,1.189848928404821
2025-05-19,S&P 500,^GSPC,5963.60009765625,0.08757295660490882,1.1183918643983264
2025-05-20,S&P 500,^GSPC,5940.4599609375,-0.3887777069571996,1.025282221809542
2025-05-21,S&P 500,^GSPC,5844.60986328125,-1.626671926775991,0.9603520548185845
2025-05-22,S&P 500,^GSPC,5842.009765625,-0.044497002242138706,1.1137462221752015
2025-05-23,S&P 500,^GSPC,5802.81982421875,-0.673089959147255,1.0217835022765993
2025-05-27,S&P 500,^GSPC,5921.5400390625,2.0252580802184283,0.9846761962066052
2025-05-28,S&P 500,^GSPC,5888.5498046875,-0.5586802576445393,1.2068498294675198
2025-05-29,S&P 500,^GSPC,5912.169921875,0.4003170870632289,1.1289267810693397
2025-05-30,S&P 500,^GSPC,5911.68994140625,-0.008118845699556232,1.0439719361013955
2025-06-02,S&P 500,^GSPC,5935.93994140625,0.4093651490626016,0.9607013734328694
2025-06-03,S&P 500,^GSPC,5970.3701171875,0.5783533535369756,0.9001127632977838
2025-06-04,S&P 500,^GSPC,5970.81005859375,0.007368474471824982,0.8628223701088842
2025-06-05,S&P 500,^GSPC,5939.2998046875,-0.5291357978697064,0.8042842276460159
2025-06-06,S&P 500,^GSPC,6000.35986328125,1.0228196215376073,0.7888721105044009
2025-06-09,S&P 500,^GSPC,6005.8798828125,0.0919525186391823,0.8380066990163689
2025-06-10,S&P 500,^GSPC,6038.81005859375,0.5468012541646416,0.7830826334773412
2025-06-11,S&P 500,^GSPC,6022.240234375,-0.2747660318286549,0.7628398877342498
2025-06-12,S&P 500,^GSPC,6045.259765625,0.38151330716758025,0.7304673137027994
2025-06-13,S&P 500,^GSPC,5976.97021484375,-1.1360668590102208,0.7043812598000987
2025-06-16,S&P 500,^GSPC,6033.10986328125,0.9348823148188856,0.8210807476533634
2025-06-17,S&P 500,^GSPC,5982.72021484375,-0.8387259723644291,0.8469226446733765
2025-06-18,S&P 500,^GSPC,5980.8701171875,-0.030928803471930166,0.8669210865839565
2025-06-20,S&P 500,^GSPC,5967.83984375,-0.2181035215588878,0.8082513811682187
2025-06-23,S&P 500,^GSPC,6025.169921875,0.9560655071259916,0.7649722357095146
2025-06-24,S&P 500,^GSPC,6092.18017578125,1.106032861695816,0.8076767793521935
2025-06-25,S&P 500,^GSPC,6092.16015625,-0.0003286108348987682,0.8680399648657109
2025-06-26,S&P 500,^GSPC,6141.02001953125,0.7988131032517387,0.8088230521798173
2025-06-27,S&P 500,^GSPC,6173.06982421875,0.5205399256150045,0.8157249811113282
2025-06-30,S&P 500,^GSPC,6204.9501953125,0.5151137506128833,0.7870758728041142
2025-07-01,S&P 500,^GSPC,6198.009765625,-0.11191571098798647,0.7628877528268967
2025-07-02,S&P 500,^GSPC,6227.419921875,0.47338743064901934,0.7217920491731514
2025-07-03,S&P 500,^GSPC,6279.35009765625,0.830437821066532,0.7052182183530072
2025-07-07,S&P 500,^GSPC,6229.97998046875,-0.7893368104245013,0.740242772946479
2025-07-08,S&P 500,^GSPC,6225.52001953125,-0.07161432504698695,0.7762881966690783
2025-07-09,S&P 500,^GSPC,6263.259765625,0.6043802776780183,0.7318753380207699
2025-07-10,S&P 500,^GSPC,6280.4599609375,0.2742441072925317,0.7278521720802162
2025-07-11,S&P 500,^GSPC,6259.75,-0.33029717732251385,0.6952881729431207
2025-07-14,S&P 500,^GSPC,6268.56005859375,0.14064243309359625,0.6791138018359512
2025-07-15,S&P 500,^GSPC,6243.759765625,-0.3964145065671332,0.6494560090508845
2025-07-16,S&P 500,^GSPC,6263.7001953125,0.3188568525382962,0.6486447380186919
2025-07-17,S&P 500,^GSPC,6297.35986328125,0.5359380240012257,0.6324050680194049
2025-07-18,S&P 500,^GSPC,6296.7900390625,-0.009049030280827708,0.6402177725909263
2025-07-21,S&P 500,^GSPC,6305.60009765625,0.13981570056724735,0.6163980510743116
2025-07-22,S&P 500,^GSPC,6309.6201171875,0.0637328496667422,0.5973998241186582
2025-07-23,S&P 500,^GSPC,6358.91015625,0.7781532145703096,0.5806452285986967
2025-07-24,S&P 500,^GSPC,6363.35009765625,0.06979799969322187,0.6381979217505273
2025-07-25,S&P 500,^GSPC,6388.64013671875,0.3966451001680582,0.6143624240663933
2025-07-28,S&P 500,^GSPC,6389.77001953125,0.01768424712675909,0.6108432508040924
2025-07-29,S&P 500,^GSPC,6370.85986328125,-0.29638301974674874,0.5917983877418063
2025-07-30,S&P 500,^GSPC,6362.89990234375,-0.1250213938510214,0.5923513234775029
2025-07-31,S&P 500,^GSPC,6339.39013671875,-0.37016620463745653,0.5806251591222015
2025-08-01,S&P 500,^GSPC,6238.009765625,-1.6121387185568992,0.5911693899205906
2025-08-04,S&P 500,^GSPC,6329.93994140625,1.4629564491414726,0.8804615509968077
2025-08-05,S&P 500,^GSPC,6299.18994140625,-0.48697037804625865,0.9969288567441305
2025-08-06,S&P 500,^GSPC,6345.06005859375,0.7255522219853816,0.9443832808943857
2025-08-07,S&P 500,^GSPC,6340.0,-0.07977981718276794,0.9156034838680219
2025-08-08,S&P 500,^GSPC,6389.4501953125,0.7769454816388688,0.8509944047082314
2025-08-11,S&P 500,^GSPC,6373.4501953125,-0.25072683938844875,0.8462198495496696
2025-08-12,S&P 500,^GSPC,6445.759765625,1.1281559075170478,0.7989452116924322
2025-08-13,S&P 500,^GSPC,6466.580078125,0.32248733840454236,0.8659761691281482
2025-08-14,S&P 500,^GSPC,6468.5400390625,0.030304487855481455,0.81432187747864
2025-08-15,S&P 500,^GSPC,6449.7998046875,-0.29013399163648756,0.7626941783575202
2025-08-18,S&P 500,^GSPC,6449.14990234375,-0.01007682577363056,0.7314648035103111
2025-08-19,S&P 500,^GSPC,6411.3701171875,-0.5875329112207339,0.6927586128305958
2025-08-20,S&P 500,^GSPC,6395.77978515625,-0.243463063226379,0.7073904889852175
2025-08-21,S&P 500,^GSPC,6370.169921875,-0.40122197289509387,0.6821912956111977
2025-08-22,S&P 500,^GSPC,6466.91015625,1.5072285158778342,0.6754573052458698
2025-08-25,S&P 500,^GSPC,6439.31982421875,-0.4275512539646087,0.871583970978025
2025-08-26,S&P 500,^GSPC,6465.93994140625,0.4125473710116623,0.8337618492790277
2025-08-27,S&P 500,^GSPC,6481.39990234375,0.23881304533031056,0.7928893469014601
2025-08-28,S&P 500,^GSPC,6501.85986328125,0.31517474414659574,0.7483471771308534
2025-08-29,S&P 500,^GSPC,6460.259765625,-0.6418740402791556,0.7147324700123945
2025-09-02,S&P 500,^GSPC,6415.5400390625,-0.6946350061031836,0.7325994542558537
2025-09-03,S&P 500,^GSPC,6448.259765625,0.5087112302941676,0.7546709690513631
2025-09-04,S&P 500,^GSPC,6502.080078125,0.8311847102874026,0.7356249643979651
2025-09-05,S&P 500,^GSPC,6481.5,-0.3170172669936022,0.763631905533623
2025-09-08,S&P 500,^GSPC,6495.14990234375,0.21037644508883346,0.7343215979929119
2025-09-09,S&P 500,^GSPC,6512.60986328125,0.2684547030073148,0.697836859423008
2025-09-10,S&P 500,^GSPC,6532.0400390625,0.2979028229397329,0.6699524894680887
2025-09-11,S&P 500,^GSPC,6587.47021484375,0.8450087623094404,0.6485469243672888
2025-09-12,S&P 500,^GSPC,6584.2900390625,-0.04828778814278678,0.7002883192607171
2025-09-15,S&P 500,^GSPC,6615.27978515625,0.46955777265598186,0.6672462551978999
2025-09-16,S&P 500,^GSPC,6606.759765625,-0.12887604333311486,0.6605348166007785
2025-09-17,S&P 500,^GSPC,6600.35009765625,-0.0970639078245128,0.636836180291633
2025-09-18,S&P 500,^GSPC,6631.9599609375,0.47776878367074005,0.6159216289534781
2025-09-19,S&P 500,^GSPC,6664.35986328125,0.48735239374817496,0.620356101509776
2025-09-22,S&P 500,^GSPC,6693.75,0.4400350714762524,0.6249498529631461
2025-09-23,S&P 500,^GSPC,6656.919921875,-0.5517351828739692,0.6235292359368053
2025-09-24,S&P 500,^GSPC,6637.97021484375,-0.2850677165294968,0.6484663785034187
2025-09-25,S&P 500,^GSPC,6604.72021484375,-0.5021648742527418,0.6370013522692868
2025-09-26,S&P 500,^GSPC,6643.7001953125,0.5884489130414394,0.6518339027016534
2025-09-29,S&P 500,^GSPC,6661.2099609375,0.26320772599124354,0.6621998781131831
2025-09-30,S&P 500,^GSPC,6688.4599609375,0.40825036135085924,0.6401277601319537
2025-10-01,S&P 500,^GSPC,6711.2001953125,0.33941541712234624,0.6326666413532288
2025-10-02,S&P 500,^GSPC,6715.35009765625,0.06181636213824504,0.6208472274579055
2025-10-03,S&P 500,^GSPC,6715.7900390625,0.006551065686721813,0.5999585013955997
2025-10-06,S&P 500,^GSPC,6740.27978515625,0.3639959282761396,0.5829485719358809
2025-10-07,S&P 500,^GSPC,6714.58984375,-0.38186877068522307,0.5827481468895793
2025-10-08,S&P 500,^GSPC,6753.72021484375,0.5810748494187834,0.5941818413182083
2025-10-09,S&P 500,^GSPC,6735.10986328125,-0.2759373980278923,0.6163343246882225
2025-10-10,S&P 500,^GSPC,6552.509765625,-2.7485975439899946,0.6102055055538497
2025-10-13,S&P 500,^GSPC,6654.72021484375,1.5478263036934337,1.2686887828889957
2025-10-14,S&P 500,^GSPC,6644.31005859375,-0.15655514969434847,1.3038471428452747
2025-10-15,S&P 500,^GSPC,6671.06005859375,0.401791850342903,1.1901281660814722
2025-10-16,S&P 500,^GSPC,6629.06982421875,-0.6314280275143247,1.0969885834744038
2025-10-17,S&P 500,^GSPC,6664.009765625,0.5256873944526674,1.042799739875927
2025-10-20,S&P 500,^GSPC,6735.1298828125,1.0615724136144422,0.9784104798507341
2025-10-21,S&P 500,^GSPC,6735.35009765625,0.003269591641696934,0.9910424501644973
2025-10-22,S&P 500,^GSPC,6699.39990234375,-0.535183477474277,0.9147395020961233
2025-10-23,S&P 500,^GSPC,6738.43994140625,0.5810479862013551,0.8803838793031901
2025-10-24,S&P 500,^GSPC,6791.68994140625,0.7871361975244184,0.846683689996505
2025-10-27,S&P 500,^GSPC,6875.16015625,1.2215141327379442,0.844189205961692
2025-10-28,S&P 500,^GSPC,6890.89013671875,0.22853305022305648,0.9182538874258597
2025-10-29,S&P 500,^GSPC,6890.58984375,-0.004357920473374577,0.8548166512458197
2025-10-30,S&P 500,^GSPC,6822.33984375,-0.9954191424535352,0.7975382452497856
2025-10-31,S&P 500,^GSPC,6840.2001953125,0.2614500917884399,0.8575705680078354
2025-11-03,S&P 500,^GSPC,6851.97021484375,0.17192339969174242,0.8042066864263414
2025-11-04,S&P 500,^GSPC,6771.5498046875,-1.18062503923273,0.7556857924133286
2025-11-05,S&P 500,^GSPC,6796.2900390625,0.36468976756882654,0.8667830332295648
2025-11-06,S&P 500,^GSPC,6720.31982421875,-1.1241134514722972,0.8174713083055748
2025-11-07,S&P 500,^GSPC,6728.7998046875,0.12610463474942435,0.898372175263648
2025-11-10,S&P 500,^GSPC,6832.43017578125,1.5283626703501696,0.8352213435804466
2025-11-11,S&P 500,^GSPC,6846.60986328125,0.20731999523917466,0.9810220199965501
2025-11-12,S&P 500,^GSPC,6850.919921875,0.06293191259452158,0.9081562162025754
2025-11-13,S&P 500,^GSPC,6737.490234375,-1.669545163092856,0.8430649853594065
2025-11-14,S&P 500,^GSPC,6734.10986328125,-0.0501851471272019,1.0464009802895573
2025-11-17,S&P 500,^GSPC,6672.41015625,-0.9204497894303998,0.9633511422578919
2025-11-18,S&P 500,^GSPC,6617.31982421875,-0.8290709844169797,0.9717448830508715
2025-11-19,S&P 500,^GSPC,6642.16015625,0.3746807737265101,0.9644112608687875
2025-11-20,S&P 500,^GSPC,6538.759765625,-1.5689726116315583,0.9011429972910423
2025-11-21,S&P 500,^GSPC,6602.990234375,0.9775103041592459,1.0591573927996236
2025-11-24,S&P 500,^GSPC,6705.1201171875,1.5348818899081351,1.0427003412451792
2025-11-25,S&P 500,^GSPC,6765.8798828125,0.9020886000833173,1.1298950498107148
2025-11-26,S&P 500,^GSPC,6812.60986328125,0.6882969436150077,1.0905035162949954
2025-11-28,S&P 500,^GSPC,6849.08984375,0.5340487341136679,1.0333718896805963
2025-12-01,S&P 500,^GSPC,6812.6298828125,-0.5337548746055631,0.9710588161810381
2025-12-02,S&P 500,^GSPC,6829.3701171875,0.24542211959364124,0.9271568869312191
2025-12-03,S&P 500,^GSPC,6849.72021484375,0.29753605210860457,0.8630533791241591
2025-12-04,S&P 500,^GSPC,6857.1201171875,0.10797387119740876,0.8105406685692063
2025-12-05,S&P 500,^GSPC,6870.39990234375,0.19347688846789168,0.7598221824991496
2025-12-08,S&P 500,^GSPC,6846.509765625,-0.3483315331648029,0.7187233124028649
2025-12-09,S&P 500,^GSPC,6840.509765625,-0.08767431610134935,0.6999341826324091
2025-12-10,S&P 500,^GSPC,6886.68017578125,0.6726880659140733,0.6680505388939358
2025-12-11,S&P 500,^GSPC,6901.0,0.20771919837176966,0.6866017152817281
2025-12-12,S&P 500,^GSPC,6827.41015625,-1.072091345855597,0.6577925482816577
2025-12-15,S&P 500,^GSPC,6816.509765625,-0.15978388918362896,0.7744324505251509
2025-12-16,S&P 500,^GSPC,6800.259765625,-0.23867640084400676,0.7334779880018154
2025-12-17,S&P 500,^GSPC,6721.43017578125,-1.1659856611370145,0.703531079686707
2025-12-18,S&P 500,^GSPC,6774.759765625,0.7902951520478041,0.8275127544126663
2025-12-19,S&P 500,^GSPC,6834.5,0.8779407421830143,0.8293246005258897
2025-12-22,S&P 500,^GSPC,6878.490234375,0.6415870575560589,0.8440300347270583
2025-12-23,S&P 500,^GSPC,6909.7900390625,0.4540067046789886,0.8232901444582363
2025-12-24,S&P 500,^GSPC,6932.0498046875,0.321630434470066,0.7873799189705448
2025-12-26,S&P 500,^GSPC,6929.93994140625,-0.03044098771098902,0.7478461477314707
2025-12-29,S&P 500,^GSPC,6905.740234375,-0.3498162923936121,0.7069036780340351
2025-12-30,S&P 500,^GSPC,6896.240234375,-0.13766142506543844,0.6903924867906325
2025-12-31,S&P 500,^GSPC,6845.5,-0.7384867434248932,0.6620296602584976
2026-01-02,S&P 500,^GSPC,6858.47021484375,0.18929140261167987,0.7083347168691614
2026-01-05,S&P 500,^GSPC,6902.0498046875,0.6334024511051695,0.6752816460933863
2026-01-06,S&P 500,^GSPC,6944.81982421875,0.6177592003892229,0.6866703383124763
2026-01-07,S&P 500,^GSPC,6920.93017578125,-0.34458535710086835,0.6935341761259113
2026-01-08,S&P 500,^GSPC,6921.4599609375,0.007654532942247272,0.6789877329843794
2026-01-09,S&P 500,^GSPC,6966.27978515625,0.6454611138320132,0.6484812971780431
2026-01-12,S&P 500,^GSPC,6977.27001953125,0.15763900591814206,0.6674463858673013
2026-01-13,S&P 500,^GSPC,6963.740234375,-0.1941005588207645,0.6401578541420395
2026-01-14,S&P 500,^GSPC,6926.60009765625,-0.5347633584134925,0.6235343273167444
2026-01-15,S&P 500,^GSPC,6944.47021484375,0.25766039204437874,0.6459727034975675
2026-01-16,S&P 500,^GSPC,6940.009765625,-0.06425086684505033,0.6264437083953319
2026-01-20,S&P 500,^GSPC,6796.85986328125,-2.0842460953261366,0.6062316863983007
2026-01-21,S&P 500,^GSPC,6875.6201171875,1.1521117633559896,1.0383141804793143
2026-01-22,S&P 500,^GSPC,6913.35009765625,0.5472500707902839,1.053346836305032
2026-01-23,S&P 500,^GSPC,6915.60986328125,0.03268164274814467,0.9891094509958067
2026-01-26,S&P 500,^GSPC,6950.22998046875,0.4993594260159995,0.9129123032363093
2026-01-27,S&P 500,^GSPC,6978.60009765625,0.4073587840441206,0.8663098369948922
2026-01-28,S&P 500,^GSPC,6978.02978515625,-0.008172639170034302,0.8199117228988171
2026-01-29,S&P 500,^GSPC,6969.009765625,-0.12934674424620596,0.7677584870986764
2026-01-30,S&P 500,^GSPC,6939.02978515625,-0.4311179414457911,0.7265559942551874
2026-02-02,S&P 500,^GSPC,6976.43994140625,0.5376785277363183,0.7145780605772141
2026-02-03,S&P 500,^GSPC,6917.81005859375,-0.8439495590662816,0.7060749580319134
2026-02-04,S&P 500,^GSPC,6882.72021484375,-0.5085300155014849,0.7605102451096286
2026-02-05,S&P 500,^GSPC,6798.39990234375,-1.232667785383157,0.7509042316344406
2026-02-06,S&P 500,^GSPC,6932.2998046875,1.9504344282200492,0.8755573059612355
2026-02-09,S&P 500,^GSPC,6964.81982421875,0.4680117860122124,1.1169636719631282
2026-02-10,S&P 500,^GSPC,6941.81005859375,-0.3309182284509049,1.0377141604951317
2026-02-11,S&P 500,^GSPC,6941.47021484375,-0.004895726995002292,0.9670340583041854
2026-02-12,S&P 500,^GSPC,6832.759765625,-1.5784941386117524,0.8940559106136796
2026-02-13,S&P 500,^GSPC,6836.169921875,0.04989646444464313,1.0567073783461958
2026-02-17,S&P 500,^GSPC,6843.22021484375,0.10307906306561421,0.9714975172552371
2026-02-18,S&P 500,^GSPC,6881.31005859375,0.5550636821135768,0.8979363844933193
2026-02-19,S&P 500,^GSPC,6861.89013671875,-0.2826115391535211,0.8587449079150793
2026-02-20,S&P 500,^GSPC,6909.509765625,0.6915755702173954,0.8115405788505328
2026-02-23,S&P 500,^GSPC,6837.75,-1.043995947145504,0.8030080245008513
2026-02-24,S&P 500,^GSPC,6890.06982421875,0.7622488962383045,0.8712812112208458
2026-02-25,S&P 500,^GSPC,6946.1298828125,0.8103433970129359,0.8605640796798051
2026-02-26,S&P 500,^GSPC,6908.85986328125,-0.5380026995567277,0.8586008034540034
2026-02-27,S&P 500,^GSPC,6878.8798828125,-0.4348795128036542,0.8343308873925694
2026-03-02,S&P 500,^GSPC,6881.6201171875,0.03982754131346411,0.8034559350472719
2026-03-03,S&P 500,^GSPC,6816.6298828125,-0.9488908731311696,0.7534093771958176
2026-03-04,S&P 500,^GSPC,6869.5,0.7726125740148859,0.815768384777446
2026-03-05,S&P 500,^GSPC,6830.7099609375,-0.5662707772703612,0.8174269996868005
2026-03-06,S&P 500,^GSPC,6740.02001953125,-1.3365720432496175,0.8040315024883661
2026-03-09,S&P 500,^GSPC,6795.990234375,0.8269871665389061,0.9365829671638811
2026-03-10,S&P 500,^GSPC,6781.47998046875,-0.21374025058875645,0.9221858045321242
2026-03-11,S&P 500,^GSPC,6775.7998046875,-0.08379521856358707,0.8615405916718438
2026-03-12,S&P 500,^GSPC,6672.6201171875,-1.534480818949291,0.8047582409623621
2026-03-13,S&P 500,^GSPC,6632.18994140625,-0.6077546398502776,0.9862721227070089
2026-03-16,S&P 500,^GSPC,6699.3798828125,1.0079909746819382,0.9477083739249857
2026-03-17,S&P 500,^GSPC,6716.08984375,0.24911493849533173,0.9580702541640146
2026-03-18,S&P 500,^GSPC,6624.7001953125,-1.3700999383731371,0.8897400564596127
2026-03-19,S&P 500,^GSPC,6606.490234375,-0.27525826238985474,1.0041189179931698
2026-03-20,S&P 500,^GSPC,6506.47998046875,-1.5253934307770223,0.9349237917057689
2026-03-23,S&P 500,^GSPC,6581.0,1.1388109095072707,1.0718873264465354
2026-03-24,S&P 500,^GSPC,6556.3701171875,-0.37495954593200764,1.077686885450635
2026-03-25,S&P 500,^GSPC,6591.89990234375,0.5404493759948892,1.0041751707516158
2026-03-26,S&P 500,^GSPC,6477.16015625,-1.7559440961209205,0.9468151502399219
2026-03-27,S&P 500,^GSPC,6368.85009765625,-1.686323194605066,1.1367804816594318
2026-03-30,S&P 500,^GSPC,6343.72021484375,-0.39535538333570486,1.252460128951368
2026-03-31,S&P 500,^GSPC,6528.52001953125,2.871489330980026,1.1560380407395516
2026-04-01,S&P 500,^GSPC,6575.31982421875,0.7142945003758783,1.550521445148884
2026-04-02,S&P 500,^GSPC,6582.68994140625,0.1120248136237123,1.4295153950305495
2026-04-06,S&P 500,^GSPC,6611.830078125,0.44170131316043637,1.2979369330760648
2026-04-07,S&P 500,^GSPC,6616.85009765625,0.075896003312792,1.1926418040174744
2026-04-08,S&P 500,^GSPC,6782.81005859375,2.4772038357184556,1.0900016716225314
2026-04-09,S&P 500,^GSPC,6824.66015625,0.61510668695135,1.3971110839489016
2026-04-10,S&P 500,^GSPC,6816.89013671875,-0.11391696991402966,1.2894532051642582
2026-04-13,S&P 500,^GSPC,6886.240234375,1.0121875493741328,1.1764698062321375
2026-04-14,S&P 500,^GSPC,6967.3798828125,1.1713988916143947,1.1433471816133949
2026-04-15,S&P 500,^GSPC,7022.9501953125,0.7944144911565587,1.1399342465229627
2026-04-16,S&P 500,^GSPC,7041.27978515625,0.26065558152854607,1.0861025666977828
2026-04-17,S&P 500,^GSPC,7126.06005859375,1.196855392873708,1.0007027144727296
2026-04-20,S&P 500,^GSPC,7109.14013671875,-0.23771959102507623,1.0317676298872998
2026-04-21,S&P 500,^GSPC,7064.009765625,-0.6368453580853028,0.9567399969777296
2026-04-22,S&P 500,^GSPC,7137.89990234375,1.0405756011536482,0.9266129767506929
2026-04-23,S&P 500,^GSPC,7108.39990234375,-0.4141432170939652,0.946878177674673
2026-04-24,S&P 500,^GSPC,7165.080078125,0.7942067917632301,0.8958078771719441
2026-04-27,S&P 500,^GSPC,7173.91015625,0.1231618000550938,0.8847052684214891
2026-04-28,S&P 500,^GSPC,7138.7998046875,-0.49061878687961524,0.8234450135183458
2026-04-29,S&P 500,^GSPC,7135.9501953125,-0.03992517435129628,0.800188829296329
2026-04-30,S&P 500,^GSPC,7209.009765625,1.0186184168105683,0.7514467485239114
2026-05-01,S&P 500,^GSPC,7230.1201171875,0.29240496865217125,0.8092611183186735
2026-05-04,S&P 500,^GSPC,7200.75,-0.40704624878422635,0.7646772156842513
2026-05-05,S&P 500,^GSPC,7259.22021484375,0.8087227380576323,0.743233270808999
2026-05-06,S&P 500,^GSPC,7365.1201171875,1.4482944327745884,0.7658519445793037
2026-05-07,S&P 500,^GSPC,7337.10986328125,-0.38103454826785566,0.914625875010985
2026-05-08,S&P 500,^GSPC,7398.93017578125,0.839040542903291,0.8658957822488704
2026-05-11,S&P 500,^GSPC,7412.83984375,0.18781917406744952,0.8670242053613364
2026-05-12,S&P 500,^GSPC,7400.9599609375,-0.1603894411408291,0.8096740375451894
2026-05-13,S&P 500,^GSPC,7444.25,0.5832206062995837,0.7632896591944639
2026-05-14,S&P 500,^GSPC,7501.240234375,0.7626449143739222,0.750701959307201
2026-05-15,S&P 500,^GSPC,7408.5,-1.2440381787730104,0.7645142216059366
2026-05-18,S&P 500,^GSPC,7403.0498046875,-0.07359385925660433,0.8875718773542074
2026-05-19,S&P 500,^GSPC,7353.60986328125,-0.6700720556670703,0.82678865747233
2026-05-20,S&P 500,^GSPC,7432.97021484375,1.073420806632619,0.8252503332553497
2026-05-21,S&P 500,^GSPC,7445.72021484375,0.17138609316660336,0.8749047498190855
2026-05-22,S&P 500,^GSPC,7473.47021484375,0.37200452843411114,0.8159878596624118
2026-05-26,S&P 500,^GSPC,7519.1201171875,0.6089680623146521,0.7750851597811612
2026-05-27,S&P 500,^GSPC,7520.35986328125,0.016486555361971966,0.7632781274380335
2026-05-28,S&P 500,^GSPC,7563.6298828125,0.5737227212216922,0.7193789721939218
2026-05-29,S&P 500,^GSPC,7580.06005859375,0.21699047314864828,0.7141001867494846
2026-06-01,S&P 500,^GSPC,7599.9599609375,0.26218560604913677,0.6811319968328021
2026-06-02,S&P 500,^GSPC,7609.77978515625,0.12912549125889683,0.6557451921149572
2026-06-03,S&P 500,^GSPC,7553.68017578125,-0.7399348892068502,0.629730050792028
2026-06-04,S&P 500,^GSPC,7584.31005859375,0.4046762369187107,0.6846801712941618
2026-06-05,S&P 500,^GSPC,7383.740234375,-2.6801330315359806,0.6685712324234526
2026-06-08,S&P 500,^GSPC,7405.72998046875,0.297370520766016,1.268158372661888
2026-06-09,S&P 500,^GSPC,7386.64990234375,-0.257971859262085,1.1603484086366296
2026-06-10,S&P 500,^GSPC,7266.990234375,-1.6332095868206054,1.0688150490398323
2026-06-11,S&P 500,^GSPC,7394.2998046875,1.736719891346361,1.1915198805450642
2026-06-12,S&P 500,^GSPC,7431.4599609375,0.5012928127161587,1.2827608734770655
2026-06-15,S&P 500,^GSPC,7554.2900390625,1.6393284138581876,1.1829014938152564
2026-06-16,S&P 500,^GSPC,7511.35009765625,-0.5700396039273414,1.2560462534471526
2026-06-17,S&P 500,^GSPC,7420.10009765625,-1.2222675603359434,1.1719532785501865
2026-06-18,S&P 500,^GSPC,7500.580078125,1.0787813962926052,1.186950488832202
2026-06-22,S&P 500,^GSPC,7472.7900390625,-0.37119326849772705,1.1612213679275292
2026-06-23,S&P 500,^GSPC,7365.4599609375,-1.4466928386097422,1.0757359326956433
2026-06-24,S&P 500,^GSPC,7358.22021484375,-0.09834153677328317,1.1559106842609337
2026-06-25,S&P 500,^GSPC,7357.490234375,-0.009921104004639858,1.0594959579884984
2026-06-26,S&P 500,^GSPC,7354.02001953125,-0.04717686829192047,0.9741952787811848
2026-06-29,S&P 500,^GSPC,7440.43017578125,1.1681561359345949,0.9008016289164743
2026-06-30,S&P 500,^GSPC,7499.35986328125,0.7888998838147643,0.9499230225634037
2026-07-01,S&P 500,^GSPC,7483.22998046875,-0.21531509855510222,0.9280047600772734
2026-07-02,S&P 500,^GSPC,7483.240234375,0.00013702504482182576,0.8665926077188604
2026-07-06,S&P 500,^GSPC,7537.43017578125,0.7215413830444106,0.8075782663382197
2026-07-07,S&P 500,^GSPC,7503.85009765625,-0.44650632531855194,0.803778884975315
2026-07-08,S&P 500,^GSPC,7482.7099609375,-0.28212145626138607,0.779362661042401
2026-07-09,S&P 500,^GSPC,7543.64013671875,0.8109821657157568,0.7447847387325552
2026-07-10,S&P 500,^GSPC,7575.39013671875,0.4200010992571279,0.7674162162750044
2026-07-13,S&P 500,^GSPC,7515.33984375,-0.7958609028042574,0.7380562274460637
2026-07-14,S&P 500,^GSPC,7543.58984375,0.3751931076882542,0.7757636221208465
2026-07-15,S&P 500,^GSPC,7572.39990234375,0.38118699420550683,0.7415946304711304
2026-07-16,S&P 500,^GSPC,7533.77001953125,-0.5114462132766562,0.7135813357953661
2026-07-17,S&P 500,^GSPC,7457.68994140625,-1.0149876192112828,0.7135399404593195
2026-07-20,S&P 500,^GSPC,7443.27978515625,-0.19341238867802701,0.8004430172849225
2026-07-21,S&P 500,^GSPC,7509.2001953125,0.8817378432212308,0.7570559955174632
2026-07-22,S&P 500,^GSPC,7498.9599609375,-0.13646224263990092,0.788577150233322
2026-07-23,S&P 500,^GSPC,7408.2998046875,-1.2163372131276162,0.7444272635353887
2026-07-24,S&P 500,^GSPC,7411.97998046875,0.04966405371877869,0.8672774120021757
2026-07-27,S&P 500,^GSPC,7413.18017578125,0.016191330177584007,0.8079387265247624
2026-07-28,S&P 500,^GSPC,7428.77978515625,0.2102096375459439,0.7573275481001168
2026-07-29,S&P 500,^GSPC,7316.14990234375,-1.527739715707277,0.717196950017401
2026-07-30,S&P 500,^GSPC,7437.6298828125,1.6468013977055662,0.9289150999756834
2026-07-31,S&P 500,^GSPC,7489.72021484375,0.6979208383379287,1.0738576059825213
2026-08-03,S&P 500,^GSPC,7600.5,1.4682592263996597,1.0203375317576078
2026-08-04,S&P 500,^GSPC,7736.52001953125,1.7737942015186192,1.099366776916825
2026-08-05,S&P 500,^GSPC,7723.5498046875,-0.16778990048802456,1.2236385787765938
2026-08-06,S&P 500,^GSPC,7709.9599609375,-0.17610831844070418,1.1203915249131797
2026-08-07,S&P 500,^GSPC,7757.64013671875,0.6165187424711505,1.030826982845943
2026-08-10,S&P 500,^GSPC,7753.10986328125,-0.05841462941909015,0.9761042260003949
2026-08-11,S&P 500,^GSPC,7728.2001953125,-0.32180337931322356,0.9026522154484045
2026-08-12,S&P 500,^GSPC,7748.5,0.26232744800278596,0.8513390620311104
2026-08-13,S&P 500,^GSPC,7798.990234375,0.6494991938586381,0.798939940306597
2026-08-14,S&P 500,^GSPC,7785.759765625,-0.16978741305937461,0.7875102517783007
2026-08-17,S&P 500,^GSPC,7745.06005859375,-0.5241165715608176,0.744974719165482
2026-08-18,S&P 500,^GSPC,7691.759765625,-0.69056328168422,0.7402796519313716
2026-08-19,S&P 500,^GSPC,7707.97998046875,0.21065577872612096,0.759993379870468
2026-08-20,S&P 500,^GSPC,7641.16015625,-0.8706708745808811,0.7194615667322928
2026-08-21,S&P 500,^GSPC,7674.3701171875,0.4336776121309782,0.7755060084686785
2026-08-24,S&P 500,^GSPC,7652.85986328125,-0.28068043678342036,0.7458988619178751
2026-08-25,S&P 500,^GSPC,7677.27978515625,0.31858734610068495,0.7167930247877534
2026-08-26,S&P 500,^GSPC,7675.7001953125,-0.020576980512387877,0.6886364342204935
2026-08-27,S&P 500,^GSPC,7730.990234375,0.7177437188467195,0.6569318617684877
2026-08-31,S&P 500,^GSPC,7686.14013671875,-0.5818232459363415,0.6848781693588163
2026-09-01,S&P 500,^GSPC,7631.47021484375,-0.7138209258204853,0.7004055876375669
2018-01-04,EURO STOXX 50,^STOXX50E,3568.8798828125,1.6669972772014319,1.1859685288989155
2018-01-05,EURO STOXX 50,^STOXX50E,3607.6298828125,1.0799226326122735,1.2736726915723597
2018-01-08,EURO STOXX 50,^STOXX50E,3616.449951171875,0.24418536186328055,1.2324540818931629
2018-01-09,EURO STOXX 50,^STOXX50E,3622.8701171875,0.17736935618675176,1.1222279977461993
2018-01-10,EURO STOXX 50,^STOXX50E,3609.830078125,-0.3605860284400464,1.0277298045566678
2018-01-11,EURO STOXX 50,^STOXX50E,3595.239990234375,-0.404995584903034,0.9603270299756741
2018-01-12,EURO STOXX 50,^STOXX50E,3612.610107421875,0.4819786920732483,0.9086698160267916
2018-01-15,EURO STOXX 50,^STOXX50E,3611.81005859375,-0.02214845795265319,0.8689042279650236
2018-01-16,EURO STOXX 50,^STOXX50E,3622.010009765625,0.28200751014964,0.8161413990893761
2018-01-17,EURO STOXX 50,^STOXX50E,3612.780029296875,-0.255155586451572,0.7800772618031379
2018-01-18,EURO STOXX 50,^STOXX50E,3620.909912109375,0.2247783994446806,0.7529536812747584
2018-01-19,EURO STOXX 50,^STOXX50E,3649.070068359375,0.7747008152474422,0.7267079037471974
2018-01-22,EURO STOXX 50,^STOXX50E,3665.280029296875,0.4432379434797795,0.7659286643632247
2018-01-23,EURO STOXX 50,^STOXX50E,3672.2900390625,0.19107175353738626,0.7523220744640712
2018-01-24,EURO STOXX 50,^STOXX50E,3643.219970703125,-0.7947558361561136,0.7247804044200293
2018-01-25,EURO STOXX 50,^STOXX50E,3630.14990234375,-0.35939551145638404,0.777487139136914
2018-01-26,EURO STOXX 50,^STOXX50E,3647.409912109375,0.4743359743489606,0.7587550037371358
2018-01-29,EURO STOXX 50,^STOXX50E,3643.0400390625,-0.11987939288999883,0.7497757884426306
2018-01-30,EURO STOXX 50,^STOXX50E,3606.75,-1.0011418806474381,0.7221562912802023
2018-01-31,EURO STOXX 50,^STOXX50E,3609.2900390625,0.07039980802918677,0.8164033735525016
2018-02-01,EURO STOXX 50,^STOXX50E,3577.35009765625,-0.8888757777286926,0.7733971853630534
2018-02-02,EURO STOXX 50,^STOXX50E,3523.280029296875,-1.5229947912754227,0.8295482360134524
2018-02-05,EURO STOXX 50,^STOXX50E,3478.77001953125,-1.2713593586626715,1.011480991498605
2018-02-06,EURO STOXX 50,^STOXX50E,3394.919921875,-2.4398614991472556,1.0761091200633366
2018-02-07,EURO STOXX 50,^STOXX50E,3454.52001953125,1.740335047774444,1.4176121458962532
2018-02-08,EURO STOXX 50,^STOXX50E,3377.300048828125,-2.2606935972987685,1.4582373574953802
2018-02-09,EURO STOXX 50,^STOXX50E,3325.989990234375,-1.5309216945144755,1.6147140689773671
2018-02-12,EURO STOXX 50,^STOXX50E,3368.25,1.2625950438312827,1.580741676824109
2018-02-13,EURO STOXX 50,^STOXX50E,3340.929931640625,-0.81441307707113,1.5040035549439639
2018-02-14,EURO STOXX 50,^STOXX50E,3369.830078125,0.8613130288567916,1.393425164908201
2018-02-15,EURO STOXX 50,^STOXX50E,3389.6298828125,0.5858415148852103,1.3014291366341093
2018-02-16,EURO STOXX 50,^STOXX50E,3426.800048828125,1.090615903611969,1.1993445060007013
2018-02-19,EURO STOXX 50,^STOXX50E,3407.7900390625,-0.5562896543755969,1.175522848859336
2018-02-20,EURO STOXX 50,^STOXX50E,3435.080078125,0.797623899871347,1.097371528994809
2018-02-21,EURO STOXX 50,^STOXX50E,3430.159912109375,-0.143335611427986,1.054020200099203
2018-02-22,EURO STOXX 50,^STOXX50E,3431.989990234375,0.053338332575947334,0.9713664065397621
2018-02-23,EURO STOXX 50,^STOXX50E,3441.4599609375,0.275552357621045,0.9001974442206598
2018-02-26,EURO STOXX 50,^STOXX50E,3463.179931640625,0.6291433784982203,0.847692854701562
2018-02-27,EURO STOXX 50,^STOXX50E,3458.030029296875,-0.14881511536923853,0.8362464925427278
2018-02-28,EURO STOXX 50,^STOXX50E,3438.9599609375,-0.55299824950783,0.7926243704119653
2018-03-01,EURO STOXX 50,^STOXX50E,3399.159912109375,-1.1640772317553782,0.7910553709420837
2018-03-02,EURO STOXX 50,^STOXX50E,3324.75,-2.2133833106819267,0.8988607353163677
2018-03-05,EURO STOXX 50,^STOXX50E,3355.320068359375,0.9152682967359382,1.2489767104304537
2018-03-06,EURO STOXX 50,^STOXX50E,3357.860107421875,0.07567320158852198,1.1903191377646847
2018-03-07,EURO STOXX 50,^STOXX50E,3377.360107421875,0.5790472727989382,1.0832973986897587
2018-03-08,EURO STOXX 50,^STOXX50E,3413.280029296875,1.0579343382014272,1.0189733213046834
2018-03-09,EURO STOXX 50,^STOXX50E,3420.5400390625,0.21247303628904035,1.0312314503693625
2018-03-12,EURO STOXX 50,^STOXX50E,3429.47998046875,0.26101957239550444,0.9528811501470705
2018-03-13,EURO STOXX 50,^STOXX50E,3397.35009765625,-0.9412895788257103,0.8900820254385698
2018-03-14,EURO STOXX 50,^STOXX50E,3390.97998046875,-0.18767853018317737,0.9239973397260617
2018-03-15,EURO STOXX 50,^STOXX50E,3414.1298828125,0.6803708422168597,0.8656035972652599
2018-03-16,EURO STOXX 50,^STOXX50E,3437.39990234375,0.6792675427224282,0.8566000260336661
2018-03-19,EURO STOXX 50,^STOXX50E,3394.7900390625,-1.2473428316514656,0.849488101812662
2018-03-20,EURO STOXX 50,^STOXX50E,3412.080078125,0.5080183975987751,0.957268504682779
2018-03-21,EURO STOXX 50,^STOXX50E,3401.0400390625,-0.32408202219613713,0.9103091972147258
2018-03-22,EURO STOXX 50,^STOXX50E,3348.18994140625,-1.5661394872495293,0.8620662429027816
2018-03-23,EURO STOXX 50,^STOXX50E,3298.070068359375,-1.5082414191466498,1.0432312004636395
2018-03-26,EURO STOXX 50,^STOXX50E,3278.719970703125,-0.588437623089888,1.1498616552057712
2018-03-27,EURO STOXX 50,^STOXX50E,3316.949951171875,1.1592577875406462,1.0793648609693227
2018-03-28,EURO STOXX 50,^STOXX50E,3331.25,0.43019376634276796,1.0944626340320294
2018-03-29,EURO STOXX 50,^STOXX50E,3361.5,0.903969399493576,1.0162660372388383
2018-04-03,EURO STOXX 50,^STOXX50E,3346.929931640625,-0.43438155925397126,1.0046363908757854
2018-04-04,EURO STOXX 50,^STOXX50E,3340.35009765625,-0.19678661814417353,0.947050277128876
2018-04-05,EURO STOXX 50,^STOXX50E,3429.949951171875,2.6470048423338,0.8848847965865185
2018-04-06,EURO STOXX 50,^STOXX50E,3408.10009765625,-0.6390689662564952,1.3615527161216476
2018-04-09,EURO STOXX 50,^STOXX50E,3414.85009765625,0.19786168765492107,1.2584480807995961
2018-04-10,EURO STOXX 50,^STOXX50E,3438.780029296875,0.698316904817986,1.1427994042435188
2018-04-11,EURO STOXX 50,^STOXX50E,3419.7099609375,-0.5561025103677508,1.0791915764120694
2018-04-12,EURO STOXX 50,^STOXX50E,3443.969970703125,0.7069126484637422,1.0186534668496916
2018-04-13,EURO STOXX 50,^STOXX50E,3448.0,0.1169485582012797,0.9802491262699277
2018-04-16,EURO STOXX 50,^STOXX50E,3441.0400390625,-0.2020590173968273,0.9082376357303161
2018-04-17,EURO STOXX 50,^STOXX50E,3477.909912109375,1.0657750757923523,0.8533563035668336
2018-04-18,EURO STOXX 50,^STOXX50E,3490.889892578125,0.3725173872894061,0.9101883006920203
2018-04-19,EURO STOXX 50,^STOXX50E,3486.60009765625,-0.12296099222997015,0.8615281314650026
2018-04-20,EURO STOXX 50,^STOXX50E,3494.199951171875,0.21773597481598017,0.8122361067812324
2018-04-23,EURO STOXX 50,^STOXX50E,3513.06005859375,0.5383032151817346,0.7738108713835857
2018-04-24,EURO STOXX 50,^STOXX50E,3510.8798828125,-0.06207843089356402,0.7682913086522837
2018-04-25,EURO STOXX 50,^STOXX50E,3485.830078125,-0.7160483100717485,0.735345934688409
2018-04-26,EURO STOXX 50,^STOXX50E,3506.030029296875,0.5778149752092787,0.7715984124272545
2018-04-27,EURO STOXX 50,^STOXX50E,3518.780029296875,0.3629995371850825,0.77121924949245
2018-04-30,EURO STOXX 50,^STOXX50E,3536.52001953125,0.5028851359304198,0.7496489813303763
2018-05-02,EURO STOXX 50,^STOXX50E,3553.7900390625,0.4871452317738445,0.745727378033878
2018-05-03,EURO STOXX 50,^STOXX50E,3529.1201171875,-0.6966069339297221,0.7410198932955835
2018-05-04,EURO STOXX 50,^STOXX50E,3550.590087890625,0.6065230326999682,0.7726165508212046
2018-05-07,EURO STOXX 50,^STOXX50E,3564.18994140625,0.38229910196534433,0.7755626227093032
2018-05-08,EURO STOXX 50,^STOXX50E,3557.8798828125,-0.1771973710049224,0.7545794579991697
2018-05-09,EURO STOXX 50,^STOXX50E,3569.739990234375,0.33279323474424416,0.7283404224265112
2018-05-11,EURO STOXX 50,^STOXX50E,3565.52001953125,-0.11828500122970098,0.7137100933282617
2018-05-14,EURO STOXX 50,^STOXX50E,3565.739990234375,0.006169195987482112,0.6935137315087434
2018-05-15,EURO STOXX 50,^STOXX50E,3564.2900390625,-0.04067167139272243,0.6750094276528648
2018-05-16,EURO STOXX 50,^STOXX50E,3562.85009765625,-0.04040727130991684,0.6610090920624022
2018-05-17,EURO STOXX 50,^STOXX50E,3592.179931640625,0.8198427720333967,0.6500658019248282
2018-05-18,EURO STOXX 50,^STOXX50E,3573.760009765625,-0.5140975948698667,0.7194161586835057
2018-05-22,EURO STOXX 50,^STOXX50E,3587.25,0.3767626682135372,0.7303949994206939
2018-05-23,EURO STOXX 50,^STOXX50E,3541.820068359375,-1.2745153622889305,0.7187310173684435
2018-05-24,EURO STOXX 50,^STOXX50E,3521.760009765625,-0.5679871198893238,0.8780918002021216
2018-05-25,EURO STOXX 50,^STOXX50E,3515.360107421875,-0.1818898640815192,0.8592130087493667
2018-05-28,EURO STOXX 50,^STOXX50E,3482.639892578125,-0.9351372759926591,0.8125741323640455
2018-05-29,EURO STOXX 50,^STOXX50E,3428.139892578125,-1.5772787317557047,0.8663526425768626
2018-05-30,EURO STOXX 50,^STOXX50E,3441.18994140625,0.37995160643227166,1.0488415955791113
2018-05-31,EURO STOXX 50,^STOXX50E,3406.64990234375,-1.0087949709403077,0.975384443980542
2018-06-01,EURO STOXX 50,^STOXX50E,3453.5400390625,1.367042818204034,0.9993944369818681
2018-06-04,EURO STOXX 50,^STOXX50E,3469.570068359375,0.4630883431071098,1.07596279918248
2018-06-05,EURO STOXX 50,^STOXX50E,3456.7900390625,-0.3690262591579341,1.003344267752896
2018-06-06,EURO STOXX 50,^STOXX50E,3460.820068359375,0.11651508802064114,0.9409456278530195
2018-06-07,EURO STOXX 50,^STOXX50E,3459.77001953125,-0.030345644601048605,0.8757781107707959
2018-06-08,EURO STOXX 50,^STOXX50E,3447.300048828125,-0.36107884032201554,0.8218463984340916
2018-06-11,EURO STOXX 50,^STOXX50E,3480.219970703125,0.9504171647154891,0.7939310581454697
2018-06-12,EURO STOXX 50,^STOXX50E,3475.580078125,-0.13341077183781636,0.8455299958085095
2018-06-13,EURO STOXX 50,^STOXX50E,3479.56005859375,0.11444718078816862,0.7995882284681345
2018-06-14,EURO STOXX 50,^STOXX50E,3527.110107421875,1.357300335170919,0.7604488489909372
2018-06-15,EURO STOXX 50,^STOXX50E,3505.02001953125,-0.628263702535925,0.9115159533546
2018-06-18,EURO STOXX 50,^STOXX50E,3466.64990234375,-1.1007550571587643,0.8927096213915763
2018-06-19,EURO STOXX 50,^STOXX50E,3435.300048828125,-0.908440928623655,0.956144323967339
2018-06-20,EURO STOXX 50,^STOXX50E,3439.60009765625,0.12509416274415486,0.9678062467918467
2018-06-21,EURO STOXX 50,^STOXX50E,3403.510009765625,-1.054795902361505,0.8980923599487917
2018-06-22,EURO STOXX 50,^STOXX50E,3441.60009765625,1.1129252983840487,0.9509634493414012
2018-06-25,EURO STOXX 50,^STOXX50E,3369.2099609375,-2.1258223982238533,0.9902016408913784
2018-06-26,EURO STOXX 50,^STOXX50E,3368.719970703125,-0.014544236589131287,1.2754717233303534
2018-06-27,EURO STOXX 50,^STOXX50E,3397.1298828125,0.8398081452664741,1.1551730832465363
2018-06-28,EURO STOXX 50,^STOXX50E,3365.52001953125,-0.9348434103404912,1.1055029356439328
2018-06-29,EURO STOXX 50,^STOXX50E,3395.60009765625,0.8898015733613818,1.0868591184863174
2018-07-02,EURO STOXX 50,^STOXX50E,3372.2099609375,-0.6912200444457284,1.0577988073937743
2018-07-03,EURO STOXX 50,^STOXX50E,3406.340087890625,1.0070122703918827,1.0161280462684072
2018-07-04,EURO STOXX 50,^STOXX50E,3412.030029296875,0.16690037734150565,1.0205862592797088
2018-07-05,EURO STOXX 50,^STOXX50E,3440.919921875,0.8431424110693087,0.9427201252175641
2018-07-06,EURO STOXX 50,^STOXX50E,3448.489990234375,0.21975964567477746,0.9387905255695994
2018-07-09,EURO STOXX 50,^STOXX50E,3460.43994140625,0.3459280440479162,0.8768245276674114
2018-07-10,EURO STOXX 50,^STOXX50E,3473.31005859375,0.3712314971856756,0.8327770410711977
2018-07-11,EURO STOXX 50,^STOXX50E,3422.35009765625,-1.4780568510508019,0.7991430794573994
2018-07-12,EURO STOXX 50,^STOXX50E,3445.489990234375,0.6738648496746436,0.9807027843953875
2018-07-13,EURO STOXX 50,^STOXX50E,3454.5400390625,0.26231926467730204,0.9461827362493215
2018-07-16,EURO STOXX 50,^STOXX50E,3449.080078125,-0.15817678212926012,0.8846446999045611
2018-07-17,EURO STOXX 50,^STOXX50E,3457.5,0.243823309108393,0.8322789808319269
2018-07-18,EURO STOXX 50,^STOXX50E,3485.080078125,0.7945237332899424,0.7911125100267135
2018-07-19,EURO STOXX 50,^STOXX50E,3471.639892578125,-0.38639480460354036,0.816517803606817
2018-07-20,EURO STOXX 50,^STOXX50E,3460.030029296875,-0.3349805824132801,0.7918876724130748
2018-07-23,EURO STOXX 50,^STOXX50E,3454.050048828125,-0.17297982934216805,0.7680671254329583
2018-07-24,EURO STOXX 50,^STOXX50E,3483.31005859375,0.8435538250880725,0.7388745131739086
2018-07-25,EURO STOXX 50,^STOXX50E,3468.449951171875,-0.42752137688104597,0.7865236843269102
2018-07-26,EURO STOXX 50,^STOXX50E,3509.260009765625,1.1697397614639726,0.7722013817011508
2018-07-27,EURO STOXX 50,^STOXX50E,3527.179931640625,0.5093473621970546,0.8751223190252858
2018-07-30,EURO STOXX 50,^STOXX50E,3512.31005859375,-0.4224708092248619,0.8446714684072468
2018-07-31,EURO STOXX 50,^STOXX50E,3525.489990234375,0.37454735733177813,0.8174608044722176
2018-08-02,EURO STOXX 50,^STOXX50E,3469.2099609375,-1.6092539852659016,0.7871720707070188
2018-08-03,EURO STOXX 50,^STOXX50E,3482.39990234375,0.37947921399741347,1.0086151413609667
2018-08-06,EURO STOXX 50,^STOXX50E,3483.300048828125,0.025845112356037703,0.9422636945049147
2018-08-07,EURO STOXX 50,^STOXX50E,3504.3701171875,0.6030660210518235,0.8760943770656007
2018-08-08,EURO STOXX 50,^STOXX50E,3493.60009765625,-0.3078043405114528,0.8553512695986133
2018-08-09,EURO STOXX 50,^STOXX50E,3494.1298828125,0.01516329791630966,0.816613149614231
2018-08-10,EURO STOXX 50,^STOXX50E,3426.280029296875,-1.96092510456225,0.7733804761229148
2018-08-13,EURO STOXX 50,^STOXX50E,3409.679931640625,-0.4856707874479227,1.1034210926128047
2018-08-14,EURO STOXX 50,^STOXX50E,3409.43994140625,-0.007038745144427594,1.0320227051584971
2018-08-15,EURO STOXX 50,^STOXX50E,3359.080078125,-1.4880887533243126,0.9505861966933264
2018-08-16,EURO STOXX 50,^STOXX50E,3377.56005859375,0.5486422444691996,1.0817118689166405
2018-08-17,EURO STOXX 50,^STOXX50E,3372.93994140625,-0.13688224305994368,1.0149526484885236
2018-08-20,EURO STOXX 50,^STOXX50E,3393.669921875,0.6127158426870949,0.9387283656263896
2018-08-21,EURO STOXX 50,^STOXX50E,3411.659912109375,0.5287041944805893,0.9059159563500744
2018-08-22,EURO STOXX 50,^STOXX50E,3420.179931640625,0.24942106791403518,0.871066186806214
2018-08-23,EURO STOXX 50,^STOXX50E,3419.260009765625,-0.026900503211635396,0.8227588964438122
2018-08-24,EURO STOXX 50,^STOXX50E,3427.43994140625,0.23894534858825978,0.7786644811755241
2018-08-27,EURO STOXX 50,^STOXX50E,3456.010009765625,0.830113754667039,0.7478516906646061
2018-08-28,EURO STOXX 50,^STOXX50E,3447.570068359375,-0.24450924058445622,0.7906666041913022
2018-08-29,EURO STOXX 50,^STOXX50E,3456.1298828125,0.24797771919597977,0.7607158618179113
2018-08-30,EURO STOXX 50,^STOXX50E,3430.989990234375,-0.7300585644340885,0.7340035755783777
2018-08-31,EURO STOXX 50,^STOXX50E,3392.89990234375,-1.1163862281634351,0.772934006840875
2018-09-03,EURO STOXX 50,^STOXX50E,3394.989990234375,0.06158284797663782,0.8759483461691466
2018-09-04,EURO STOXX 50,^STOXX50E,3359.360107421875,-1.0550301003110718,0.8217610509393717
2018-09-05,EURO STOXX 50,^STOXX50E,3315.6201171875,-1.310584146679794,0.8965283413257343
2018-09-06,EURO STOXX 50,^STOXX50E,3295.949951171875,-0.5950242937167616,1.0037074012618572
2018-09-07,EURO STOXX 50,^STOXX50E,3293.360107421875,-0.07860743720744523,0.9618139315989418
2018-09-10,EURO STOXX 50,^STOXX50E,3309.280029296875,0.48222990792314846,0.893304924283106
2018-09-11,EURO STOXX 50,^STOXX50E,3311.659912109375,0.0718895787020557,0.8566241734288973
2018-09-12,EURO STOXX 50,^STOXX50E,3326.60009765625,0.4501243021628909,0.8060760848488193
2018-09-13,EURO STOXX 50,^STOXX50E,3333.679931640625,0.2125987682159547,0.7844486635693292
2018-09-14,EURO STOXX 50,^STOXX50E,3344.6298828125,0.3279261156992064,0.7512905091886456
2018-09-17,EURO STOXX 50,^STOXX50E,3346.110107421875,0.04424696328619859,0.7313801526349851
2018-09-18,EURO STOXX 50,^STOXX50E,3358.4599609375,0.36840147413919055,0.7049668055883158
2018-09-19,EURO STOXX 50,^STOXX50E,3368.56005859375,0.3002846792899305,0.698289729786847
2018-09-20,EURO STOXX 50,^STOXX50E,3403.1201171875,1.0207321598810992,0.6879795224345021
2018-09-21,EURO STOXX 50,^STOXX50E,3430.81005859375,0.8103709645052248,0.7857769611833441
2018-09-24,EURO STOXX 50,^STOXX50E,3410.43994140625,-0.5955103931796657,0.8151236978288138
2018-09-25,EURO STOXX 50,^STOXX50E,3419.780029296875,0.2734932038078952,0.8137572711822493
2018-09-26,EURO STOXX 50,^STOXX50E,3433.14990234375,0.3901948551492396,0.777699429453197
2018-09-27,EURO STOXX 50,^STOXX50E,3449.7900390625,0.4835192310162384,0.7569004541588737
2018-09-28,EURO STOXX 50,^STOXX50E,3399.199951171875,-1.4773275494704308,0.7492786066694885
2018-10-01,EURO STOXX 50,^STOXX50E,3414.159912109375,0.4391367923750167,0.9498446954024033
2018-10-02,EURO STOXX 50,^STOXX50E,3388.989990234375,-0.739952436156166,0.8985309247809385
2018-10-03,EURO STOXX 50,^STOXX50E,3405.47998046875,0.48539540779497514,0.8977369158765904
2018-10-04,EURO STOXX 50,^STOXX50E,3375.080078125,-0.8966842199143343,0.8604547545471697
2018-10-05,EURO STOXX 50,^STOXX50E,3345.510009765625,-0.8799899649753584,0.8942325116484943
2018-10-08,EURO STOXX 50,^STOXX50E,3309.719970703125,-1.075556643104214,0.9164588445403109
2018-10-09,EURO STOXX 50,^STOXX50E,3321.7900390625,0.3640221207591665,0.9682958879165188
2018-10-10,EURO STOXX 50,^STOXX50E,3266.89990234375,-1.6662312885351582,0.9082606230560446
2018-10-11,EURO STOXX 50,^STOXX50E,3209.18994140625,-1.782294254329564,1.0986226421956375
2018-10-12,EURO STOXX 50,^STOXX50E,3194.409912109375,-0.4616170866588831,1.2526037697095118
2018-10-15,EURO STOXX 50,^STOXX50E,3210.3701171875,0.4983852073330297,1.1534555379396927
2018-10-16,EURO STOXX 50,^STOXX50E,3257.340087890625,1.4524706571801715,1.0698610159394082
2018-10-17,EURO STOXX 50,^STOXX50E,3243.080078125,-0.4387418744080662,1.1443986926063476
2018-10-18,EURO STOXX 50,^STOXX50E,3211.590087890625,-0.9757350650023255,1.062017450998115
2018-10-19,EURO STOXX 50,^STOXX50E,3210.820068359375,-0.023979145405128577,1.0595557670512337
2018-10-22,EURO STOXX 50,^STOXX50E,3190.090087890625,-0.6477220407347772,0.9736607269717023
2018-10-23,EURO STOXX 50,^STOXX50E,3140.93994140625,-1.5527057593594407,0.9440115792580519
2018-10-24,EURO STOXX 50,^STOXX50E,3130.330078125,-0.33836442605537087,1.092958334965773
2018-10-25,EURO STOXX 50,^STOXX50E,3164.39990234375,1.0824978042290212,1.0126404893328762
2018-10-26,EURO STOXX 50,^STOXX50E,3134.889892578125,-0.9369381820754086,1.0306713279642368
2018-10-29,EURO STOXX 50,^STOXX50E,3154.929931640625,0.6372235591365794,1.0292644746348865
2018-10-30,EURO STOXX 50,^STOXX50E,3147.1298828125,-0.24753978986993275,0.9809556550719712
2018-10-31,EURO STOXX 50,^STOXX50E,3197.510009765625,1.588149578731013,0.9151223445817503
2018-11-01,EURO STOXX 50,^STOXX50E,3204.2099609375,0.2093172975007107,1.069120946589654
2018-11-02,EURO STOXX 50,^STOXX50E,3214.409912109375,0.3178240793070941,0.984277686196453
2018-11-05,EURO STOXX 50,^STOXX50E,3217.3701171875,0.09204933233597501,0.9186614333124831
2018-11-06,EURO STOXX 50,^STOXX50E,3207.419921875,-0.309744075909002,0.8570734701536226
2018-11-07,EURO STOXX 50,^STOXX50E,3246.159912109375,1.200588094220123,0.8181319913866302
2018-11-08,EURO STOXX 50,^STOXX50E,3237.60009765625,-0.2640387495290497,0.9132296129872856
2018-11-09,EURO STOXX 50,^STOXX50E,3229.489990234375,-0.2508117735532167,0.8606264773709438
2018-11-12,EURO STOXX 50,^STOXX50E,3194.080078125,-1.1025106105629234,0.817223005060251
2018-11-13,EURO STOXX 50,^STOXX50E,3224.820068359375,0.9578035032960841,0.9032825591723133
2018-11-14,EURO STOXX 50,^STOXX50E,3205.360107421875,-0.60527138635873,0.9271176008269181
2018-11-15,EURO STOXX 50,^STOXX50E,3190.31005859375,-0.4706332946133429,0.9021575539712334
2018-11-16,EURO STOXX 50,^STOXX50E,3180.739990234375,-0.3004238071863341,0.8677542528757498
2018-11-19,EURO STOXX 50,^STOXX50E,3160.330078125,-0.6437393806280056,0.8260818341608452
2018-11-20,EURO STOXX 50,^STOXX50E,3116.070068359375,-1.4103862854419447,0.8286139570543936
2018-11-21,EURO STOXX 50,^STOXX50E,3153.909912109375,1.2070310680915242,0.9821897273443609
2018-11-22,EURO STOXX 50,^STOXX50E,3126.669921875,-0.8674409612220657,1.0310299925319188
2018-11-23,EURO STOXX 50,^STOXX50E,3137.2099609375,0.33653419948365126,1.018815387078105
2018-11-26,EURO STOXX 50,^STOXX50E,3172.7099609375,1.125224250136192,0.9480978862603885
2018-11-27,EURO STOXX 50,^STOXX50E,3166.419921875,-0.1984512462472665,0.9903999836391685
2018-11-28,EURO STOXX 50,^STOXX50E,3168.2900390625,0.059043500124289494,0.9206215754855352
2018-11-29,EURO STOXX 50,^STOXX50E,3174.159912109375,0.18509802262460795,0.8583700061823849
2018-11-30,EURO STOXX 50,^STOXX50E,3173.1298828125,-0.032455720132418264,0.8099043055609313
2018-12-03,EURO STOXX 50,^STOXX50E,3214.989990234375,1.3105798706529725,0.7683324865192058
2018-12-04,EURO STOXX 50,^STOXX50E,3189.25,-0.8038464791047417,0.9051776392285109
2018-12-05,EURO STOXX 50,^STOXX50E,3150.27001953125,-1.2297609786401154,0.9124085699887093
2018-12-06,EURO STOXX 50,^STOXX50E,3045.93994140625,-3.36786325721139,0.9968917961787558
2018-12-07,EURO STOXX 50,^STOXX50E,3058.530029296875,0.41248808831433337,1.6759077336369275
2018-12-10,EURO STOXX 50,^STOXX50E,3016.989990234375,-1.367477557721486,1.5051509602028996
2018-12-11,EURO STOXX 50,^STOXX50E,3055.320068359375,1.26247134457671,1.4678545854902172
2018-12-12,EURO STOXX 50,^STOXX50E,3107.969970703125,1.7085414693349676,1.4135446859511442
2018-12-13,EURO STOXX 50,^STOXX50E,3112.169921875,0.13504364476322195,1.4488895777858153
2018-12-14,EURO STOXX 50,^STOXX50E,3092.60009765625,-0.6308014333837875,1.3032022076734626
2018-12-17,EURO STOXX 50,^STOXX50E,3063.64990234375,-0.9405208923757513,1.2093848358790402
2018-12-18,EURO STOXX 50,^STOXX50E,3040.1298828125,-0.7706744597994586,1.1694032531893155
2018-12-19,EURO STOXX 50,^STOXX50E,3051.3798828125,0.3693669787407927,1.1151619557254369
2018-12-20,EURO STOXX 50,^STOXX50E,3000.06005859375,-1.696160090327048,1.0296424165635192
2018-12-21,EURO STOXX 50,^STOXX50E,3000.610107421875,0.01833291330619602,1.1852060201437413
2018-12-27,EURO STOXX 50,^STOXX50E,2937.360107421875,-2.13043818010874,1.0788134954694635
2018-12-28,EURO STOXX 50,^STOXX50E,2986.530029296875,1.6600932821910774,1.3307073275242243
2019-01-03,EURO STOXX 50,^STOXX50E,2954.659912109375,-1.0728632882717193,1.377566303548513
2019-01-04,EURO STOXX 50,^STOXX50E,3041.85009765625,2.9082359790733037,1.3219771084734062
2019-01-07,EURO STOXX 50,^STOXX50E,3033.639892578125,-0.2702731825454663,1.6845468786058642
2019-01-08,EURO STOXX 50,^STOXX50E,3054.93994140625,0.6996750080739744,1.5091707753327408
2019-01-09,EURO STOXX 50,^STOXX50E,3070.239990234375,0.4995797942399349,1.3819981760269904
2019-01-10,EURO STOXX 50,^STOXX50E,3075.72998046875,0.17865338492537575,1.260587139056601
2019-01-11,EURO STOXX 50,^STOXX50E,3070.0400390625,-0.18516615538501924,1.1441465784637623
2019-01-14,EURO STOXX 50,^STOXX50E,3055.179931640625,-0.48521152374156884,1.047939379305283
2019-01-15,EURO STOXX 50,^STOXX50E,3068.050048828125,0.42037082327599506,0.98664766248003
2019-01-16,EURO STOXX 50,^STOXX50E,3077.219970703125,0.2984385926703581,0.9270566427282254
2019-01-17,EURO STOXX 50,^STOXX50E,3069.35009765625,-0.25607378618737187,0.870765714599849
2019-01-18,EURO STOXX 50,^STOXX50E,3134.919921875,2.113778588295112,0.8257213929835522
2019-01-21,EURO STOXX 50,^STOXX50E,3125.070068359375,-0.3146925685088675,1.1617270088960627
2019-01-22,EURO STOXX 50,^STOXX50E,3112.800048828125,-0.3934046437551686,1.0683977723859543
2019-01-23,EURO STOXX 50,^STOXX50E,3112.1298828125,-0.021531680696007527,0.9960424748368503
2019-01-24,EURO STOXX 50,^STOXX50E,3126.31005859375,0.4546072523249123,0.9207994042893283
2019-01-25,EURO STOXX 50,^STOXX50E,3163.239990234375,1.1743401598662828,0.8763021864153308
2019-01-28,EURO STOXX 50,^STOXX50E,3137.27001953125,-0.8243814465920707,0.9482655818988586
2019-01-29,EURO STOXX 50,^STOXX50E,3153.419921875,0.5134552163591266,0.9484707745951267
2019-01-30,EURO STOXX 50,^STOXX50E,3161.739990234375,0.2634952491783693,0.9037152629625008
2019-01-31,EURO STOXX 50,^STOXX50E,3159.429931640625,-0.07308959338665488,0.8499741934345821
2019-02-01,EURO STOXX 50,^STOXX50E,3171.1201171875,0.36932648015568503,0.8015226488132147
2019-02-04,EURO STOXX 50,^STOXX50E,3165.199951171875,-0.18686454201937153,0.7741085220216397
2019-02-05,EURO STOXX 50,^STOXX50E,3215.0400390625,1.5623582115390278,0.7443506851969507
2019-02-06,EURO STOXX 50,^STOXX50E,3212.75,-0.07125432366255069,0.9550720482186063
2019-02-07,EURO STOXX 50,^STOXX50E,3150.760009765625,-1.9483571527738164,0.8875973605014087
2019-02-08,EURO STOXX 50,^STOXX50E,3135.6201171875,-0.48167376277081786,1.1638404385920451
2019-02-11,EURO STOXX 50,^STOXX50E,3165.610107421875,0.9518844927248082,1.0813913050496062
2019-02-12,EURO STOXX 50,^STOXX50E,3190.75,0.7910194903747225,1.0624068596364682
2019-02-13,EURO STOXX 50,^STOXX50E,3202.3701171875,0.3635198391656047,1.025346981167822
2019-02-14,EURO STOXX 50,^STOXX50E,3182.659912109375,-0.6173899761014567,0.9550323624054765
2019-02-15,EURO STOXX 50,^STOXX50E,3241.25,1.8241760359433812,0.9256370027489041
2019-02-18,EURO STOXX 50,^STOXX50E,3244.7900390625,0.10915872836712026,1.1369201161701827
2019-02-19,EURO STOXX 50,^STOXX50E,3239.409912109375,-0.16594578292732365,1.038744738526952
2019-02-20,EURO STOXX 50,^STOXX50E,3259.489990234375,0.6179551101347158,0.9593965686161768
2019-02-21,EURO STOXX 50,^STOXX50E,3263.699951171875,0.12907677255533656,0.9229357153562373
2019-02-22,EURO STOXX 50,^STOXX50E,3270.550048828125,0.20966752621038864,0.8611950977498409
2019-02-25,EURO STOXX 50,^STOXX50E,3280.010009765625,0.28882927350686316,0.813074158638286
2019-02-26,EURO STOXX 50,^STOXX50E,3289.320068359375,0.28344031175144835,0.7780022532677555
2019-02-27,EURO STOXX 50,^STOXX50E,3282.77001953125,-0.19932931257056197,0.7496856689497746
2019-02-28,EURO STOXX 50,^STOXX50E,3298.260009765625,0.4707475507837344,0.7255746713936867
2019-03-01,EURO STOXX 50,^STOXX50E,3312.10009765625,0.4187399139759407,0.7237810411461901
2019-03-04,EURO STOXX 50,^STOXX50E,3317.1201171875,0.15145131186198313,0.7172767158758009
2019-03-05,EURO STOXX 50,^STOXX50E,3327.18994140625,0.30311143940568996,0.6956151821358182
2019-03-06,EURO STOXX 50,^STOXX50E,3324.669921875,-0.07576887377673813,0.6860911390884736
2019-03-07,EURO STOXX 50,^STOXX50E,3308.85009765625,-0.47696710535571896,0.6704623916435469
2019-03-08,EURO STOXX 50,^STOXX50E,3283.60009765625,-0.7660315277387753,0.6889895447067583
2019-03-11,EURO STOXX 50,^STOXX50E,3304.43994140625,0.6326589740568878,0.7468600934688091
2019-03-12,EURO STOXX 50,^STOXX50E,3303.949951171875,-0.014829337954935795,0.75944265468493
2019-03-13,EURO STOXX 50,^STOXX50E,3323.449951171875,0.5884677719810938,0.7275372279519263
2019-03-14,EURO STOXX 50,^STOXX50E,3342.030029296875,0.55750302463764,0.7390176425672328
2019-03-15,EURO STOXX 50,^STOXX50E,3386.080078125,1.3094517642622705,0.7438494486093377
2019-03-18,EURO STOXX 50,^STOXX50E,3387.93994140625,0.054911657261769165,0.8890828243419012
2019-03-19,EURO STOXX 50,^STOXX50E,3409.0,0.6196943380739839,0.8324638722153431
2019-03-20,EURO STOXX 50,^STOXX50E,3372.3798828125,-1.0800301350769814,0.8232689967283442
2019-03-21,EURO STOXX 50,^STOXX50E,3367.39990234375,-0.1477787563924693,0.902758460459311
2019-03-22,EURO STOXX 50,^STOXX50E,3305.72998046875,-1.8483583777161527,0.8466843685755987
2019-03-25,EURO STOXX 50,^STOXX50E,3300.47998046875,-0.15894139412075958,1.1111440522644782
2019-03-26,EURO STOXX 50,^STOXX50E,3319.530029296875,0.5755308944793924,1.019475677332274
2019-03-27,EURO STOXX 50,^STOXX50E,3322.0400390625,0.07558483488967482,0.9668261035403054
2019-03-28,EURO STOXX 50,^STOXX50E,3320.2900390625,-0.052692354035599465,0.8965982739246585
2019-03-29,EURO STOXX 50,^STOXX50E,3351.7099609375,0.9418511433491261,0.8391950783540593
2019-04-01,EURO STOXX 50,^STOXX50E,3385.3798828125,0.9995473708729108,0.8768824211656749
2019-04-02,EURO STOXX 50,^STOXX50E,3395.699951171875,0.3043785526690712,0.9148856271190173
2019-04-03,EURO STOXX 50,^STOXX50E,3435.56005859375,1.1670046153357205,0.8611606364366201
2019-04-04,EURO STOXX 50,^STOXX50E,3441.929931640625,0.18523836101085323,0.9360476064669816
2019-04-05,EURO STOXX 50,^STOXX50E,3447.469970703125,0.16082794830225566,0.8733975356494728
2019-04-08,EURO STOXX 50,^STOXX50E,3438.06005859375,-0.2733244333404272,0.8213995942235339
2019-04-09,EURO STOXX 50,^STOXX50E,3417.219970703125,-0.6080029408202847,0.7870708081607471
2019-04-10,EURO STOXX 50,^STOXX50E,3424.64990234375,0.2171901745917637,0.7939849872965575
2019-04-11,EURO STOXX 50,^STOXX50E,3435.340087890625,0.31166792416659206,0.7591252878647055
2019-04-12,EURO STOXX 50,^STOXX50E,3447.830078125,0.3629142863418977,0.7364603570044804
2019-04-15,EURO STOXX 50,^STOXX50E,3450.4599609375,0.07624738667164621,0.7223457942186137
2019-04-16,EURO STOXX 50,^STOXX50E,3463.360107421875,0.37317029737593543,0.6980441339802483
2019-04-17,EURO STOXX 50,^STOXX50E,3477.72998046875,0.4140529338952703,0.6933386206805489
2019-04-18,EURO STOXX 50,^STOXX50E,3499.22998046875,0.6163162229972485,0.6933895346195227
2019-04-23,EURO STOXX 50,^STOXX50E,3503.85009765625,0.13194530995637166,0.7172092156812271
2019-04-24,EURO STOXX 50,^STOXX50E,3502.6298828125,-0.034831038110105794,0.6950167552960735
2019-04-25,EURO STOXX 50,^STOXX50E,3491.919921875,-0.30623755942915665,0.6766239336557482
2019-04-26,EURO STOXX 50,^STOXX50E,3500.409912109375,0.24283735487511393,0.6758292178162298
2019-04-29,EURO STOXX 50,^STOXX50E,3501.93994140625,0.0437004535115193,0.6669956080224084
2019-04-30,EURO STOXX 50,^STOXX50E,3514.6201171875,0.3614360735012312,0.6541742769032506
2019-05-02,EURO STOXX 50,^STOXX50E,3488.929931640625,-0.7336365298447944,0.6586948972716326
2019-05-03,EURO STOXX 50,^STOXX50E,3502.47998046875,0.3876204074485301,0.7196769147831491
2019-05-06,EURO STOXX 50,^STOXX50E,3462.949951171875,-1.1350470561675152,0.7113140147823168
2019-05-07,EURO STOXX 50,^STOXX50E,3401.159912109375,-1.8004288803766144,0.8393320039926291
2019-05-08,EURO STOXX 50,^STOXX50E,3417.260009765625,0.4722539169851103,1.0931409118937307
2019-05-09,EURO STOXX 50,^STOXX50E,3350.7099609375,-1.9666811212395885,1.0181555830067726
2019-05-10,EURO STOXX 50,^STOXX50E,3361.050048828125,0.3081187663463325,1.248063345408239
2019-05-13,EURO STOXX 50,^STOXX50E,3320.780029296875,-1.2053735769100626,1.1377564380156553
2019-05-14,EURO STOXX 50,^STOXX50E,3364.3798828125,1.3043957744590884,1.1565882827890275
2019-05-15,EURO STOXX 50,^STOXX50E,3385.780029296875,0.6340655172744292,1.1788450255033924
2019-05-16,EURO STOXX 50,^STOXX50E,3438.56005859375,1.5468479301926408,1.1022080514563815
2019-05-17,EURO STOXX 50,^STOXX50E,3425.639892578125,-0.37645119214939626,1.1877557445824807
2019-05-20,EURO STOXX 50,^STOXX50E,3369.780029296875,-1.6440815185257307,1.0937069196577098
2019-05-21,EURO STOXX 50,^STOXX50E,3386.510009765625,0.4952426425164802,1.2161215688683344
2019-05-22,EURO STOXX 50,^STOXX50E,3386.719970703125,0.006199728583489161,1.1215852679829148
2019-05-23,EURO STOXX 50,^STOXX50E,3327.199951171875,-1.7730797968082967,1.0253666198173843
2019-05-24,EURO STOXX 50,^STOXX50E,3350.699951171875,0.7038169889115764,1.201691293505615
2019-05-27,EURO STOXX 50,^STOXX50E,3364.0400390625,0.3973379597972837,1.1277309634687458
2019-05-28,EURO STOXX 50,^STOXX50E,3348.860107421875,-0.45226227662293894,1.0417117725203513
2019-05-29,EURO STOXX 50,^STOXX50E,3297.81005859375,-1.5361391919796574,0.9787425887799183
2019-05-31,EURO STOXX 50,^STOXX50E,3280.429931640625,-0.5284139046233705,1.1121622540416738
2019-06-03,EURO STOXX 50,^STOXX50E,3300.219970703125,0.601463351377518,1.0429226365190585
2019-06-04,EURO STOXX 50,^STOXX50E,3333.489990234375,1.003067625219245,0.9883200973822915
2019-06-05,EURO STOXX 50,^STOXX50E,3339.949951171875,0.1936021905338592,0.9987733083021542
2019-06-06,EURO STOXX 50,^STOXX50E,3338.409912109375,-0.04612027867096913,0.92538423908325
2019-06-07,EURO STOXX 50,^STOXX50E,3378.3798828125,1.1901650559927646,0.8627221529022079
2019-06-11,EURO STOXX 50,^STOXX50E,3401.10009765625,0.6702667452184841,0.9419738046419482
2019-06-12,EURO STOXX 50,^STOXX50E,3386.6298828125,-0.4263645373683289,0.9150848150726886
2019-06-13,EURO STOXX 50,^STOXX50E,3390.5,0.11421110927809508,0.8739825567957817
2019-06-14,EURO STOXX 50,^STOXX50E,3379.18994140625,-0.33413846762755384,0.8208141770916371
2019-06-17,EURO STOXX 50,^STOXX50E,3383.2099609375,0.11889329418117711,0.7909431323852263
2019-06-18,EURO STOXX 50,^STOXX50E,3452.889892578125,2.038657902562946,0.7535746050907137
2019-06-19,EURO STOXX 50,^STOXX50E,3454.699951171875,0.05240782027069457,1.099961672314436
2019-06-20,EURO STOXX 50,^STOXX50E,3468.080078125,0.3865540594222949,1.0072608849080409
2019-06-21,EURO STOXX 50,^STOXX50E,3466.919921875,-0.03345800319607406,0.9416066771706899
2019-06-24,EURO STOXX 50,^STOXX50E,3455.570068359375,-0.3279127510980473,0.8759121212198343
2019-06-25,EURO STOXX 50,^STOXX50E,3444.360107421875,-0.3249299779783499,0.8345719708489072
2019-06-26,EURO STOXX 50,^STOXX50E,3442.949951171875,-0.040949405724788335,0.8012085306824926
2019-06-27,EURO STOXX 50,^STOXX50E,3442.3798828125,-0.016558926715859457,0.761431733910445
2019-06-28,EURO STOXX 50,^STOXX50E,3473.68994140625,0.9054354074669035,0.7291469151516387
2019-07-01,EURO STOXX 50,^STOXX50E,3497.590087890625,0.6856772364127295,0.7908818010030948
2019-07-02,EURO STOXX 50,^STOXX50E,3507.97998046875,0.2966182650226301,0.8000279523243016
2019-07-03,EURO STOXX 50,^STOXX50E,3540.6298828125,0.9264276643619951,0.7680198777302015
2019-07-04,EURO STOXX 50,^STOXX50E,3544.14990234375,0.099368503401287,0.822471273600465
2019-07-05,EURO STOXX 50,^STOXX50E,3527.97998046875,-0.4572865691242711,0.778674477348004
2019-07-08,EURO STOXX 50,^STOXX50E,3523.760009765625,-0.11968595588385256,0.7691751446064014
2019-07-09,EURO STOXX 50,^STOXX50E,3509.75,-0.39837942293736717,0.7376265000054572
2019-07-10,EURO STOXX 50,^STOXX50E,3501.52001953125,-0.2347644357083567,0.7312932970178248
2019-07-11,EURO STOXX 50,^STOXX50E,3496.72998046875,-0.13689250342654447,0.713105580059605
2019-07-12,EURO STOXX 50,^STOXX50E,3497.6298828125,0.025732229004660212,0.6937439920759447
2019-07-15,EURO STOXX 50,^STOXX50E,3502.219970703125,0.13114820016397744,0.6751343150680625
2019-07-16,EURO STOXX 50,^STOXX50E,3521.360107421875,0.5450264362689694,0.6618936828778862
2019-07-17,EURO STOXX 50,^STOXX50E,3501.580078125,-0.5632991618021777,0.6842877909373076
2019-07-18,EURO STOXX 50,^STOXX50E,3482.830078125,-0.536911338918955,0.7107326289001489
2019-07-19,EURO STOXX 50,^STOXX50E,3480.179931640625,-0.0761207181556145,0.7268041655356118
2019-07-22,EURO STOXX 50,^STOXX50E,3489.919921875,0.2794793985421151,0.702592828214241
2019-07-23,EURO STOXX 50,^STOXX50E,3532.8701171875,1.2231814016896436,0.689986234534478
2019-07-24,EURO STOXX 50,^STOXX50E,3532.89990234375,0.0008430830940042711,0.833613416798836
2019-07-25,EURO STOXX 50,^STOXX50E,3510.14990234375,-0.646029199115361,0.7872241310747916
2019-07-26,EURO STOXX 50,^STOXX50E,3524.469970703125,0.40713182512082113,0.7994116937320855
2019-07-29,EURO STOXX 50,^STOXX50E,3523.580078125,-0.025252164121702947,0.7754295457581525
2019-07-30,EURO STOXX 50,^STOXX50E,3462.85009765625,-1.7385562757755935,0.740467683528679
2019-07-31,EURO STOXX 50,^STOXX50E,3466.85009765625,0.11544512263181872,1.0185290690205853
2019-08-02,EURO STOXX 50,^STOXX50E,3376.1201171875,-2.651927302844115,0.9399546384234082
2019-08-05,EURO STOXX 50,^STOXX50E,3310.929931640625,-1.9498059790405975,1.4088001272683697
2019-08-06,EURO STOXX 50,^STOXX50E,3291.659912109375,-0.5837125946428046,1.507707707074131
2019-08-07,EURO STOXX 50,^STOXX50E,3309.989990234375,0.555319518645625,1.375935557346696
2019-08-08,EURO STOXX 50,^STOXX50E,3375.3798828125,1.9562710574678732,1.2592605371259722
2019-08-09,EURO STOXX 50,^STOXX50E,3333.739990234375,-1.2413081905490841,1.3910959024712526
2019-08-12,EURO STOXX 50,^STOXX50E,3326.550048828125,-0.2159048376892514,1.358008693535656
2019-08-13,EURO STOXX 50,^STOXX50E,3357.159912109375,0.9159606706370838,1.2291649231504498
2019-08-14,EURO STOXX 50,^STOXX50E,3288.699951171875,-2.060301721987301,1.1744893845736464
2019-08-15,EURO STOXX 50,^STOXX50E,3282.780029296875,-0.18017017457250262,1.373117930968471
2019-08-16,EURO STOXX 50,^STOXX50E,3329.080078125,1.400537969310811,1.240865023395836
2019-08-19,EURO STOXX 50,^STOXX50E,3369.18994140625,1.1976328987783447,1.2601225827190445
2019-08-20,EURO STOXX 50,^STOXX50E,3350.22998046875,-0.5643347633176532,1.2397985978174526
2019-08-21,EURO STOXX 50,^STOXX50E,3394.889892578125,1.3242333887616198,1.1510271324375814
2019-08-22,EURO STOXX 50,^STOXX50E,3373.669921875,-0.6270178828870598,1.178353392996002
2019-08-23,EURO STOXX 50,^STOXX50E,3334.25,-1.1753382905183685,1.1064452932988076
2019-08-26,EURO STOXX 50,^STOXX50E,3348.840087890625,0.4366276940151792,1.127556177478112
2019-08-27,EURO STOXX 50,^STOXX50E,3370.469970703125,0.6438148362438056,1.0440620434486274
2019-08-28,EURO STOXX 50,^STOXX50E,3365.3798828125,-0.15113427318595996,0.9935649661705308
2019-08-29,EURO STOXX 50,^STOXX50E,3411.330078125,1.3561418389800295,0.9214689867266114
2019-08-30,EURO STOXX 50,^STOXX50E,3426.760009765625,0.45129437109796555,1.0188150618698546
2019-09-02,EURO STOXX 50,^STOXX50E,3432.5400390625,0.16853120941799915,0.955609863325697
2019-09-03,EURO STOXX 50,^STOXX50E,3420.739990234375,-0.3443624202901674,0.8890145610148084
2019-09-04,EURO STOXX 50,^STOXX50E,3450.830078125,0.875790537508081,0.8463298808820803
2019-09-05,EURO STOXX 50,^STOXX50E,3484.699951171875,0.9767138822958543,0.8708300702441452
2019-09-06,EURO STOXX 50,^STOXX50E,3495.18994140625,0.3005777539085486,0.9063368757628463
2019-09-09,EURO STOXX 50,^STOXX50E,3495.02001953125,-0.004861710191406132,0.8539934955511127
2019-09-10,EURO STOXX 50,^STOXX50E,3498.989990234375,0.11352489126998933,0.8038341355028958
2019-09-11,EURO STOXX 50,^STOXX50E,3516.820068359375,0.5082839005936535,0.763855453409276
2019-09-12,EURO STOXX 50,^STOXX50E,3538.860107421875,0.6247480101261971,0.7572799192506212
2019-09-13,EURO STOXX 50,^STOXX50E,3550.110107421875,0.3173947443244174,0.7662587793505912
2019-09-16,EURO STOXX 50,^STOXX50E,3518.449951171875,-0.8958081336860602,0.7424795703486863
2019-09-17,EURO STOXX 50,^STOXX50E,3521.260009765625,0.0798345033700798,0.808940053637282
2019-09-18,EURO STOXX 50,^STOXX50E,3528.0400390625,0.19236041424139927,0.7674604191874946
2019-09-19,EURO STOXX 50,^STOXX50E,3552.64990234375,0.6951289374738323,0.736897995602375
2019-09-20,EURO STOXX 50,^STOXX50E,3571.389892578125,0.5261069280614095,0.7608807569536606
2019-09-23,EURO STOXX 50,^STOXX50E,3536.969970703125,-0.9684425535992247,0.7569435108523471
2019-09-24,EURO STOXX 50,^STOXX50E,3532.050048828125,-0.13919673889173367,0.8334932028275791
2019-09-25,EURO STOXX 50,^STOXX50E,3513.030029296875,-0.5399531454839845,0.7900429698123508
2019-09-26,EURO STOXX 50,^STOXX50E,3532.179931640625,0.5436303420893296,0.787458268587868
2019-09-27,EURO STOXX 50,^STOXX50E,3545.8798828125,0.3871108365672171,0.7794475979820108
2019-09-30,EURO STOXX 50,^STOXX50E,3569.449951171875,0.6625175535800665,0.7580281238256866
2019-10-01,EURO STOXX 50,^STOXX50E,3518.25,-1.4447801724193354,0.7719686445077958
2019-10-02,EURO STOXX 50,^STOXX50E,3413.31005859375,-3.0281194745898077,0.9550901533555465
2019-10-03,EURO STOXX 50,^STOXX50E,3417.3701171875,0.11887715329663706,1.5406165457757408
2019-10-04,EURO STOXX 50,^STOXX50E,3446.7099609375,0.8548857852110459,1.381317782731468
2019-10-07,EURO STOXX 50,^STOXX50E,3471.239990234375,0.7091734481083023,1.2907921534427722
2019-10-08,EURO STOXX 50,^STOXX50E,3432.760009765625,-1.1147270838181456,1.2013700704645935
2019-10-09,EURO STOXX 50,^STOXX50E,3462.110107421875,0.8513655641797513,1.18961543244163
2019-10-10,EURO STOXX 50,^STOXX50E,3493.9599609375,0.9157491450999089,1.1345804094489416
2019-10-11,EURO STOXX 50,^STOXX50E,3569.919921875,2.1507412423217076,1.0990641078865884
2019-10-14,EURO STOXX 50,^STOXX50E,3556.260009765625,-0.38337311072531577,1.3339631817429176
2019-10-15,EURO STOXX 50,^STOXX50E,3598.64990234375,1.1849314409689171,1.2164869165497498
2019-10-16,EURO STOXX 50,^STOXX50E,3599.25,0.016674242925773797,1.2038335599337846
2019-10-17,EURO STOXX 50,^STOXX50E,3588.6201171875,-0.2957730284082416,1.094515821871012
2019-10-18,EURO STOXX 50,^STOXX50E,3579.409912109375,-0.2569802333159288,1.011466259408988
2019-10-21,EURO STOXX 50,^STOXX50E,3600.080078125,0.5758131331198513,0.9407209359476479
2019-10-22,EURO STOXX 50,^STOXX50E,3604.820068359375,0.13157686635043575,0.9035720004466252
2019-10-23,EURO STOXX 50,^STOXX50E,3606.889892578125,0.05740176149053866,0.8453561221995489
2019-10-24,EURO STOXX 50,^STOXX50E,3621.3701171875,0.40065642243618527,0.7967879439890438
2019-10-25,EURO STOXX 50,^STOXX50E,3624.679931640625,0.09135500475476732,0.7728201560092375
2019-10-28,EURO STOXX 50,^STOXX50E,3625.68994140625,0.027860917162669807,0.7385242563322666
2019-10-29,EURO STOXX 50,^STOXX50E,3622.090087890625,-0.09933672923558845,0.7106205657163348
2019-10-30,EURO STOXX 50,^STOXX50E,3620.2900390625,-0.049708765175005,0.6904415881163591
2019-10-31,EURO STOXX 50,^STOXX50E,3604.409912109375,-0.43960725385581156,0.6732848282986329
2019-11-01,EURO STOXX 50,^STOXX50E,3623.739990234375,0.534856760518565,0.6866180818532945
2019-11-04,EURO STOXX 50,^STOXX50E,3665.2099609375,1.1378982828876616,0.7014563325827359
2019-11-05,EURO STOXX 50,^STOXX50E,3676.52001953125,0.30810360966242456,0.8207980911195921
2019-11-06,EURO STOXX 50,^STOXX50E,3688.739990234375,0.33182757702281407,0.7853278833759944
2019-11-07,EURO STOXX 50,^STOXX50E,3706.679931640625,0.4851645149466677,0.758564272073959
2019-11-08,EURO STOXX 50,^STOXX50E,3699.64990234375,-0.18983846427929052,0.7507378464882914
2019-11-11,EURO STOXX 50,^STOXX50E,3696.820068359375,-0.07651850500725033,0.7259150092968931
2019-11-12,EURO STOXX 50,^STOXX50E,3712.199951171875,0.4151670494358939,0.7018976705662944
2019-11-13,EURO STOXX 50,^STOXX50E,3699.5,-0.34270042459727534,0.7000656209185065
2019-11-14,EURO STOXX 50,^STOXX50E,3688.81005859375,-0.2893746683898968,0.6970306078726363
2019-11-15,EURO STOXX 50,^STOXX50E,3711.610107421875,0.6161844991657617,0.690197761877635
2019-11-18,EURO STOXX 50,^STOXX50E,3704.919921875,-0.18041287057659616,0.7148263811358909
2019-11-19,EURO STOXX 50,^STOXX50E,3696.56005859375,-0.22589716808827376,0.6970783633458811
2019-11-20,EURO STOXX 50,^STOXX50E,3683.8798828125,-0.3436160542831246,0.6857633120655269
2019-11-21,EURO STOXX 50,^STOXX50E,3679.659912109375,-0.11461800391234789,0.6861269081417456
2019-11-22,EURO STOXX 50,^STOXX50E,3687.320068359375,0.2079592731613289,0.6716972197982517
2019-11-25,EURO STOXX 50,^STOXX50E,3707.679931640625,0.5506400195960381,0.6620167134518647
2019-11-26,EURO STOXX 50,^STOXX50E,3705.550048828125,-0.0574616699257291,0.6851043801822982
2019-11-27,EURO STOXX 50,^STOXX50E,3712.85009765625,0.19680931306762517,0.6692511041808203
2019-11-28,EURO STOXX 50,^STOXX50E,3704.47998046875,-0.2256909333196333,0.6596118922908425
2019-11-29,EURO STOXX 50,^STOXX50E,3703.580078125,-0.02429522279943086,0.6567196040493801
2019-12-02,EURO STOXX 50,^STOXX50E,3626.659912109375,-2.098785023231464,0.6464706199238454
2019-12-03,EURO STOXX 50,^STOXX50E,3610.989990234375,-0.4330120017021599,1.0843507281649523
2019-12-04,EURO STOXX 50,^STOXX50E,3660.02001953125,1.3486646944508962,1.012109781197533
2019-12-05,EURO STOXX 50,^STOXX50E,3648.1298828125,-0.3253941796169002,1.0811995664349785
2019-12-06,EURO STOXX 50,^STOXX50E,3692.340087890625,1.2045751792147286,1.0021250041448997
2019-12-09,EURO STOXX 50,^STOXX50E,3672.179931640625,-0.5474954662386011,1.0451644903679074
2019-12-10,EURO STOXX 50,^STOXX50E,3671.780029296875,-0.010890646089301015,0.9902204450075678
2019-12-11,EURO STOXX 50,^STOXX50E,3687.449951171875,0.4258582921973897,0.9158860209460589
2019-12-12,EURO STOXX 50,^STOXX50E,3706.35009765625,0.5112442188249133,0.870029271682695
2019-12-13,EURO STOXX 50,^STOXX50E,3731.070068359375,0.6647482912235603,0.8408130456757023
2019-12-16,EURO STOXX 50,^STOXX50E,3772.739990234375,1.1106451227341552,0.8354051770492861
2019-12-17,EURO STOXX 50,^STOXX50E,3745.280029296875,-0.7305136986293093,0.9063022743038098
2019-12-18,EURO STOXX 50,^STOXX50E,3739.0,-0.16781923568274237,0.9023513543520083
2019-12-19,EURO STOXX 50,^STOXX50E,3739.169921875,0.004544477507373301,0.8470968770332944
2019-12-20,EURO STOXX 50,^STOXX50E,3776.56005859375,0.994991711694837,0.7981641862404553
2019-12-23,EURO STOXX 50,^STOXX50E,3776.659912109375,0.002643998613116594,0.8569804906391679
2019-12-27,EURO STOXX 50,^STOXX50E,3782.27001953125,0.1484365777349339,0.8062226636673283
2019-12-30,EURO STOXX 50,^STOXX50E,3748.469970703125,-0.8976614738495314,0.7665853302553182
2020-01-03,EURO STOXX 50,^STOXX50E,3773.3701171875,0.662078351867379,0.826352023515914
2020-01-06,EURO STOXX 50,^STOXX50E,3752.52001953125,-0.5540912934398179,0.8239171829379849
2020-01-07,EURO STOXX 50,^STOXX50E,3759.25,0.17918499240323627,0.8153343886574629
2020-01-08,EURO STOXX 50,^STOXX50E,3772.56005859375,0.3534362217225251,0.7748597033616647
2020-01-09,EURO STOXX 50,^STOXX50E,3795.8798828125,0.6162405514805513,0.7518067387842083
2020-01-10,EURO STOXX 50,^STOXX50E,3789.52001953125,-0.16768700011589033,0.7609889167147655
2020-01-13,EURO STOXX 50,^STOXX50E,3779.679931640625,-0.26000352738737575,0.7329948170677237
2020-01-14,EURO STOXX 50,^STOXX50E,3774.8798828125,-0.12707688050568322,0.7160923402725966
2020-01-15,EURO STOXX 50,^STOXX50E,3768.9599609375,-0.15694721024832603,0.6957166054129255
2020-01-16,EURO STOXX 50,^STOXX50E,3774.139892578125,0.1373422745409414,0.6809452076973994
2020-01-17,EURO STOXX 50,^STOXX50E,3808.260009765625,0.8999880758421952,0.6666108696892161
2020-01-20,EURO STOXX 50,^STOXX50E,3799.030029296875,-0.2426615772648688,0.7462902059961807
2020-01-21,EURO STOXX 50,^STOXX50E,3789.1201171875,-0.2611945613113065,0.7254131222212071
2020-01-22,EURO STOXX 50,^STOXX50E,3769.7900390625,-0.5114525735153919,0.7102302799702578
2020-01-23,EURO STOXX 50,^STOXX50E,3736.85009765625,-0.8776270670658448,0.7231334294039167
2020-01-24,EURO STOXX 50,^STOXX50E,3779.159912109375,1.1258702775593932,0.7918289494049322
2020-01-27,EURO STOXX 50,^STOXX50E,3677.840087890625,-2.7176092227566784,0.8790128259388582
2020-01-28,EURO STOXX 50,^STOXX50E,3719.219970703125,1.1188313773127234,1.4001065594189295
2020-01-29,EURO STOXX 50,^STOXX50E,3736.360107421875,0.4597943214580624,1.338775991580477
2020-01-30,EURO STOXX 50,^STOXX50E,3690.780029296875,-1.2274078451682158,1.221800506218439
2020-01-31,EURO STOXX 50,^STOXX50E,3640.909912109375,-1.3604199501944692,1.2243619144167133
2020-02-03,EURO STOXX 50,^STOXX50E,3661.27001953125,0.5576460830553742,1.250450700273472
2020-02-04,EURO STOXX 50,^STOXX50E,3732.280029296875,1.9209227720935473,1.1547574813258554
2020-02-05,EURO STOXX 50,^STOXX50E,3777.840087890625,1.2133126181716136,1.3110123251962476
2020-02-06,EURO STOXX 50,^STOXX50E,3805.52001953125,0.7300208397701624,1.282069814661455
2020-02-07,EURO STOXX 50,^STOXX50E,3798.489990234375,-0.18490326264100077,1.196240065111993
2020-02-10,EURO STOXX 50,^STOXX50E,3793.179931640625,-0.1398917369792585,1.091620902591392
2020-02-11,EURO STOXX 50,^STOXX50E,3825.840087890625,0.8573374585440163,1.0026027532420834
2020-02-12,EURO STOXX 50,^STOXX50E,3854.429931640625,0.7445044441222848,0.9872262749068218
2020-02-13,EURO STOXX 50,^STOXX50E,3846.739990234375,-0.1997084609248745,0.9599376603212161
2020-02-14,EURO STOXX 50,^STOXX50E,3840.969970703125,-0.15011025764604113,0.8955938805751535
2020-02-17,EURO STOXX 50,^STOXX50E,3853.27001953125,0.3197212283863493,0.840913443089159
2020-02-18,EURO STOXX 50,^STOXX50E,3836.5400390625,-0.43512145910202804,0.8021845714903892
2020-02-19,EURO STOXX 50,^STOXX50E,3865.179931640625,0.7437306134576716,0.7852114539425418
2020-02-20,EURO STOXX 50,^STOXX50E,3822.97998046875,-1.097801696910139,0.8042134397517867
2020-02-21,EURO STOXX 50,^STOXX50E,3800.3798828125,-0.5929187201150654,0.8932751660991147
2020-02-24,EURO STOXX 50,^STOXX50E,3647.97998046875,-4.092744651001645,0.8740832281859271
2020-02-25,EURO STOXX 50,^STOXX50E,3572.510009765625,-2.0905151675158606,1.8864503004016018
2020-02-26,EURO STOXX 50,^STOXX50E,3577.679931640625,0.14460938292018,1.8915485447041283
2020-02-27,EURO STOXX 50,^STOXX50E,3455.919921875,-3.462584662136692,1.6829849388106917
2020-02-28,EURO STOXX 50,^STOXX50E,3329.489990234375,-3.726954374261382,2.0806925389466118
2020-03-02,EURO STOXX 50,^STOXX50E,3338.830078125,0.2801333440171305,2.408849653612233
2020-03-03,EURO STOXX 50,^STOXX50E,3371.969970703125,0.987666499736406,2.132279929176908
2020-03-04,EURO STOXX 50,^STOXX50E,3420.56005859375,1.430716287554823,1.9312081346404513
2020-03-05,EURO STOXX 50,^STOXX50E,3363.580078125,-1.6798391314630123,1.8113923673204122
2020-03-06,EURO STOXX 50,^STOXX50E,3232.070068359375,-3.9883086184952177,1.7601343698123428
2020-03-09,EURO STOXX 50,^STOXX50E,2959.070068359375,-8.824776710983162,2.281186743066769
2020-03-10,EURO STOXX 50,^STOXX50E,2910.02001953125,-1.6715092156916356,4.171230450214267
2020-03-11,EURO STOXX 50,^STOXX50E,2905.56005859375,-0.1533797747408805,3.7306683095206292
2020-03-12,EURO STOXX 50,^STOXX50E,2545.22998046875,-13.240515144998977,3.280783724217341
2020-03-13,EURO STOXX 50,^STOXX50E,2586.02001953125,1.5899010298094929,6.186136160742927
2020-03-16,EURO STOXX 50,^STOXX50E,2450.3701171875,-5.388094043766323,5.462883517161487
2020-03-17,EURO STOXX 50,^STOXX50E,2530.5,3.217783028522181,5.287187555907186
2020-03-18,EURO STOXX 50,^STOXX50E,2385.820068359375,-5.887400225671424,4.821882963280724
2020-03-19,EURO STOXX 50,^STOXX50E,2454.080078125,2.8209068013815397,4.884823906905737
2020-03-20,EURO STOXX 50,^STOXX50E,2548.5,3.7752973368862186,4.439449531455319
2020-03-23,EURO STOXX 50,^STOXX50E,2485.5400390625,-2.5014995317584443,4.193573438361117
2020-03-24,EURO STOXX 50,^STOXX50E,2715.110107421875,8.834255230302723,3.8285469866422384
2020-03-25,EURO STOXX 50,^STOXX50E,2800.139892578125,3.0836869784759635,4.950914576811261
2020-03-26,EURO STOXX 50,^STOXX50E,2847.780029296875,1.687037609445774,4.524208897186576
2020-03-27,EURO STOXX 50,^STOXX50E,2728.64990234375,-4.273280805764035,4.030973651037935
2020-03-30,EURO STOXX 50,^STOXX50E,2765.6201171875,1.3457938070896347,3.9610207149184506
2020-03-31,EURO STOXX 50,^STOXX50E,2786.89990234375,0.76649482635327,3.523062268296481
2020-04-01,EURO STOXX 50,^STOXX50E,2680.300048828125,-3.90010851655731,3.1138763242610827
2020-04-02,EURO STOXX 50,^STOXX50E,2688.489990234375,0.30509473082451777,3.184912816006106
2020-04-03,EURO STOXX 50,^STOXX50E,2662.989990234375,-0.9530146087850966,2.806654146169869
2020-04-06,EURO STOXX 50,^STOXX50E,2795.969970703125,4.872953622778731,2.5079770413071585
2020-04-07,EURO STOXX 50,^STOXX50E,2857.669921875,2.1827495919922946,2.9834925869604074
2020-04-08,EURO STOXX 50,^STOXX50E,2851.27001953125,-0.22420642327229956,2.77513507942093
2020-04-09,EURO STOXX 50,^STOXX50E,2892.7900390625,1.4456931945521667,2.449978682898802
2020-04-14,EURO STOXX 50,^STOXX50E,2917.739990234375,0.8587892804300168,2.2429807017914336
2020-04-15,EURO STOXX 50,^STOXX50E,2808.199951171875,-3.826564934832888,2.015358088403104
2020-04-16,EURO STOXX 50,^STOXX50E,2812.35009765625,0.1476776188297002,2.3929520305430243
2020-04-17,EURO STOXX 50,^STOXX50E,2888.300048828125,2.664764315844792,2.116527598019448
2020-04-20,EURO STOXX 50,^STOXX50E,2909.5,0.731313445713333,2.1688764986026645
2020-04-21,EURO STOXX 50,^STOXX50E,2791.340087890625,-4.145944635682763,1.9436368839222191
2020-04-22,EURO STOXX 50,^STOXX50E,2834.89990234375,1.5484829983364534,2.438111552233994
2020-04-23,EURO STOXX 50,^STOXX50E,2852.4599609375,0.6175137433300115,2.244516265499893
2020-04-24,EURO STOXX 50,^STOXX50E,2809.070068359375,-1.5328274127259789,2.002159638978061
2020-04-27,EURO STOXX 50,^STOXX50E,2882.090087890625,2.566226385169035,1.8905549679674056
2020-04-28,EURO STOXX 50,^STOXX50E,2932.06005859375,1.7189511747187858,1.980668609802729
2020-04-29,EURO STOXX 50,^STOXX50E,2996.080078125,2.15995259978623,1.8923923414636645
2020-04-30,EURO STOXX 50,^STOXX50E,2927.929931640625,-2.3009128281784363,1.8988731395466696
2020-05-04,EURO STOXX 50,^STOXX50E,2816.47998046875,-3.88077939812268,1.942435457610137
2020-05-05,EURO STOXX 50,^STOXX50E,2875.909912109375,2.08812439641326,2.3614568235599758
2020-05-06,EURO STOXX 50,^STOXX50E,2843.760009765625,-1.1241991716516075,2.2548572298735228
2020-05-07,EURO STOXX 50,^STOXX50E,2880.60009765625,1.2871516055659171,2.051973081106132
2020-05-08,EURO STOXX 50,^STOXX50E,2908.110107421875,0.9504782895422892,1.8933990746553429
2020-05-11,EURO STOXX 50,^STOXX50E,2883.75,-0.841189207376658,1.726363502811992
2020-05-12,EURO STOXX 50,^STOXX50E,2884.199951171875,0.015601771048512347,1.5811900005108908
2020-05-13,EURO STOXX 50,^STOXX50E,2810.550048828125,-2.5867337112661204,1.4155408144385666
2020-05-14,EURO STOXX 50,^STOXX50E,2760.22998046875,-1.8066208589237576,1.668820668066414
2020-05-15,EURO STOXX 50,^STOXX50E,2770.699951171875,0.3785975717851109,1.671517520267573
2020-05-18,EURO STOXX 50,^STOXX50E,2911.8798828125,4.969890221724249,1.499989859259712
2020-05-19,EURO STOXX 50,^STOXX50E,2902.580078125,-0.319885687755761,2.442332277279927
2020-05-20,EURO STOXX 50,^STOXX50E,2942.389892578125,1.362211619563336,2.1635172072429834
2020-05-22,EURO STOXX 50,^STOXX50E,2905.469970703125,-1.2626982616440685,1.9946411588422428
2020-05-25,EURO STOXX 50,^STOXX50E,2971.35009765625,2.2421270709473973,1.849392730074336
2020-05-26,EURO STOXX 50,^STOXX50E,2999.219970703125,0.9335817233470323,1.8823100009893834
2020-05-27,EURO STOXX 50,^STOXX50E,3051.080078125,1.7143406813548978,1.7155098862642066
2020-05-28,EURO STOXX 50,^STOXX50E,3094.469970703125,1.4120986155671034,1.6813844233227926
2020-05-29,EURO STOXX 50,^STOXX50E,3050.199951171875,-1.440949183153073,1.606343643164189
2020-06-02,EURO STOXX 50,^STOXX50E,3159.02001953125,3.5054712868266336,1.5594146142382836
2020-06-03,EURO STOXX 50,^STOXX50E,3269.590087890625,3.440276256634789,2.0019788093065585
2020-06-04,EURO STOXX 50,^STOXX50E,3261.669921875,-0.24253114670287346,2.2671589819865696
2020-06-05,EURO STOXX 50,^STOXX50E,3384.2900390625,3.6904836814633413,2.0100145657209487
2020-06-08,EURO STOXX 50,^STOXX50E,3366.2900390625,-0.5332887678154208,2.3378896558308933
2020-06-09,EURO STOXX 50,^STOXX50E,3320.7099609375,-1.3632655612864752,2.0810950429501367
2020-06-10,EURO STOXX 50,^STOXX50E,3293.7099609375,-0.8164026561431115,1.9329394440563807
2020-06-11,EURO STOXX 50,^STOXX50E,3144.570068359375,-4.63373995782419,1.7528637100427173
2020-06-12,EURO STOXX 50,^STOXX50E,3153.739990234375,0.2911869459900629,2.477167896358374
2020-06-15,EURO STOXX 50,^STOXX50E,3136.39990234375,-0.5513432804987062,2.1916943669106606
2020-06-16,EURO STOXX 50,^STOXX50E,3242.64990234375,3.331525238546007,1.9562019561524404
2020-06-17,EURO STOXX 50,^STOXX50E,3267.260009765625,0.7560849533524205,2.20836908692285
2020-06-18,EURO STOXX 50,^STOXX50E,3249.89990234375,-0.5327519568707473,1.9789644483748134
2020-06-19,EURO STOXX 50,^STOXX50E,3269.10009765625,0.5890550952839746,1.7728140353697557
2020-06-22,EURO STOXX 50,^STOXX50E,3241.68994140625,-0.8419966862454942,1.5969157171560975
2020-06-23,EURO STOXX 50,^STOXX50E,3298.830078125,1.7473103155552394,1.4732827995629645
2020-06-24,EURO STOXX 50,^STOXX50E,3196.1201171875,-3.163027303605226,1.501306855386662
2020-06-25,EURO STOXX 50,^STOXX50E,3218.909912109375,0.7105154829488924,1.8829476727861656
2020-06-26,EURO STOXX 50,^STOXX50E,3204.169921875,-0.45897035349504733,1.6983944836396723
2020-06-29,EURO STOXX 50,^STOXX50E,3232.02001953125,0.8654272708646715,1.5292705440567032
2020-06-30,EURO STOXX 50,^STOXX50E,3234.070068359375,0.06340922780072589,1.413967327599955
2020-07-01,EURO STOXX 50,^STOXX50E,3228.449951171875,-0.17392963077327295,1.272765426135725
2020-07-02,EURO STOXX 50,^STOXX50E,3320.090087890625,2.798978669522967,1.1557381096538024
2020-07-03,EURO STOXX 50,^STOXX50E,3294.3798828125,-0.7773966674259114,1.5546368724129849
2020-07-06,EURO STOXX 50,^STOXX50E,3350.030029296875,1.6751358973207786,1.4317865899990272
2020-07-07,EURO STOXX 50,^STOXX50E,3321.56005859375,-0.853474003792698,1.4560808837854595
2020-07-08,EURO STOXX 50,^STOXX50E,3286.090087890625,-1.0736134819117282,1.3580538478495512
2020-07-09,EURO STOXX 50,^STOXX50E,3261.169921875,-0.7612432168617289,1.3065134864550916
2020-07-10,EURO STOXX 50,^STOXX50E,3296.219970703125,1.0690345764144737,1.2252855528543987
2020-07-13,EURO STOXX 50,^STOXX50E,3350.0,1.6183997332475997,1.192625766981563
2020-07-14,EURO STOXX 50,^STOXX50E,3321.389892578125,-0.8577008172023781,1.2679477661944463
2020-07-15,EURO STOXX 50,^STOXX50E,3378.2099609375,1.6962634187995818,1.2052585672951543
2020-07-16,EURO STOXX 50,^STOXX50E,3365.35009765625,-0.38139732598878595,1.293858649903986
2020-07-17,EURO STOXX 50,^STOXX50E,3365.60009765625,0.007428371711526438,1.1826926244673501
2020-07-20,EURO STOXX 50,^STOXX50E,3388.340087890625,0.6733869574892637,1.0767215677090913
2020-07-21,EURO STOXX 50,^STOXX50E,3405.35009765625,0.5007601125862848,1.0230465816256562
2020-07-22,EURO STOXX 50,^STOXX50E,3370.760009765625,-1.0209511887318001,0.9629954594197713
2020-07-23,EURO STOXX 50,^STOXX50E,3371.739990234375,0.02906875715673607,0.992312923634376
2020-07-24,EURO STOXX 50,^STOXX50E,3310.889892578125,-1.8211925718329525,0.9174850466871021
2020-07-27,EURO STOXX 50,^STOXX50E,3302.840087890625,-0.24342719422527637,1.1459524934921497
2020-07-28,EURO STOXX 50,^STOXX50E,3303.56005859375,0.021796157968445584,1.0517301947896618
2020-07-29,EURO STOXX 50,^STOXX50E,3300.159912109375,-0.1029767100945378,0.9669041199248071
2020-07-30,EURO STOXX 50,^STOXX50E,3208.199951171875,-2.8260908532519835,0.8980537702101964
2020-07-31,EURO STOXX 50,^STOXX50E,3174.320068359375,-1.0616559267743853,1.4455095023649858
2020-08-03,EURO STOXX 50,^STOXX50E,3248.280029296875,2.303217678650782,1.3749605196429602
2020-08-04,EURO STOXX 50,^STOXX50E,3254.2900390625,0.1848503411350677,1.554619868117689
2020-08-05,EURO STOXX 50,^STOXX50E,3268.3798828125,0.43202755417866,1.3942965980434898
2020-08-06,EURO STOXX 50,^STOXX50E,3240.389892578125,-0.8600753672949324,1.266960760192467
2020-08-07,EURO STOXX 50,^STOXX50E,3252.64990234375,0.3776358908224253,1.2047595221931464
2020-08-10,EURO STOXX 50,^STOXX50E,3259.7099609375,0.2168203695068982,1.1047657924578989
2020-08-11,EURO STOXX 50,^STOXX50E,3332.1201171875,2.197055084784516,1.0142426032028604
2020-08-12,EURO STOXX 50,^STOXX50E,3363.179931640625,0.9278161408680319,1.2945354267717077
2020-08-13,EURO STOXX 50,^STOXX50E,3342.85009765625,-0.6063168872193714,1.22862603032865
2020-08-14,EURO STOXX 50,^STOXX50E,3305.050048828125,-1.1372149211345217,1.1456287410708437
2020-08-17,EURO STOXX 50,^STOXX50E,3305.85009765625,0.024203930306221366,1.1505205770917848
2020-08-18,EURO STOXX 50,^STOXX50E,3289.639892578125,-0.4915552215907226,1.049623513776408
2020-08-19,EURO STOXX 50,^STOXX50E,3317.6201171875,0.8469590065725896,0.9885821806418444
2020-08-20,EURO STOXX 50,^STOXX50E,3273.97998046875,-1.324132947973311,0.9748334309112703
2020-08-21,EURO STOXX 50,^STOXX50E,3259.75,-0.4355858907750587,1.0611208920541868
2020-08-24,EURO STOXX 50,^STOXX50E,3331.739990234375,2.184418179498415,0.9932560295189792
2020-08-25,EURO STOXX 50,^STOXX50E,3329.7099609375,-0.060948573496588665,1.2783676881524166
2020-08-26,EURO STOXX 50,^STOXX50E,3356.760009765625,0.8091024566040161,1.1580689419351522
2020-08-27,EURO STOXX 50,^STOXX50E,3331.0400390625,-0.7691646675358044,1.1040612574728847
2020-08-28,EURO STOXX 50,^STOXX50E,3315.5400390625,-0.4664061191178348,1.0626748386192184
2020-08-31,EURO STOXX 50,^STOXX50E,3272.510009765625,-1.30632405318174,0.9970464373058028
2020-09-01,EURO STOXX 50,^STOXX50E,3277.580078125,0.15480914930687817,1.0730474100282643
2020-09-02,EURO STOXX 50,^STOXX50E,3337.77001953125,1.8197556140004068,0.9860960526395972
2020-09-03,EURO STOXX 50,^STOXX50E,3304.219970703125,-1.0102494650322313,1.1740993536526891
2020-09-04,EURO STOXX 50,^STOXX50E,3260.590087890625,-1.3292242977948732,1.1518666039319947
2020-09-07,EURO STOXX 50,^STOXX50E,3314.070068359375,1.6268874364920194,1.190374278646161
2020-09-08,EURO STOXX 50,^STOXX50E,3267.3701171875,-1.4191646097041044,1.2681410464890608
2020-09-09,EURO STOXX 50,^STOXX50E,3324.830078125,1.743315265680856,1.2944497412618619
2020-09-10,EURO STOXX 50,^STOXX50E,3312.77001953125,-0.3633865158302996,1.3682430178623282
2020-09-11,EURO STOXX 50,^STOXX50E,3315.81005859375,0.09172520328082356,1.2442424259283553
2020-09-14,EURO STOXX 50,^STOXX50E,3316.7900390625,0.02955041647165757,1.128935659737097
2020-09-15,EURO STOXX 50,^STOXX50E,3332.260009765625,0.46532958855749484,1.0314961148762425
2020-09-16,EURO STOXX 50,^STOXX50E,3338.840087890625,0.19727121951689242,0.9670478253431032
2020-09-17,EURO STOXX 50,^STOXX50E,3316.570068359375,-0.6692330638133015,0.899292812827371
2020-09-18,EURO STOXX 50,^STOXX50E,3283.68994140625,-0.9963364746583991,0.8884702851383788
2020-09-21,EURO STOXX 50,^STOXX50E,3160.949951171875,-3.8095172331987115,0.9328558991534729
2020-09-22,EURO STOXX 50,^STOXX50E,3164.1298828125,0.10054993745551855,1.8047066696289555
2020-09-23,EURO STOXX 50,^STOXX50E,3180.110107421875,0.5037721911632431,1.6077630137982404
2020-09-24,EURO STOXX 50,^STOXX50E,3159.639892578125,-0.6457758107876188,1.4516480845477897
2020-09-25,EURO STOXX 50,^STOXX50E,3137.06005859375,-0.717198880263048,1.3339979124134362
2020-09-28,EURO STOXX 50,^STOXX50E,3223.18994140625,2.708545994697431,1.243176071258061
2020-09-29,EURO STOXX 50,^STOXX50E,3214.300048828125,-0.27619144240222937,1.579204679545075
2020-09-30,EURO STOXX 50,^STOXX50E,3193.610107421875,-0.6457647751398454,1.419363665228828
2020-10-01,EURO STOXX 50,^STOXX50E,3194.090087890625,0.015028271677586247,1.307088746133282
2020-10-02,EURO STOXX 50,^STOXX50E,3190.929931640625,-0.09898658104035007,1.1818446761654842
2020-10-05,EURO STOXX 50,^STOXX50E,3220.219970703125,0.9137282170481598,1.0772375368747036
2020-10-06,EURO STOXX 50,^STOXX50E,3233.300048828125,0.4053631505385624,1.0536066348605482
2020-10-07,EURO STOXX 50,^STOXX50E,3233.429931640625,0.004016954872376743,0.9809240101866551
2020-10-08,EURO STOXX 50,^STOXX50E,3255.760009765625,0.688226618925647,0.9080973782589915
2020-10-09,EURO STOXX 50,^STOXX50E,3273.1201171875,0.5317955911955607,0.890677973486868
2020-10-12,EURO STOXX 50,^STOXX50E,3298.1201171875,0.7608950434054407,0.8592407330631995
2020-10-13,EURO STOXX 50,^STOXX50E,3279.18994140625,-0.5756221884658075,0.8627451713391932
2020-10-14,EURO STOXX 50,^STOXX50E,3273.280029296875,-0.18038735738894474,0.8481266743506553
2020-10-15,EURO STOXX 50,^STOXX50E,3192.68994140625,-2.4928745948567865,0.8035281550436573
2020-10-16,EURO STOXX 50,^STOXX50E,3245.469970703125,1.6396365565393367,1.2890860576543088
2020-10-19,EURO STOXX 50,^STOXX50E,3242.510009765625,-0.09124445980948082,1.342684057109842
2020-10-20,EURO STOXX 50,^STOXX50E,3227.8701171875,-0.45252109685307573,1.2130300308043693
2020-10-21,EURO STOXX 50,^STOXX50E,3180.699951171875,-1.4721230284271414,1.119887734419065
2020-10-22,EURO STOXX 50,^STOXX50E,3171.409912109375,-0.29250267662490614,1.1961103560736632
2020-10-23,EURO STOXX 50,^STOXX50E,3198.860107421875,0.8618273678376198,1.0959629808447158
2020-10-26,EURO STOXX 50,^STOXX50E,3105.25,-2.9700302472706497,1.061180882024389
2020-10-27,EURO STOXX 50,^STOXX50E,3070.60009765625,-1.1221213395867125,1.5740802668145129
2020-10-28,EURO STOXX 50,^STOXX50E,2963.5400390625,-3.5488501157039387,1.4870089318085835
2020-10-29,EURO STOXX 50,^STOXX50E,2960.030029296875,-0.11850995720230628,1.9891191863243933
2020-10-30,EURO STOXX 50,^STOXX50E,2958.2099609375,-0.061507083854550615,1.7674943163229022
2020-11-02,EURO STOXX 50,^STOXX50E,3019.5400390625,2.052017236231851,1.575885932140518
2020-11-03,EURO STOXX 50,^STOXX50E,3098.719970703125,2.5884598701766848,1.6394436563272858
2020-11-04,EURO STOXX 50,^STOXX50E,3161.070068359375,1.9921485961758023,1.8062899299177526
2020-11-05,EURO STOXX 50,^STOXX50E,3215.56005859375,1.7090944753578086,1.8012921842933056
2020-11-06,EURO STOXX 50,^STOXX50E,3204.050048828125,-0.35858944411284455,1.747957120819246
2020-11-09,EURO STOXX 50,^STOXX50E,3407.909912109375,6.168352456048787,1.5667623909369621
2020-11-10,EURO STOXX 50,^STOXX50E,3442.6201171875,1.0133669063668194,2.894872172261367
2020-11-11,EURO STOXX 50,^STOXX50E,3467.300048828125,0.7143363742025954,2.5840735784452225
2020-11-12,EURO STOXX 50,^STOXX50E,3428.199951171875,-1.134087933542638,2.2992984033675827
2020-11-13,EURO STOXX 50,^STOXX50E,3432.070068359375,0.11282697581975754,2.090373503814146
2020-11-16,EURO STOXX 50,^STOXX50E,3466.2099609375,0.9898169157276371,1.8542825640147165
2020-11-17,EURO STOXX 50,^STOXX50E,3468.47998046875,0.0654685250966125,1.6972159720220987
2020-11-18,EURO STOXX 50,^STOXX50E,3482.169921875,0.3939188220110523,1.5151320474945225
2020-11-19,EURO STOXX 50,^STOXX50E,3451.969970703125,-0.8710566152011268,1.3673861866986117
2020-11-20,EURO STOXX 50,^STOXX50E,3467.60009765625,0.45176660925587697,1.2874863261989322
2020-11-23,EURO STOXX 50,^STOXX50E,3463.0400390625,-0.1315912862830615,1.178282348928618
2020-11-24,EURO STOXX 50,^STOXX50E,3507.97998046875,1.289354035973922,1.0749774814783437
2020-11-25,EURO STOXX 50,^STOXX50E,3511.89990234375,0.11168060843953498,1.1151444027624942
2020-11-26,EURO STOXX 50,^STOXX50E,3510.93994140625,-0.02733825531660017,1.0205201521423306
2020-11-27,EURO STOXX 50,^STOXX50E,3527.7900390625,0.47878324332302213,0.9411801381031714
2020-11-30,EURO STOXX 50,^STOXX50E,3492.5400390625,-1.0042347254444195,0.894769595434697
2020-12-01,EURO STOXX 50,^STOXX50E,3525.239990234375,0.9319239900966281,0.9389317922894883
2020-12-02,EURO STOXX 50,^STOXX50E,3521.320068359375,-0.11125775546521055,0.9496458971109275
2020-12-03,EURO STOXX 50,^STOXX50E,3517.10009765625,-0.11991245504656689,0.8840356466554941
2020-12-04,EURO STOXX 50,^STOXX50E,3539.27001953125,0.6283682532075119,0.8304796842756141
2020-12-07,EURO STOXX 50,^STOXX50E,3530.080078125,-0.25999410005344004,0.8228010577065618
2020-12-08,EURO STOXX 50,^STOXX50E,3525.8701171875,-0.11933081500128395,0.7873463302310736
2020-12-09,EURO STOXX 50,^STOXX50E,3529.02001953125,0.08929699802582292,0.7521708799330215
2020-12-10,EURO STOXX 50,^STOXX50E,3522.31005859375,-0.19031765322257144,0.7219625502112983
2020-12-11,EURO STOXX 50,^STOXX50E,3485.840087890625,-1.0407967626290926,0.7032042687093596
2020-12-14,EURO STOXX 50,^STOXX50E,3503.9599609375,0.5184672954891667,0.812366151390542
2020-12-15,EURO STOXX 50,^STOXX50E,3521.5,0.49932888675563447,0.7961043272843287
2020-12-16,EURO STOXX 50,^STOXX50E,3543.0,0.6086790680006615,0.7814050763030954
2020-12-17,EURO STOXX 50,^STOXX50E,3560.8701171875,0.5031104056447688,0.7825562637076642
2020-12-18,EURO STOXX 50,^STOXX50E,3545.739990234375,-0.42580497831625763,0.7712357353123249
2020-12-21,EURO STOXX 50,^STOXX50E,3448.679931640625,-2.7755350844280713,0.7601121304658671
2020-12-22,EURO STOXX 50,^STOXX50E,3497.489990234375,1.4054036263759784,1.3658354507509955
2020-12-23,EURO STOXX 50,^STOXX50E,3539.260009765625,1.1872102928977668,1.3564487958782607
2020-12-28,EURO STOXX 50,^STOXX50E,3575.409912109375,1.0162161797751423,1.3138571253027478
2020-12-29,EURO STOXX 50,^STOXX50E,3581.3701171875,0.16656111915285265,1.2556101041818435
2020-12-30,EURO STOXX 50,^STOXX50E,3571.590087890625,-0.2734542094694703,1.1396809127649623
2021-01-04,EURO STOXX 50,^STOXX50E,3564.389892578125,-0.2017998305955615,1.0478856814583866
2021-01-05,EURO STOXX 50,^STOXX50E,3547.85009765625,-0.46510873539578057,0.968319192657786
2021-01-06,EURO STOXX 50,^STOXX50E,3611.080078125,1.7665104472797566,0.9203000332538369
2021-01-07,EURO STOXX 50,^STOXX50E,3622.419921875,0.3135370993224029,1.118198859256991
2021-01-08,EURO STOXX 50,^STOXX50E,3645.050048828125,0.6227806977628703,1.0292727366100303
2021-01-11,EURO STOXX 50,^STOXX50E,3620.6201171875,-0.6724781925948164,0.9794528005018346
2021-01-12,EURO STOXX 50,^STOXX50E,3612.1298828125,-0.23477206525033267,0.9516400965325083
2021-01-13,EURO STOXX 50,^STOXX50E,3616.510009765625,0.12118815031012531,0.8904178947428413
2021-01-14,EURO STOXX 50,^STOXX50E,3641.3701171875,0.6850541538444332,0.8343763964761384
2021-01-15,EURO STOXX 50,^STOXX50E,3599.550048828125,-1.1551165432514665,0.83312968080539
2021-01-18,EURO STOXX 50,^STOXX50E,3602.669921875,0.08663643306388025,0.9255966687772478
2021-01-19,EURO STOXX 50,^STOXX50E,3595.419921875,-0.20144239955399712,0.8627094838416793
2021-01-20,EURO STOXX 50,^STOXX50E,3624.0400390625,0.7928644877052804,0.8163023234676449
2021-01-21,EURO STOXX 50,^STOXX50E,3618.35009765625,-0.15712886131549197,0.8350533256822616
2021-01-22,EURO STOXX 50,^STOXX50E,3602.409912109375,-0.4415106282172232,0.7919813053331627
2021-01-25,EURO STOXX 50,^STOXX50E,3553.139892578125,-1.3771352180008023,0.7778801451682483
2021-01-26,EURO STOXX 50,^STOXX50E,3592.830078125,1.110852518383254,0.9413488342675508
2021-01-27,EURO STOXX 50,^STOXX50E,3536.3798828125,-1.5836642607645501,0.982743749641924
2021-01-28,EURO STOXX 50,^STOXX50E,3557.0400390625,0.5825177389393588,1.1263095011219693
2021-01-29,EURO STOXX 50,^STOXX50E,3481.43994140625,-2.1482764845620395,1.0544330345962492
2021-02-01,EURO STOXX 50,^STOXX50E,3530.85009765625,1.40926783475539,1.320623934495944
2021-02-02,EURO STOXX 50,^STOXX50E,3590.4599609375,1.6741654298668251,1.3223618641360042
2021-02-03,EURO STOXX 50,^STOXX50E,3609.75,0.535820075221416,1.3742483914257828
2021-02-04,EURO STOXX 50,^STOXX50E,3642.1201171875,0.8927443998208773,1.2564807951474508
2021-02-05,EURO STOXX 50,^STOXX50E,3655.77001953125,0.3740784803687447,1.193549934724398
2021-02-08,EURO STOXX 50,^STOXX50E,3665.510009765625,0.26607358116610413,1.0952046876638397
2021-02-09,EURO STOXX 50,^STOXX50E,3661.1298828125,-0.1195671559999667,1.0080401942725166
2021-02-10,EURO STOXX 50,^STOXX50E,3648.3701171875,-0.34912862947713563,0.9325088771521666
2021-02-11,EURO STOXX 50,^STOXX50E,3671.679931640625,0.6368779745328013,0.8818305561443639
2021-02-12,EURO STOXX 50,^STOXX50E,3695.610107421875,0.6496353425468726,0.8638112104570049
2021-02-15,EURO STOXX 50,^STOXX50E,3734.199951171875,1.0387934674398025,0.8513070127758305
2021-02-16,EURO STOXX 50,^STOXX50E,3726.39990234375,-0.209099853182515,0.903527385300306
2021-02-17,EURO STOXX 50,^STOXX50E,3699.85009765625,-0.7150289258847309,0.8498421458134194
2021-02-18,EURO STOXX 50,^STOXX50E,3681.0400390625,-0.509697312051216,0.8568930074613939
2021-02-19,EURO STOXX 50,^STOXX50E,3713.4599609375,0.8768714478691209,0.8359568148937612
2021-02-22,EURO STOXX 50,^STOXX50E,3699.85009765625,-0.3671741358179048,0.8632944511117424
2021-02-23,EURO STOXX 50,^STOXX50E,3689.10009765625,-0.2909752346560879,0.827460296997436
2021-02-24,EURO STOXX 50,^STOXX50E,3705.989990234375,0.4567874561459462,0.7930955129265089
2021-02-25,EURO STOXX 50,^STOXX50E,3685.280029296875,-0.560391247523917,0.7748607318429872
2021-02-26,EURO STOXX 50,^STOXX50E,3636.43994140625,-1.3341349440032957,0.7783881360805484
2021-03-01,EURO STOXX 50,^STOXX50E,3706.6201171875,1.9115276780619084,0.930871525032317
2021-03-02,EURO STOXX 50,^STOXX50E,3707.719970703125,0.02966827824621987,1.163916908469693
2021-03-03,EURO STOXX 50,^STOXX50E,3712.780029296875,0.1363805505839366,1.060886846084168
2021-03-04,EURO STOXX 50,^STOXX50E,3704.85009765625,-0.21381315934991818,0.9755760010020198
2021-03-05,EURO STOXX 50,^STOXX50E,3669.5400390625,-0.9576474201246299,0.9090758626858403
2021-03-08,EURO STOXX 50,^STOXX50E,3763.239990234375,2.521396162602052,0.9409600727345502
2021-03-09,EURO STOXX 50,^STOXX50E,3786.050048828125,0.6042986264905181,1.3502318226725365
2021-03-10,EURO STOXX 50,^STOXX50E,3819.919921875,0.8906187391586329,1.2414548782429005
2021-03-11,EURO STOXX 50,^STOXX50E,3845.639892578125,0.6710551569101497,1.1811683625215192
2021-03-12,EURO STOXX 50,^STOXX50E,3833.360107421875,-0.31982798863747774,1.1076684004357293
2021-03-15,EURO STOXX 50,^STOXX50E,3829.840087890625,-0.0918681409620703,1.0237253552275662
2021-03-16,EURO STOXX 50,^STOXX50E,3850.9599609375,0.5499407910843246,0.9448562197936179
2021-03-17,EURO STOXX 50,^STOXX50E,3849.739990234375,-0.031684670771880974,0.9042733329509497
2021-03-18,EURO STOXX 50,^STOXX50E,3867.5400390625,0.4613045095224422,0.8451914936639225
2021-03-19,EURO STOXX 50,^STOXX50E,3837.02001953125,-0.7922627363297963,0.8164010356655089
2021-03-22,EURO STOXX 50,^STOXX50E,3833.840087890625,-0.08290939420749766,0.8438334865586784
2021-03-23,EURO STOXX 50,^STOXX50E,3827.02001953125,-0.17804972458641544,0.7967532332778636
2021-03-24,EURO STOXX 50,^STOXX50E,3832.550048828125,0.1443953174490531,0.7620384463389994
2021-03-25,EURO STOXX 50,^STOXX50E,3832.570068359375,0.0005223540124887904,0.7310002463070707
2021-03-26,EURO STOXX 50,^STOXX50E,3866.679931640625,0.8860625761391461,0.7047177498248894
2021-03-29,EURO STOXX 50,^STOXX50E,3882.8701171875,0.4178361066081493,0.7700111569144059
2021-03-30,EURO STOXX 50,^STOXX50E,3926.199951171875,1.1097423454192068,0.7532027549972535
2021-03-31,EURO STOXX 50,^STOXX50E,3919.2099609375,-0.1781931642138801,0.8490740975547175
2021-04-01,EURO STOXX 50,^STOXX50E,3945.9599609375,0.6802167889066624,0.8041990677299552
2021-04-06,EURO STOXX 50,^STOXX50E,3970.419921875,0.6179602075249591,0.8093914192713211
2021-04-07,EURO STOXX 50,^STOXX50E,3956.77001953125,-0.34438220694070765,0.8052194321594529
2021-04-08,EURO STOXX 50,^STOXX50E,3977.830078125,0.5308423307901933,0.7793753633464803
2021-04-09,EURO STOXX 50,^STOXX50E,3978.840087890625,0.025387750151040223,0.7717587116446419
2021-04-12,EURO STOXX 50,^STOXX50E,3961.89990234375,-0.42666580863954806,0.7372020123480437
2021-04-13,EURO STOXX 50,^STOXX50E,3966.989990234375,0.12839347396234047,0.7338537393443271
2021-04-14,EURO STOXX 50,^STOXX50E,3976.280029296875,0.23390979471766826,0.7081259275027643
2021-04-15,EURO STOXX 50,^STOXX50E,3993.429931640625,0.4303777402036246,0.6917465009424137
2021-04-16,EURO STOXX 50,^STOXX50E,4032.989990234375,0.9857540303022105,0.6937504590913723
2021-04-19,EURO STOXX 50,^STOXX50E,4019.909912109375,-0.32485414661742595,0.7822744219240132
2021-04-20,EURO STOXX 50,^STOXX50E,3940.4599609375,-1.9962034605987,0.7596670308212353
2021-04-21,EURO STOXX 50,^STOXX50E,3976.409912109375,0.9081922236427786,1.1070148683862733
2021-04-22,EURO STOXX 50,^STOXX50E,4014.800048828125,0.9608165032316762,1.0762399767159554
2021-04-23,EURO STOXX 50,^STOXX50E,4013.340087890625,-0.03637108791654242,1.0597205833832724
2021-04-26,EURO STOXX 50,^STOXX50E,4020.830078125,0.1864534170799459,0.9739228448656873
2021-04-27,EURO STOXX 50,^STOXX50E,4011.909912109375,-0.22209531724239895,0.9046292222654092
2021-04-28,EURO STOXX 50,^STOXX50E,4015.030029296875,0.0777411408934725,0.851371284798769
2021-04-29,EURO STOXX 50,^STOXX50E,3996.89990234375,-0.45257904285449513,0.8018565761669381
2021-04-30,EURO STOXX 50,^STOXX50E,3974.739990234375,-0.5559701514046722,0.7867344689252445
2021-05-03,EURO STOXX 50,^STOXX50E,4000.25,0.639752446175379,0.7869080951820662
2021-05-04,EURO STOXX 50,^STOXX50E,3924.800048828125,-1.904145220383846,0.7907699337341828
2021-05-05,EURO STOXX 50,^STOXX50E,4002.7900390625,1.967622077562936,1.0956973127994623
2021-05-06,EURO STOXX 50,^STOXX50E,3999.43994140625,-0.08372910701499592,1.2834655781233848
2021-05-07,EURO STOXX 50,^STOXX50E,4034.25,0.8666074170836424,1.1627165583555705
2021-05-10,EURO STOXX 50,^STOXX50E,4023.35009765625,-0.2705497632129905,1.1149295181109353
2021-05-11,EURO STOXX 50,^STOXX50E,3946.06005859375,-1.939728560253684,1.0271230731038554
2021-05-12,EURO STOXX 50,^STOXX50E,3947.429931640625,0.03470893260946184,1.2464240911426168
2021-05-14,EURO STOXX 50,^STOXX50E,4017.43994140625,1.7580152341549748,1.1304724555939514
2021-05-17,EURO STOXX 50,^STOXX50E,4006.840087890625,-0.26419466026617044,1.2553198582912792
2021-05-18,EURO STOXX 50,^STOXX50E,4005.340087890625,-0.03744299265910911,1.1443252245184259
2021-05-19,EURO STOXX 50,^STOXX50E,3936.739990234375,-1.72755255749113,1.044759420387853
2021-05-20,EURO STOXX 50,^STOXX50E,3999.909912109375,1.5918871725473238,1.2030471096770863
2021-05-21,EURO STOXX 50,^STOXX50E,4025.780029296875,0.644684929947914,1.2698860433714605
2021-05-25,EURO STOXX 50,^STOXX50E,4036.0400390625,0.25453347303585616,1.1781349884728392
2021-05-26,EURO STOXX 50,^STOXX50E,4031.669921875,-0.10833601198072529,1.0769312315084976
2021-05-27,EURO STOXX 50,^STOXX50E,4039.2099609375,0.18684558228052595,0.9895261913398266
2021-05-28,EURO STOXX 50,^STOXX50E,4070.56005859375,0.7731477895237759,0.9175319782572926
2021-05-31,EURO STOXX 50,^STOXX50E,4039.4599609375,-0.7669586518934679,0.9092967112020036
2021-06-01,EURO STOXX 50,^STOXX50E,4071.75,0.7961872468783326,0.9099586521674407
2021-06-02,EURO STOXX 50,^STOXX50E,4088.5,0.41052721483616494,0.9067200154205957
2021-06-03,EURO STOXX 50,^STOXX50E,4079.239990234375,-0.22674604588619474,0.8614551258138806
2021-06-04,EURO STOXX 50,^STOXX50E,4089.3798828125,0.24826465042675494,0.8165593959822754
2021-06-07,EURO STOXX 50,^STOXX50E,4097.64990234375,0.20202741558588144,0.778663200802178
2021-06-08,EURO STOXX 50,^STOXX50E,4096.009765625,-0.04003429010044357,0.7462285561063215
2021-06-09,EURO STOXX 50,^STOXX50E,4096.85009765625,0.020513765601393175,0.7173044693474367
2021-06-10,EURO STOXX 50,^STOXX50E,4096.06982421875,-0.01904750558541224,0.693760561382463
2021-06-11,EURO STOXX 50,^STOXX50E,4126.7001953125,0.7450168908807342,0.675418831716179
2021-06-14,EURO STOXX 50,^STOXX50E,4132.669921875,0.14455648596332082,0.7239585013939374
2021-06-15,EURO STOXX 50,^STOXX50E,4143.52001953125,0.2622004557455426,0.7007006228172297
2021-06-16,EURO STOXX 50,^STOXX50E,4151.759765625,0.1986611426520568,0.6874699598737289
2021-06-17,EURO STOXX 50,^STOXX50E,4158.14013671875,0.15356075097212596,0.6739042374495621
2021-06-18,EURO STOXX 50,^STOXX50E,4083.3701171875,-1.8145235209583888,0.661594150195552
2021-06-21,EURO STOXX 50,^STOXX50E,4112.330078125,0.7067140275935913,0.9996052466686984
2021-06-22,EURO STOXX 50,^STOXX50E,4123.1298828125,0.26227583959101963,0.9650732182914186
2021-06-23,EURO STOXX 50,^STOXX50E,4075.93994140625,-1.1511174682132364,0.900152780242328
2021-06-24,EURO STOXX 50,^STOXX50E,4122.43017578125,1.1341457397202603,0.9716966083940305
2021-06-25,EURO STOXX 50,^STOXX50E,4120.66015625,-0.042945533462734886,1.0094414924542272
2021-06-28,EURO STOXX 50,^STOXX50E,4089.909912109375,-0.7490439192157083,0.9321528831522968
2021-06-29,EURO STOXX 50,^STOXX50E,4107.509765625,0.42940050041107014,0.9249381871849112
2021-06-30,EURO STOXX 50,^STOXX50E,4064.300048828125,-1.0575409973865746,0.877615656314248
2021-07-01,EURO STOXX 50,^STOXX50E,4078.889892578125,0.35833277785233264,0.9367306444488352
2021-07-02,EURO STOXX 50,^STOXX50E,4084.31005859375,0.13279515005315545,0.8821488099529758
2021-07-05,EURO STOXX 50,^STOXX50E,4087.3701171875,0.07489423645949955,0.8278518426047846
2021-07-06,EURO STOXX 50,^STOXX50E,4052.669921875,-0.8525856222526329,0.7827166195842447
2021-07-07,EURO STOXX 50,^STOXX50E,4078.530029296875,0.6360732675728897,0.8295701006646776
2021-07-08,EURO STOXX 50,^STOXX50E,3991.659912109375,-2.1529474097325974,0.8230603754209252
2021-07-09,EURO STOXX 50,^STOXX50E,4068.090087890625,1.8966460977503985,1.1893027653893655
2021-07-12,EURO STOXX 50,^STOXX50E,4093.3798828125,0.6197382568547738,1.3286495720244667
2021-07-13,EURO STOXX 50,^STOXX50E,4094.56005859375,0.028827172594603212,1.2247244996728743
2021-07-14,EURO STOXX 50,^STOXX50E,4099.5,0.12057373193261611,1.112135450608542
2021-07-15,EURO STOXX 50,^STOXX50E,4056.389892578125,-1.0571626023681446,1.0181312290833122
2021-07-16,EURO STOXX 50,^STOXX50E,4035.77001953125,-0.5096270439301165,1.0399838372390457
2021-07-19,EURO STOXX 50,^STOXX50E,3928.530029296875,-2.693180102658488,0.9823925203777161
2021-07-20,EURO STOXX 50,^STOXX50E,3956.340087890625,0.7054060117370753,1.4440014302624886
2021-07-21,EURO STOXX 50,^STOXX50E,4026.679931640625,1.7622820432846353,1.3280337131657833
2021-07-22,EURO STOXX 50,^STOXX50E,4059.050048828125,0.8006770000593022,1.3966904953982677
2021-07-23,EURO STOXX 50,^STOXX50E,4109.10009765625,1.225508207725845,1.2977423420755787
2021-07-26,EURO STOXX 50,^STOXX50E,4102.58984375,-0.15856066940376223,1.273618231690828
2021-07-27,EURO STOXX 50,^STOXX50E,4064.830078125,-0.9246502571741644,1.1560205465520719
2021-07-28,EURO STOXX 50,^STOXX50E,4103.02978515625,0.9353731867411952,1.1249627023805784
2021-07-29,EURO STOXX 50,^STOXX50E,4116.77001953125,0.33432072555061865,1.094199594489781
2021-07-30,EURO STOXX 50,^STOXX50E,4089.300048828125,-0.6695061846505368,1.010340443652784
2021-08-02,EURO STOXX 50,^STOXX50E,4116.6201171875,0.6658648572924974,0.97572332554452
2021-08-03,EURO STOXX 50,^STOXX50E,4117.9501953125,0.03230473688589086,0.9412995268364873
2021-08-04,EURO STOXX 50,^STOXX50E,4144.89990234375,0.65231251382869,0.8753014131605388
2021-08-05,EURO STOXX 50,^STOXX50E,4161.080078125,0.38960354554173904,0.8605884793732363
2021-08-06,EURO STOXX 50,^STOXX50E,4174.5400390625,0.32295072104773226,0.822765869364427
2021-08-09,EURO STOXX 50,^STOXX50E,4177.14990234375,0.062499048324760054,0.7878287127883564
2021-08-10,EURO STOXX 50,^STOXX50E,4187.81982421875,0.255109773508444,0.7502608851868466
2021-08-11,EURO STOXX 50,^STOXX50E,4206.330078125,0.44102819521985026,0.7260803267837257
2021-08-12,EURO STOXX 50,^STOXX50E,4226.330078125,0.4743470537235339,0.7211740321331261
2021-08-13,EURO STOXX 50,^STOXX50E,4229.7001953125,0.07970920767679246,0.7207789900976029
2021-08-16,EURO STOXX 50,^STOXX50E,4202.43994140625,-0.6465819693751484,0.6968439479833343
2021-08-17,EURO STOXX 50,^STOXX50E,4196.39990234375,-0.14383034362204228,0.7323555328043283
2021-08-18,EURO STOXX 50,^STOXX50E,4189.419921875,-0.16647107204796896,0.7092324692236104
2021-08-19,EURO STOXX 50,^STOXX50E,4124.7099609375,-1.55665760686734,0.6919958542098351
2021-08-20,EURO STOXX 50,^STOXX50E,4147.5,0.5510038267857453,0.938383460758849
2021-08-23,EURO STOXX 50,^STOXX50E,4176.419921875,0.6948658447008427,0.8991958264457188
2021-08-24,EURO STOXX 50,^STOXX50E,4178.080078125,0.03974280380276696,0.884574289810516
2021-08-25,EURO STOXX 50,^STOXX50E,4181.1201171875,0.0727351690471778,0.828711191315918
2021-08-26,EURO STOXX 50,^STOXX50E,4169.8701171875,-0.2694292889771077,0.7833918112216517
2021-08-27,EURO STOXX 50,^STOXX50E,4190.97998046875,0.5049703772286307,0.7565174614647632
2021-08-30,EURO STOXX 50,^STOXX50E,4198.7998046875,0.18641315227529986,0.7512516278518893
2021-08-31,EURO STOXX 50,^STOXX50E,4196.41015625,-0.05692885617296639,0.7237520664499862
2021-09-01,EURO STOXX 50,^STOXX50E,4227.27001953125,0.7326964152230886,0.6997350505294637
2021-09-02,EURO STOXX 50,^STOXX50E,4232.10009765625,0.11419475878184926,0.7394414532404705
2021-09-03,EURO STOXX 50,^STOXX50E,4201.97998046875,-0.714250871645028,0.7122507028933034
2021-09-06,EURO STOXX 50,^STOXX50E,4246.1298828125,1.045211413994629,0.75450426133293
2021-09-07,EURO STOXX 50,^STOXX50E,4225.009765625,-0.4986380068055851,0.8362958793828499
2021-09-08,EURO STOXX 50,^STOXX50E,4177.14990234375,-1.139239976455464,0.8185874326967382
2021-09-09,EURO STOXX 50,^STOXX50E,4177.10986328125,-0.000958530465311469,0.9121248218654824
2021-09-10,EURO STOXX 50,^STOXX50E,4170.35009765625,-0.16195985687286196,0.8513672789862285
2021-09-13,EURO STOXX 50,^STOXX50E,4189.52978515625,0.45885159644338813,0.8053792805494114
2021-09-14,EURO STOXX 50,^STOXX50E,4191.669921875,0.05106993843533303,0.7847076526948606
2021-09-15,EURO STOXX 50,^STOXX50E,4145.93994140625,-1.0969675911809418,0.747672530564453
2021-09-16,EURO STOXX 50,^STOXX50E,4169.8701171875,0.5755360372159402,0.8546023675693801
2021-09-17,EURO STOXX 50,^STOXX50E,4130.83984375,-0.9404150070894346,0.8353722926843372
2021-09-20,EURO STOXX 50,^STOXX50E,4043.6298828125,-2.133796387636089,0.8838014349297891
2021-09-21,EURO STOXX 50,^STOXX50E,4097.509765625,1.3236640525059684,1.2164689051323374
2021-09-22,EURO STOXX 50,^STOXX50E,4150.18994140625,1.2774687262789186,1.2276224186480433
2021-09-23,EURO STOXX 50,^STOXX50E,4194.919921875,1.0720148583008182,1.2279901372956636
2021-09-24,EURO STOXX 50,^STOXX50E,4158.509765625,-0.8717470115181314,1.1951989641822054
2021-09-27,EURO STOXX 50,^STOXX50E,4165.47998046875,0.16747297114694248,1.1487031839026465
2021-09-28,EURO STOXX 50,^STOXX50E,4058.820068359375,-2.5939202570461006,1.0496850314933588
2021-09-29,EURO STOXX 50,^STOXX50E,4080.219970703125,0.525859353313507,1.4490814209930956
2021-09-30,EURO STOXX 50,^STOXX50E,4048.080078125,-0.790818741575805,1.318723353882326
2021-10-01,EURO STOXX 50,^STOXX50E,4035.300048828125,-0.3162053434250467,1.238539869119116
2021-10-04,EURO STOXX 50,^STOXX50E,3996.409912109375,-0.968422436752725,1.1327013123201504
2021-10-05,EURO STOXX 50,^STOXX50E,4065.429931640625,1.7123065515139757,1.1131559258566974
2021-10-06,EURO STOXX 50,^STOXX50E,4012.64990234375,-1.3067655050493343,1.2326789098503381
2021-10-07,EURO STOXX 50,^STOXX50E,4098.33984375,2.113012895316757,1.246781812060794
2021-10-08,EURO STOXX 50,^STOXX50E,4073.2900390625,-0.6130939240247102,1.420615438646094
2021-10-11,EURO STOXX 50,^STOXX50E,4072.52001953125,-0.018905904459032286,1.305338954141371
2021-10-12,EURO STOXX 50,^STOXX50E,4055.090087890625,-0.42890734497724736,1.1805044475295643
2021-10-13,EURO STOXX 50,^STOXX50E,4083.280029296875,0.6927690371245632,1.091191718849639
2021-10-14,EURO STOXX 50,^STOXX50E,4149.06005859375,1.598122249664513,1.0368208839054074
2021-10-15,EURO STOXX 50,^STOXX50E,4182.91015625,0.8125397240032584,1.1534571191837233
2021-10-18,EURO STOXX 50,^STOXX50E,4151.39990234375,-0.7561610697361942,1.1007694195128936
2021-10-19,EURO STOXX 50,^STOXX50E,4166.830078125,0.370997039411769,1.0584042503816098
2021-10-20,EURO STOXX 50,^STOXX50E,4172.169921875,0.12806918047374438,0.9827335507683248
2021-10-21,EURO STOXX 50,^STOXX50E,4155.72998046875,-0.3948165312868568,0.9104912882324578
2021-10-22,EURO STOXX 50,^STOXX50E,4188.81005859375,0.7928597924339087,0.8675927994834122
2021-10-25,EURO STOXX 50,^STOXX50E,4188.31005859375,-0.01193727661998878,0.8738038423414477
2021-10-26,EURO STOXX 50,^STOXX50E,4223.97021484375,0.8478169697884397,0.8200482645078293
2021-10-27,EURO STOXX 50,^STOXX50E,4220.8798828125,-0.07318856186824263,0.8466580009882482
2021-10-28,EURO STOXX 50,^STOXX50E,4233.8701171875,0.3072886743389347,0.7988291880950487
2021-10-29,EURO STOXX 50,^STOXX50E,4250.56005859375,0.3934256653240098,0.7677115683193184
2021-11-01,EURO STOXX 50,^STOXX50E,4280.47021484375,0.7012114093477351,0.7493089719600432
2021-11-02,EURO STOXX 50,^STOXX50E,4296.22021484375,0.3672749490855054,0.7710183032022364
2021-11-03,EURO STOXX 50,^STOXX50E,4309.60986328125,0.311176472701824,0.749817936567686
2021-11-04,EURO STOXX 50,^STOXX50E,4333.33984375,0.5491190137844271,0.7290804571809717
2021-11-05,EURO STOXX 50,^STOXX50E,4363.0400390625,0.6830499860015493,0.735273579131206
2021-11-08,EURO STOXX 50,^STOXX50E,4352.52978515625,-0.24118351899016233,0.7578841501772513
2021-11-09,EURO STOXX 50,^STOXX50E,4344.6298828125,-0.18166630987579424,0.7344793976651541
2021-11-10,EURO STOXX 50,^STOXX50E,4348.81982421875,0.09639307459945456,0.7126330683065426
2021-11-11,EURO STOXX 50,^STOXX50E,4358.0,0.21087330089333278,0.690639418842188
2021-11-12,EURO STOXX 50,^STOXX50E,4370.330078125,0.2825302484332326,0.6769285718356367
2021-11-15,EURO STOXX 50,^STOXX50E,4386.18994140625,0.3622416345420376,0.6702228284189005
2021-11-16,EURO STOXX 50,^STOXX50E,4401.490234375,0.348221786033065,0.6710194035185431
2021-11-17,EURO STOXX 50,^STOXX50E,4400.81005859375,-0.015454500754685796,0.6704651339428171
2021-11-18,EURO STOXX 50,^STOXX50E,4383.7001953125,-0.3895467003411923,0.6570915754888553
2021-11-19,EURO STOXX 50,^STOXX50E,4356.47021484375,-0.6231015481949598,0.6688819737102673
2021-11-22,EURO STOXX 50,^STOXX50E,4338.68994140625,-0.408969999406672,0.7083623060704469
2021-11-23,EURO STOXX 50,^STOXX50E,4283.81982421875,-1.2727351863251357,0.7098575918129604
2021-11-24,EURO STOXX 50,^STOXX50E,4276.25,-0.17686365526081715,0.8720884759355597
2021-11-25,EURO STOXX 50,^STOXX50E,4293.240234375,0.3965289923323567,0.8228089683788724
2021-11-26,EURO STOXX 50,^STOXX50E,4089.580078125,-4.8599452834340084,0.7931220578051058
2021-11-29,EURO STOXX 50,^STOXX50E,4109.509765625,0.4861448558504122,2.151765270413312
2021-11-30,EURO STOXX 50,^STOXX50E,4063.06005859375,-1.1367344226281162,1.9163974455214654
2021-12-01,EURO STOXX 50,^STOXX50E,4179.14990234375,2.8171454477725177,1.7700466786437785
2021-12-02,EURO STOXX 50,^STOXX50E,4108.02001953125,-1.7166687850556528,1.9524685380866436
2021-12-03,EURO STOXX 50,^STOXX50E,4080.14990234375,-0.680743684638152,1.8779797000318548
2021-12-06,EURO STOXX 50,^STOXX50E,4137.10986328125,1.3863714883120437,1.6959210161602516
2021-12-07,EURO STOXX 50,^STOXX50E,4276.2001953125,3.306736703326507,1.6143052324168063
2021-12-08,EURO STOXX 50,^STOXX50E,4233.08984375,-1.0132624510209354,1.978174350656515
2021-12-09,EURO STOXX 50,^STOXX50E,4208.2998046875,-0.5873466659242155,1.8086601113308174
2021-12-10,EURO STOXX 50,^STOXX50E,4199.16015625,-0.21741767621268338,1.630705435277664
2021-12-13,EURO STOXX 50,^STOXX50E,4183.0400390625,-0.38462782288917197,1.4614589755480907
2021-12-14,EURO STOXX 50,^STOXX50E,4144.509765625,-0.9253753935480447,1.3241148603132085
2021-12-15,EURO STOXX 50,^STOXX50E,4159.68017578125,0.3653680163768769,1.259134990525403
2021-12-16,EURO STOXX 50,^STOXX50E,4201.8701171875,1.009150168898465,1.1496931899154834
2021-12-17,EURO STOXX 50,^STOXX50E,4161.35009765625,-0.9690127858450026,1.1243246786239711
2021-12-20,EURO STOXX 50,^STOXX50E,4107.1298828125,-1.3115105110744096,1.1067159350253617
2021-12-21,EURO STOXX 50,^STOXX50E,4174.990234375,1.6387560012562474,1.1535532337504655
2021-12-22,EURO STOXX 50,^STOXX50E,4217.06005859375,1.00261974536906,1.244382444392853
2021-12-23,EURO STOXX 50,^STOXX50E,4265.85986328125,1.1505553151458514,1.1982256101155382
2021-12-27,EURO STOXX 50,^STOXX50E,4287.97998046875,0.5171985190258965,1.1840932822345756
2021-12-28,EURO STOXX 50,^STOXX50E,4311.93017578125,0.5569885451315315,1.0966249304214388
2021-12-29,EURO STOXX 50,^STOXX50E,4284.830078125,-0.6304744258164519,1.0278752345461377
2021-12-30,EURO STOXX 50,^STOXX50E,4306.06982421875,0.4944718157952721,0.9851132034746795
2022-01-03,EURO STOXX 50,^STOXX50E,4331.81982421875,0.5962122075114706,0.9316376140097474
2022-01-04,EURO STOXX 50,^STOXX50E,4367.6201171875,0.8230528702327433,0.898485953465567
2022-01-05,EURO STOXX 50,^STOXX50E,4392.14990234375,0.560056924304142,0.9018751499246745
2022-01-06,EURO STOXX 50,^STOXX50E,4324.81005859375,-1.5450612063913738,0.8710147006489698
2022-01-07,EURO STOXX 50,^STOXX50E,4305.830078125,-0.4398285820114367,1.0434923219380319
2022-01-10,EURO STOXX 50,^STOXX50E,4239.52001953125,-1.5519876616007622,0.9791741640869384
2022-01-11,EURO STOXX 50,^STOXX50E,4281.5400390625,0.9862707188895925,1.1162532523913136
2022-01-12,EURO STOXX 50,^STOXX50E,4316.39013671875,0.810666934956572,1.094742152747379
2022-01-13,EURO STOXX 50,^STOXX50E,4315.89990234375,-0.011358153475171662,1.0535577908392104
2022-01-14,EURO STOXX 50,^STOXX50E,4272.18994140625,-1.0179292289739905,0.9685576544675167
2022-01-17,EURO STOXX 50,^STOXX50E,4302.14013671875,0.6986042489366184,0.995914997508872
2022-01-18,EURO STOXX 50,^STOXX50E,4257.81982421875,-1.0355354172888909,0.961175418364396
2022-01-19,EURO STOXX 50,^STOXX50E,4268.27978515625,0.2453634525613424,0.9935969396181239
2022-01-20,EURO STOXX 50,^STOXX50E,4299.60986328125,0.7313403662625007,0.9229349368561606
2022-01-21,EURO STOXX 50,^STOXX50E,4229.56005859375,-1.6426306525167078,0.9078221068042287
2022-01-24,EURO STOXX 50,^STOXX50E,4054.360107421875,-4.230511082207755,1.0921833686209117
2022-01-25,EURO STOXX 50,^STOXX50E,4078.260009765625,0.5877557491318797,2.0208246048252443
2022-01-26,EURO STOXX 50,^STOXX50E,4164.60009765625,2.094982678263868,1.8086665112493172
2022-01-27,EURO STOXX 50,^STOXX50E,4184.97021484375,0.487933075336322,1.8225635199806245
2022-01-28,EURO STOXX 50,^STOXX50E,4136.91015625,-1.1550416676431752,1.6339246174633264
2022-01-31,EURO STOXX 50,^STOXX50E,4174.60009765625,0.90693986051118,1.5399493855994322
2022-02-01,EURO STOXX 50,^STOXX50E,4224.4501953125,1.1870552331714634,1.4270792952112663
2022-02-02,EURO STOXX 50,^STOXX50E,4222.0498046875,-0.05683752298857314,1.3699996395835699
2022-02-03,EURO STOXX 50,^STOXX50E,4141.02001953125,-1.9378606804892229,1.2357459322845459
2022-02-04,EURO STOXX 50,^STOXX50E,4086.580078125,-1.3233685464847156,1.3835766734514157
2022-02-07,EURO STOXX 50,^STOXX50E,4120.56005859375,0.8280637120062551,1.3655537109986329
2022-02-08,EURO STOXX 50,^STOXX50E,4129.25,0.2106701744281736,1.274958592994479
2022-02-09,EURO STOXX 50,^STOXX50E,4204.08984375,1.7962031382984023,1.1570787013983168
2022-02-10,EURO STOXX 50,^STOXX50E,4197.06982421875,-0.1671202891637691,1.2826584712700717
2022-02-11,EURO STOXX 50,^STOXX50E,4155.22998046875,-1.0018843841447023,1.1638968055582357
2022-02-14,EURO STOXX 50,^STOXX50E,4064.449951171875,-2.208935658971889,1.1426145410261987
2022-02-15,EURO STOXX 50,^STOXX50E,4143.7099609375,1.9313091907255497,1.3921540679431246
2022-02-16,EURO STOXX 50,^STOXX50E,4137.22021484375,-0.15673957598032473,1.4795412188766208
2022-02-17,EURO STOXX 50,^STOXX50E,4113.18994140625,-0.5825247699204894,1.3307723145176051
2022-02-18,EURO STOXX 50,^STOXX50E,4074.280029296875,-0.9504817771547991,1.2279583586105434
2022-02-21,EURO STOXX 50,^STOXX50E,3985.7099609375,-2.19785964539696,1.1855416023280028
2022-02-22,EURO STOXX 50,^STOXX50E,3985.469970703125,-0.00602144817971606,1.4164457441548644
2022-02-23,EURO STOXX 50,^STOXX50E,3973.409912109375,-0.30305942549180287,1.274864819809813
2022-02-24,EURO STOXX 50,^STOXX50E,3829.2900390625,-3.694522834653924,1.1625433695454488
2022-02-25,EURO STOXX 50,^STOXX50E,3970.68994140625,3.626045074817874,1.8649933954409628
2022-02-28,EURO STOXX 50,^STOXX50E,3924.22998046875,-1.1769719699053383,2.2260516548081157
2022-03-01,EURO STOXX 50,^STOXX50E,3765.85009765625,-4.119652335247892,2.0329207375294356
2022-03-02,EURO STOXX 50,^STOXX50E,3820.590087890625,1.4431258643149647,2.4858429271572557
2022-03-03,EURO STOXX 50,^STOXX50E,3741.780029296875,-2.084344209506739,2.272762790696673
2022-03-04,EURO STOXX 50,^STOXX50E,3556.010009765625,-5.092230932103092,2.1921354810328744
2022-03-07,EURO STOXX 50,^STOXX50E,3512.219970703125,-1.239082470388908,2.8683529204773146
2022-03-08,EURO STOXX 50,^STOXX50E,3505.2900390625,-0.1975040686415852,2.5821872915100723
2022-03-09,EURO STOXX 50,^STOXX50E,3766.02001953125,7.174547892938143,2.282034475404508
2022-03-10,EURO STOXX 50,^STOXX50E,3651.389892578125,-3.0910858482993575,3.572698139397364
2022-03-11,EURO STOXX 50,^STOXX50E,3686.780029296875,0.9645568712027597,3.395113572465551
2022-03-14,EURO STOXX 50,^STOXX50E,3741.10009765625,1.462625562247588,3.012305771358108
2022-03-15,EURO STOXX 50,^STOXX50E,3738.110107421875,-0.07995470943260585,2.719235446248764
2022-03-16,EURO STOXX 50,^STOXX50E,3889.68994140625,3.974928303557057,2.3996050489162872
2022-03-17,EURO STOXX 50,^STOXX50E,3885.320068359375,-0.11240817700617356,2.6741282534923565
2022-03-18,EURO STOXX 50,^STOXX50E,3902.43994140625,0.4396617410657555,2.360707505485314
2022-03-21,EURO STOXX 50,^STOXX50E,3881.800048828125,-0.5303007351621147,2.094898488344962
2022-03-22,EURO STOXX 50,^STOXX50E,3926.1201171875,1.1352714533131802,1.8720382966020293
2022-03-23,EURO STOXX 50,^STOXX50E,3869.219970703125,-1.459876192804721,1.726981998630851
2022-03-24,EURO STOXX 50,^STOXX50E,3863.389892578125,-0.1507920180324973,1.6581934423301117
2022-03-25,EURO STOXX 50,^STOXX50E,3867.72998046875,0.11227580008625893,1.4833699117069767
2022-03-28,EURO STOXX 50,^STOXX50E,3887.10009765625,0.4995636855056773,1.3323328695470733
2022-03-29,EURO STOXX 50,^STOXX50E,4002.179931640625,2.9175792136891587,1.2188997699164146
2022-03-30,EURO STOXX 50,^STOXX50E,3959.139892578125,-1.0812392749395272,1.6266698394802526
2022-03-31,EURO STOXX 50,^STOXX50E,3902.52001953125,-1.440429951237654,1.5246506893443565
2022-04-01,EURO STOXX 50,^STOXX50E,3918.679931640625,0.41323416371241706,1.4951259940347534
2022-04-04,EURO STOXX 50,^STOXX50E,3951.1201171875,0.8244267728905186,1.3513107375002993
2022-04-05,EURO STOXX 50,^STOXX50E,3917.85009765625,-0.8456053808808761,1.262878531648043
2022-04-06,EURO STOXX 50,^STOXX50E,3824.68994140625,-2.4065655953629417,1.1996650381463645
2022-04-07,EURO STOXX 50,^STOXX50E,3802.010009765625,-0.594752609665683,1.482386979950722
2022-04-08,EURO STOXX 50,^STOXX50E,3858.3701171875,1.4714968045099752,1.355530791309158
2022-04-11,EURO STOXX 50,^STOXX50E,3839.6201171875,-0.4871410980854307,1.3602069430550632
2022-04-12,EURO STOXX 50,^STOXX50E,3831.469970703125,-0.2124899970569416,1.2451413108756455
2022-04-13,EURO STOXX 50,^STOXX50E,3827.9599609375,-0.09165199088325693,1.1337080253616563
2022-04-14,EURO STOXX 50,^STOXX50E,3848.679931640625,0.5398200595317704,1.0366644555736972
2022-04-19,EURO STOXX 50,^STOXX50E,3830.760009765625,-0.4666995129237961,0.977451804502367
2022-04-20,EURO STOXX 50,^STOXX50E,3896.81005859375,1.7095065274533638,0.9278166152191711
2022-04-21,EURO STOXX 50,^STOXX50E,3928.030029296875,0.7979750644597772,1.1080900759617747
2022-04-22,EURO STOXX 50,^STOXX50E,3840.010009765625,-2.2663062089973707,1.0626266703143343
2022-04-25,EURO STOXX 50,^STOXX50E,3757.590087890625,-2.1697155461923856,1.3590561884608616
2022-04-26,EURO STOXX 50,^STOXX50E,3721.360107421875,-0.9688596107164216,1.5243640954318671
2022-04-27,EURO STOXX 50,^STOXX50E,3734.639892578125,0.35621778966294926,1.4272962051676956
2022-04-28,EURO STOXX 50,^STOXX50E,3777.02001953125,1.1283944461633055,1.2911730476543488
2022-04-29,EURO STOXX 50,^STOXX50E,3802.860107421875,0.6818099378614662,1.2534370818077967
2022-05-02,EURO STOXX 50,^STOXX50E,3732.43994140625,-1.8691283887076082,1.1679917306835035
2022-05-03,EURO STOXX 50,^STOXX50E,3761.18994140625,0.7673221526049545,1.3207142106605494
2022-05-04,EURO STOXX 50,^STOXX50E,3724.989990234375,-0.9671216470287902,1.2317701567030779
2022-05-05,EURO STOXX 50,^STOXX50E,3696.6298828125,-0.7642602544514432,1.1909146642605493
2022-05-06,EURO STOXX 50,^STOXX50E,3629.169921875,-1.8417611630367148,1.131716415029909
2022-05-09,EURO STOXX 50,^STOXX50E,3526.860107421875,-2.859596333407133,1.2894970576121971
2022-05-10,EURO STOXX 50,^STOXX50E,3554.800048828125,0.7890829484454187,1.6669570985523665
2022-05-11,EURO STOXX 50,^STOXX50E,3647.8701171875,2.584465111909573,1.5218275273564554
2022-05-12,EURO STOXX 50,^STOXX50E,3613.429931640625,-0.9486026902179034,1.7245655659304429
2022-05-13,EURO STOXX 50,^STOXX50E,3703.419921875,2.45992551195382,1.5903115438183768
2022-05-16,EURO STOXX 50,^STOXX50E,3685.340087890625,-0.48938847776796024,1.7412335303723308
2022-05-17,EURO STOXX 50,^STOXX50E,3741.510009765625,1.512646469283574,1.5674289862114867
2022-05-18,EURO STOXX 50,^STOXX50E,3690.739990234375,-1.3662298563607678,1.5315164192624269
2022-05-19,EURO STOXX 50,^STOXX50E,3633.330078125,-1.5677372668326583,1.4884192781384915
2022-05-20,EURO STOXX 50,^STOXX50E,3657.030029296875,0.6501745952466109,1.489293672992606
2022-05-23,EURO STOXX 50,^STOXX50E,3708.389892578125,1.3946440608910038,1.361368109954931
2022-05-24,EURO STOXX 50,^STOXX50E,3647.56005859375,-1.6539324232704544,1.351144086614137
2022-05-25,EURO STOXX 50,^STOXX50E,3677.10009765625,0.8065957624685538,1.4025477275099818
2022-05-27,EURO STOXX 50,^STOXX50E,3808.860107421875,3.520553537927462,1.3031762754554812
2022-05-30,EURO STOXX 50,^STOXX50E,3841.6201171875,0.8564223169786445,1.8610205952873078
2022-05-31,EURO STOXX 50,^STOXX50E,3789.2099609375,-1.3736639353734148,1.690890087823681
2022-06-01,EURO STOXX 50,^STOXX50E,3759.5400390625,-0.7860923904067008,1.6163813130196163
2022-06-02,EURO STOXX 50,^STOXX50E,3795.1298828125,0.9422015099660896,1.484090466120807
2022-06-03,EURO STOXX 50,^STOXX50E,3783.659912109375,-0.3026863066722285,1.3848455509816249
2022-06-07,EURO STOXX 50,^STOXX50E,3806.739990234375,0.6081405341937796,1.255286873535811
2022-06-08,EURO STOXX 50,^STOXX50E,3788.929931640625,-0.468953796478111,1.1628814663294713
2022-06-09,EURO STOXX 50,^STOXX50E,3724.449951171875,-1.7164462479229314,1.0795934421373206
2022-06-10,EURO STOXX 50,^STOXX50E,3599.199951171875,-3.42075918347291,1.2237047089647737
2022-06-13,EURO STOXX 50,^STOXX50E,3502.5,-2.723458574941695,1.804543885716852
2022-06-14,EURO STOXX 50,^STOXX50E,3475.179931640625,-0.7830742663362145,1.967254385940568
2022-06-15,EURO STOXX 50,^STOXX50E,3532.320068359375,1.6308641651141542,1.7792616245473334
2022-06-16,EURO STOXX 50,^STOXX50E,3427.909912109375,-3.0004177841364665,1.7179001560234735
2022-06-17,EURO STOXX 50,^STOXX50E,3438.4599609375,0.30729649946898974,1.9769137876119534
2022-06-20,EURO STOXX 50,^STOXX50E,3469.830078125,0.908193854956707,1.7597209770417732
2022-06-21,EURO STOXX 50,^STOXX50E,3494.0,0.6941587792168136,1.6102606432330846
2022-06-22,EURO STOXX 50,^STOXX50E,3464.639892578125,-0.8438511576674301,1.46643937382068
2022-06-23,EURO STOXX 50,^STOXX50E,3436.2900390625,-0.8216287741404926,1.3655235880507757
2022-06-24,EURO STOXX 50,^STOXX50E,3533.169921875,2.7803050460686762,1.280247250460324
2022-06-27,EURO STOXX 50,^STOXX50E,3538.8798828125,0.16147969360940095,1.6223151715791921
2022-06-28,EURO STOXX 50,^STOXX50E,3549.2900390625,0.29373346998120553,1.4518262321451096
2022-06-29,EURO STOXX 50,^STOXX50E,3514.320068359375,-0.9901525105739495,1.309563208823006
2022-06-30,EURO STOXX 50,^STOXX50E,3454.860107421875,-1.7064102877110798,1.2560797349008097
2022-07-01,EURO STOXX 50,^STOXX50E,3448.31005859375,-0.18976935628973735,1.3444606093743863
2022-07-04,EURO STOXX 50,^STOXX50E,3452.419921875,0.11911388443870408,1.2168516140303172
2022-07-05,EURO STOXX 50,^STOXX50E,3359.830078125,-2.7185011079318144,1.10613568373445
2022-07-06,EURO STOXX 50,^STOXX50E,3421.840087890625,1.8288043069510707,1.5188239485852697
2022-07-07,EURO STOXX 50,^STOXX50E,3488.5,1.929340061794349,1.5515110948280844
2022-07-08,EURO STOXX 50,^STOXX50E,3506.550048828125,0.5160817653697691,1.5960682661945258
2022-07-11,EURO STOXX 50,^STOXX50E,3471.68994140625,-0.9991171830828094,1.4424195250052414
2022-07-12,EURO STOXX 50,^STOXX50E,3487.050048828125,0.4414630346719406,1.3642508435352432
2022-07-13,EURO STOXX 50,^STOXX50E,3453.969970703125,-0.9531834943997453,1.242157250079039
2022-07-14,EURO STOXX 50,^STOXX50E,3396.610107421875,-1.6746378591754763,1.1972049749571203
2022-07-15,EURO STOXX 50,^STOXX50E,3477.199951171875,2.3449451149412326,1.2954811794324708
2022-07-18,EURO STOXX 50,^STOXX50E,3511.860107421875,0.9918484060476018,1.5121823579964349
2022-07-19,EURO STOXX 50,^STOXX50E,3587.43994140625,2.1292997633297617,1.413575208062359
2022-07-20,EURO STOXX 50,^STOXX50E,3585.239990234375,-0.06134251804965629,1.539468102558806
2022-07-21,EURO STOXX 50,^STOXX50E,3596.510009765625,0.3138518824057357,1.3803058268294894
2022-07-22,EURO STOXX 50,^STOXX50E,3596.489990234375,-0.0005566392673017617,1.2496168533890362
2022-07-25,EURO STOXX 50,^STOXX50E,3604.159912109375,0.21303423662466514,1.1332264792110271
2022-07-26,EURO STOXX 50,^STOXX50E,3575.360107421875,-0.8022809069425207,1.0379224659668504
2022-07-27,EURO STOXX 50,^STOXX50E,3607.780029296875,0.9026732430118756,1.0147973204064185
2022-07-28,EURO STOXX 50,^STOXX50E,3652.199951171875,1.2237079524281214,1.00330506865334
2022-07-29,EURO STOXX 50,^STOXX50E,3708.10009765625,1.5189930015887754,1.0497160006988782
2022-08-02,EURO STOXX 50,^STOXX50E,3684.6298828125,-0.6349560652045838,1.1445069276690099
2022-08-03,EURO STOXX 50,^STOXX50E,3732.5400390625,1.29188957768811,1.0796842058963094
2022-08-04,EURO STOXX 50,^STOXX50E,3754.60009765625,0.5892803400875835,1.1191120458181516
2022-08-05,EURO STOXX 50,^STOXX50E,3725.389892578125,-0.781026541530494,1.0491529624373157
2022-08-08,EURO STOXX 50,^STOXX50E,3757.219970703125,0.8507798936944866,1.020718027304875
2022-08-09,EURO STOXX 50,^STOXX50E,3715.3701171875,-1.120101345641089,1.0004375532887317
2022-08-10,EURO STOXX 50,^STOXX50E,3749.35009765625,0.9104216688093913,1.0382998517167639
2022-08-11,EURO STOXX 50,^STOXX50E,3757.050048828125,0.2051570319283158,1.022709159708176
2022-08-12,EURO STOXX 50,^STOXX50E,3776.81005859375,0.5245665514149067,0.9455740475713913
2022-08-15,EURO STOXX 50,^STOXX50E,3789.6201171875,0.33860276339812145,0.9024144927357637
2022-08-16,EURO STOXX 50,^STOXX50E,3805.219970703125,0.41080194641232026,0.8530198580798577
2022-08-17,EURO STOXX 50,^STOXX50E,3756.06005859375,-1.3003249343633172,0.8183437780425218
2022-08-18,EURO STOXX 50,^STOXX50E,3777.3798828125,0.566006533588137,0.948672304616954
2022-08-19,EURO STOXX 50,^STOXX50E,3730.320068359375,-1.2536577409040461,0.9089272810376176
2022-08-22,EURO STOXX 50,^STOXX50E,3658.219970703125,-1.9517356880069059,0.9996219880541639
2022-08-23,EURO STOXX 50,^STOXX50E,3652.52001953125,-0.15593366292474542,1.232433941641437
2022-08-24,EURO STOXX 50,^STOXX50E,3667.4599609375,0.4081968035647421,1.1211979747471315
2022-08-25,EURO STOXX 50,^STOXX50E,3674.5400390625,0.19286516806449328,1.036959213935764
2022-08-26,EURO STOXX 50,^STOXX50E,3603.679931640625,-1.9472438791321878,0.9570249615532119
2022-08-29,EURO STOXX 50,^STOXX50E,3570.510009765625,-0.924708113523387,1.2049769890826967
2022-08-30,EURO STOXX 50,^STOXX50E,3561.919921875,-0.24087420770442236,1.163693471226659
2022-08-31,EURO STOXX 50,^STOXX50E,3517.25,-1.2620269114142602,1.066451700758492
2022-09-01,EURO STOXX 50,^STOXX50E,3456.699951171875,-1.736507167245982,1.1142188858424698
2022-09-02,EURO STOXX 50,^STOXX50E,3544.3798828125,2.5048854805474363,1.2520617858270884
2022-09-05,EURO STOXX 50,^STOXX50E,3490.010009765625,-1.545861307029206,1.5271775124118718
2022-09-06,EURO STOXX 50,^STOXX50E,3500.139892578125,0.2898332666743997,1.5151982571308669
2022-09-07,EURO STOXX 50,^STOXX50E,3502.090087890625,0.05570212256280627,1.3633670350862281
2022-09-08,EURO STOXX 50,^STOXX50E,3512.3798828125,0.293387878079443,1.2296734394393307
2022-09-09,EURO STOXX 50,^STOXX50E,3570.0400390625,1.6282974141249795,1.1216882539964703
2022-09-12,EURO STOXX 50,^STOXX50E,3646.510009765625,2.1193737319823214,1.2195032149747298
2022-09-13,EURO STOXX 50,^STOXX50E,3586.179931640625,-1.6682998407265615,1.4039526859104814
2022-09-14,EURO STOXX 50,^STOXX50E,3567.56005859375,-0.5205644913067076,1.4446252385470655
2022-09-15,EURO STOXX 50,^STOXX50E,3541.7900390625,-0.7249645057330056,1.318316794499862
2022-09-16,EURO STOXX 50,^STOXX50E,3500.409912109375,-1.1752180711329885,1.2310865643568265
2022-09-19,EURO STOXX 50,^STOXX50E,3499.489990234375,-0.02628385814453793,1.2225879494344511
2022-09-20,EURO STOXX 50,^STOXX50E,3467.090087890625,-0.9301590043385488,1.1105522151500786
2022-09-21,EURO STOXX 50,^STOXX50E,3491.8701171875,0.7121792136553395,1.0900977073193006
2022-09-22,EURO STOXX 50,^STOXX50E,3427.139892578125,-1.8711380124102561,1.0380863163169678
2022-09-23,EURO STOXX 50,^STOXX50E,3348.60009765625,-2.3183685567163437,1.2352544452151974
2022-09-26,EURO STOXX 50,^STOXX50E,3342.56005859375,-0.18053792054057993,1.480622287440205
2022-09-27,EURO STOXX 50,^STOXX50E,3328.64990234375,-0.41702109483416905,1.3322894234358884
2022-09-28,EURO STOXX 50,^STOXX50E,3335.300048828125,0.199585793430046,1.2170913071741833
2022-09-29,EURO STOXX 50,^STOXX50E,3279.0400390625,-1.7011936442163034,1.1079681276023736
2022-09-30,EURO STOXX 50,^STOXX50E,3318.199951171875,1.1871743969871673,1.2393708999326334
2022-10-03,EURO STOXX 50,^STOXX50E,3342.169921875,0.7197820735942884,1.2219609955671578
2022-10-04,EURO STOXX 50,^STOXX50E,3484.47998046875,4.169854332253031,1.1459314885576535
2022-10-05,EURO STOXX 50,^STOXX50E,3447.719970703125,-1.0605682060308652,2.0027512871034534
2022-10-06,EURO STOXX 50,^STOXX50E,3433.449951171875,-0.41475621586606337,1.833953931461786
2022-10-07,EURO STOXX 50,^STOXX50E,3375.4599609375,-1.7033972590580149,1.642811405180161
2022-10-10,EURO STOXX 50,^STOXX50E,3356.8798828125,-0.5519663513425144,1.6325958950139394
2022-10-11,EURO STOXX 50,^STOXX50E,3340.35009765625,-0.49363150943992906,1.4790106307205992
2022-10-12,EURO STOXX 50,^STOXX50E,3331.530029296875,-0.2643954426519102,1.3454156270583013
2022-10-13,EURO STOXX 50,^STOXX50E,3362.39990234375,0.9223308938700825,1.2203095742623349
2022-10-14,EURO STOXX 50,^STOXX50E,3381.72998046875,0.5732431431273,1.1682148089675173
2022-10-17,EURO STOXX 50,^STOXX50E,3441.639892578125,1.7560663656112752,1.088032989698417
2022-10-18,EURO STOXX 50,^STOXX50E,3463.830078125,0.6426865085414235,1.2257621993289556
2022-10-19,EURO STOXX 50,^STOXX50E,3471.239990234375,0.21369401768467355,1.141557444781925
2022-10-20,EURO STOXX 50,^STOXX50E,3492.85009765625,0.6206173817801641,1.0449186926972605
2022-10-21,EURO STOXX 50,^STOXX50E,3476.6298828125,-0.46546497513375584,0.9918532867567832
2022-10-24,EURO STOXX 50,^STOXX50E,3527.7900390625,1.4608223554940736,0.9393516517173488
2022-10-25,EURO STOXX 50,^STOXX50E,3585.580078125,1.624864433440365,1.0548249550104993
2022-10-26,EURO STOXX 50,^STOXX50E,3605.31005859375,0.5487506999525493,1.1720668943885695
2022-10-27,EURO STOXX 50,^STOXX50E,3604.510009765625,-0.022193309231788305,1.0891667096306423
2022-10-28,EURO STOXX 50,^STOXX50E,3613.02001953125,0.23581512441719354,0.9983826630090329
2022-10-31,EURO STOXX 50,^STOXX50E,3617.5400390625,0.1250254498518899,0.9265128404404847
2022-11-01,EURO STOXX 50,^STOXX50E,3651.02001953125,0.9212338338766557,0.864055656873278
2022-11-02,EURO STOXX 50,^STOXX50E,3622.010009765625,-0.7977462900097265,0.8916560657723518
2022-11-03,EURO STOXX 50,^STOXX50E,3593.179931640625,-0.7991537795751569,0.9011898406010166
2022-11-04,EURO STOXX 50,^STOXX50E,3688.330078125,2.6136217002177276,0.9086493763291271
2022-11-07,EURO STOXX 50,^STOXX50E,3708.800048828125,0.5534585063170283,1.3627031105468557
2022-11-08,EURO STOXX 50,^STOXX50E,3739.280029296875,0.8184700030502867,1.248045825523115
2022-11-09,EURO STOXX 50,^STOXX50E,3728.030029296875,-0.3013135499468689,1.177899767498983
2022-11-10,EURO STOXX 50,^STOXX50E,3846.56005859375,3.1299305764280305,1.0811842502689395
2022-11-11,EURO STOXX 50,^STOXX50E,3868.5,0.5687577383284292,1.6184991968452036
2022-11-14,EURO STOXX 50,^STOXX50E,3887.510009765625,0.49020173539897627,1.4646103930559282
2022-11-15,EURO STOXX 50,^STOXX50E,3915.090087890625,0.7069487772115579,1.329622441516221
2022-11-16,EURO STOXX 50,^STOXX50E,3882.780029296875,-0.8286940667488807,1.2332033653676933
2022-11-17,EURO STOXX 50,^STOXX50E,3878.419921875,-0.11235654043169063,1.173640533108946
2022-11-18,EURO STOXX 50,^STOXX50E,3924.840087890625,1.189777440403006,1.0706208538037094
2022-11-21,EURO STOXX 50,^STOXX50E,3909.280029296875,-0.39723871531922583,1.0933153273606764
2022-11-22,EURO STOXX 50,^STOXX50E,3929.89990234375,0.5260734102751741,1.0168338425833623
2022-11-23,EURO STOXX 50,^STOXX50E,3946.43994140625,0.41999364435092446,0.9601179211267484
2022-11-24,EURO STOXX 50,^STOXX50E,3961.989990234375,0.39325299717862805,0.9054194982100113
2022-11-25,EURO STOXX 50,^STOXX50E,3962.409912109375,0.010598200004174885,0.859126569933903
2022-11-28,EURO STOXX 50,^STOXX50E,3935.510009765625,-0.6811921778853147,0.8079371878061831
2022-11-29,EURO STOXX 50,^STOXX50E,3934.43994140625,-0.02719377817168578,0.8201550865533808
2022-11-30,EURO STOXX 50,^STOXX50E,3964.719970703125,0.7666683027144572,0.7765590017452503
2022-12-01,EURO STOXX 50,^STOXX50E,3984.5,0.49766065584933017,0.8012956039615984
2022-12-02,EURO STOXX 50,^STOXX50E,3977.89990234375,-0.16578165499900877,0.785292798888675
2022-12-05,EURO STOXX 50,^STOXX50E,3956.530029296875,-0.5386631403379027,0.7523095306986685
2022-12-06,EURO STOXX 50,^STOXX50E,3939.18994140625,-0.4392282358605115,0.7584325183784631
2022-12-07,EURO STOXX 50,^STOXX50E,3920.89990234375,-0.4653909163348402,0.7515674761678406
2022-12-08,EURO STOXX 50,^STOXX50E,3921.27001953125,0.0094391524656956,0.7491150263385618
2022-12-09,EURO STOXX 50,^STOXX50E,3942.6201171875,0.5429920749730144,0.7191081044462709
2022-12-12,EURO STOXX 50,^STOXX50E,3921.820068359375,-0.5289657454813579,0.7269620563816819
2022-12-13,EURO STOXX 50,^STOXX50E,3986.830078125,1.6440599310650228,0.7379839600401734
2022-12-14,EURO STOXX 50,^STOXX50E,3975.260009765625,-0.2906291281703943,0.974013927585922
2022-12-15,EURO STOXX 50,^STOXX50E,3835.699951171875,-3.5738222460937052,0.9118048254051013
2022-12-16,EURO STOXX 50,^STOXX50E,3804.02001953125,-0.8293527340677898,1.7114716761743938
2022-12-19,EURO STOXX 50,^STOXX50E,3811.239990234375,0.1896185516228499,1.5676213696656809
2022-12-20,EURO STOXX 50,^STOXX50E,3802.489990234375,-0.22984802126266857,1.4055057464544298
2022-12-21,EURO STOXX 50,^STOXX50E,3872.14990234375,1.8153770382378198,1.269910410634628
2022-12-22,EURO STOXX 50,^STOXX50E,3823.2900390625,-1.2698564401862455,1.3662971878470684
2022-12-23,EURO STOXX 50,^STOXX50E,3817.010009765625,-0.16439225347291142,1.3432101244667587
2022-12-27,EURO STOXX 50,^STOXX50E,3832.889892578125,0.41516636359766323,1.2150663969887827
2022-12-28,EURO STOXX 50,^STOXX50E,3808.820068359375,-0.6299611982887754,1.115499397156997
2022-12-29,EURO STOXX 50,^STOXX50E,3850.070068359375,1.0771899878220026,1.0556196858155384
2022-12-30,EURO STOXX 50,^STOXX50E,3793.6201171875,-1.4770608465044077,1.0623275384357584
2023-01-03,EURO STOXX 50,^STOXX50E,3882.2900390625,2.310445653639448,1.1562415458286115
2023-01-04,EURO STOXX 50,^STOXX50E,3973.969970703125,2.334039188069248,1.4134954534186535
2023-01-05,EURO STOXX 50,^STOXX50E,3959.47998046875,-0.36528890800191505,1.5884715724676985
2023-01-06,EURO STOXX 50,^STOXX50E,4017.830078125,1.4629276755503184,1.430960434102391
2023-01-09,EURO STOXX 50,^STOXX50E,4068.6201171875,1.256192908673981,1.4167290062845368
2023-01-10,EURO STOXX 50,^STOXX50E,4057.4599609375,-0.27467519786483763,1.3720077047715016
2023-01-11,EURO STOXX 50,^STOXX50E,4099.759765625,1.0371225800017925,1.243220998025913
2023-01-12,EURO STOXX 50,^STOXX50E,4126.68017578125,0.6544873953595598,1.2021533516270895
2023-01-13,EURO STOXX 50,^STOXX50E,4150.7998046875,0.582778749762447,1.1232528711306893
2023-01-16,EURO STOXX 50,^STOXX50E,4157.0,0.14926205756982114,1.0519535352444023
2023-01-17,EURO STOXX 50,^STOXX50E,4174.330078125,0.41602248278405085,0.9683916168812751
2023-01-18,EURO STOXX 50,^STOXX50E,4174.33984375,0.00023394445083368964,0.9118611972386957
2023-01-19,EURO STOXX 50,^STOXX50E,4094.280029296875,-1.936533971696086,0.8511441126890313
2023-01-20,EURO STOXX 50,^STOXX50E,4119.89990234375,0.6237982692772093,1.1393016176961555
2023-01-23,EURO STOXX 50,^STOXX50E,4150.81982421875,0.7476995218427263,1.0688680695149901
2023-01-24,EURO STOXX 50,^STOXX50E,4153.02001953125,0.05299223986465762,1.0251663263872752
2023-01-25,EURO STOXX 50,^STOXX50E,4148.10986328125,-0.11830092751150545,0.9448327101008587
2023-01-26,EURO STOXX 50,^STOXX50E,4173.97998046875,0.6217236536780746,0.8802659884917363
2023-01-27,EURO STOXX 50,^STOXX50E,4178.009765625,0.09649881265350047,0.8607871980653308
2023-01-30,EURO STOXX 50,^STOXX50E,4158.6298828125,-0.4649335593212456,0.8097626297239664
2023-01-31,EURO STOXX 50,^STOXX50E,4163.4501953125,0.11584394751817939,0.7942057346594183
2023-02-01,EURO STOXX 50,^STOXX50E,4171.43994140625,0.1917181488884978,0.7561393396424915
2023-02-02,EURO STOXX 50,^STOXX50E,4241.1201171875,1.6566127042016987,0.7278445076446739
2023-02-03,EURO STOXX 50,^STOXX50E,4257.97998046875,0.3967451895610097,0.9717173359584613
2023-02-06,EURO STOXX 50,^STOXX50E,4205.4501953125,-1.2413515232752914,0.9132107789587677
2023-02-07,EURO STOXX 50,^STOXX50E,4209.31005859375,0.09174030953946755,0.9999468248341591
2023-02-08,EURO STOXX 50,^STOXX50E,4209.14990234375,-0.0038048823837399937,0.924198349108053
2023-02-09,EURO STOXX 50,^STOXX50E,4250.14013671875,0.969125186708375,0.8613095058507855
2023-02-10,EURO STOXX 50,^STOXX50E,4197.93994140625,-1.2358040919988156,0.8979770547272989
2023-02-13,EURO STOXX 50,^STOXX50E,4241.35986328125,1.0290025477084797,0.9881046628042136
2023-02-14,EURO STOXX 50,^STOXX50E,4238.759765625,-0.061322194768642646,1.0029655079399566
2023-02-15,EURO STOXX 50,^STOXX50E,4280.0400390625,0.9691646123378916,0.9270457915960314
2023-02-16,EURO STOXX 50,^STOXX50E,4297.240234375,0.4010646223511216,0.9468428885066328
2023-02-17,EURO STOXX 50,^STOXX50E,4274.919921875,-0.5207640206467801,0.8932575382617557
2023-02-20,EURO STOXX 50,^STOXX50E,4271.18017578125,-0.08751936648838665,0.8658306737167898
2023-02-21,EURO STOXX 50,^STOXX50E,4250.39990234375,-0.4877103644435721,0.8147558571060961
2023-02-22,EURO STOXX 50,^STOXX50E,4242.8798828125,-0.17708168544015024,0.8005519672686084
2023-02-23,EURO STOXX 50,^STOXX50E,4258.16015625,0.35949224620654974,0.7650407867168181
2023-02-24,EURO STOXX 50,^STOXX50E,4178.81982421875,-1.880831081854062,0.744511882915742
2023-02-27,EURO STOXX 50,^STOXX50E,4248.009765625,1.642171484499677,1.0634286667370483
2023-02-28,EURO STOXX 50,^STOXX50E,4238.3798828125,-0.22694896993247227,1.1820177209126743
2023-03-01,EURO STOXX 50,^STOXX50E,4215.75,-0.535358154545662,1.0812207315599687
2023-03-02,EURO STOXX 50,^STOXX50E,4240.58984375,0.5874862092223765,1.0183188428391265
2023-03-03,EURO STOXX 50,^STOXX50E,4294.7998046875,1.2702569440955713,0.9670561921184967
2023-03-06,EURO STOXX 50,^STOXX50E,4313.77978515625,0.44095570064381917,1.0326880881674245
2023-03-07,EURO STOXX 50,^STOXX50E,4278.9599609375,-0.810451982425775,0.9661985843661262
2023-03-08,EURO STOXX 50,^STOXX50E,4288.4501953125,0.22154275524393086,0.9601659220070338
2023-03-09,EURO STOXX 50,^STOXX50E,4286.1201171875,-0.05434857018915551,0.8944610075695507
2023-03-10,EURO STOXX 50,^STOXX50E,4229.52978515625,-1.3291097156415077,0.8374717680068463
2023-03-13,EURO STOXX 50,^STOXX50E,4096.5400390625,-3.1948100457050543,0.9681939211832163
2023-03-14,EURO STOXX 50,^STOXX50E,4179.47021484375,2.004177112316441,1.603350269844011
2023-03-15,EURO STOXX 50,^STOXX50E,4034.919921875,-3.5198039998585173,1.649902341158876
2023-03-16,EURO STOXX 50,^STOXX50E,4116.97998046875,2.013342448047517,2.076824600188367
2023-03-17,EURO STOXX 50,^STOXX50E,4064.989990234375,-1.2708599555878664,2.0160223622549074
2023-03-20,EURO STOXX 50,^STOXX50E,4119.419921875,1.3301077217613866,1.8680454842139331
2023-03-21,EURO STOXX 50,^STOXX50E,4181.60009765625,1.498161398298592,1.7466726656733786
2023-03-22,EURO STOXX 50,^STOXX50E,4195.7001953125,0.3366266094813497,1.671443062730259
2023-03-23,EURO STOXX 50,^STOXX50E,4207.14013671875,0.27228765565556756,1.4983545967121723
2023-03-24,EURO STOXX 50,^STOXX50E,4130.6201171875,-1.835556928002724,1.3484576679891949
2023-03-27,EURO STOXX 50,^STOXX50E,4164.6201171875,0.8197517959011691,1.4391051089191127
2023-03-28,EURO STOXX 50,^STOXX50E,4168.2099609375,0.08616145867446079,1.3347034724099394
2023-03-29,EURO STOXX 50,^STOXX50E,4231.27001953125,1.5015511331334608,1.2055089131563193
2023-03-30,EURO STOXX 50,^STOXX50E,4285.419921875,1.2716356333285717,1.2531915394368158
2023-03-31,EURO STOXX 50,^STOXX50E,4315.0498046875,0.6890321338588024,1.2466440048012333
2023-04-03,EURO STOXX 50,^STOXX50E,4311.0498046875,-0.0927418060962637,1.1630989144374455
2023-04-04,EURO STOXX 50,^STOXX50E,4315.31982421875,0.09899923290301871,1.061355467692987
2023-04-05,EURO STOXX 50,^STOXX50E,4298.35986328125,-0.393791816496325,0.9753787407427575
2023-04-06,EURO STOXX 50,^STOXX50E,4309.4501953125,0.2576808292086952,0.9199966857642486
2023-04-11,EURO STOXX 50,^STOXX50E,4333.2900390625,0.5516746672068251,0.8629954907318643
2023-04-12,EURO STOXX 50,^STOXX50E,4334.02978515625,0.017069777291034427,0.8393745585420742
2023-04-13,EURO STOXX 50,^STOXX50E,4363.240234375,0.6717178835554449,0.7918395632771431
2023-04-14,EURO STOXX 50,^STOXX50E,4390.75,0.6285100953302702,0.7988214217215759
2023-04-17,EURO STOXX 50,^STOXX50E,4367.60986328125,-0.5284137880471107,0.7984248600223084
2023-04-18,EURO STOXX 50,^STOXX50E,4393.9501953125,0.6012721755370265,0.7925247107118684
2023-04-19,EURO STOXX 50,^STOXX50E,4393.56982421875,-0.008657074877582716,0.7901636311334677
2023-04-20,EURO STOXX 50,^STOXX50E,4384.85986328125,-0.19844013350382994,0.7521492387905175
2023-04-21,EURO STOXX 50,^STOXX50E,4408.58984375,0.5397207890775135,0.7274798743262926
2023-04-24,EURO STOXX 50,^STOXX50E,4401.7998046875,-0.15413711941860697,0.7329308225851939
2023-04-25,EURO STOXX 50,^STOXX50E,4377.85009765625,-0.5455745206969453,0.7101233982443435
2023-04-26,EURO STOXX 50,^STOXX50E,4347.7099609375,-0.6908497882536224,0.7274996324745292
2023-04-27,EURO STOXX 50,^STOXX50E,4358.0498046875,0.23754040750691985,0.7617752185831888
2023-04-28,EURO STOXX 50,^STOXX50E,4359.31005859375,0.028913660438334432,0.7343252977399748
2023-05-02,EURO STOXX 50,^STOXX50E,4294.85009765625,-1.48971481636071,0.7072765903219689
2023-05-03,EURO STOXX 50,^STOXX50E,4310.18017578125,0.3563054133746135,0.9282575861205644
2023-05-04,EURO STOXX 50,^STOXX50E,4287.02978515625,-0.538557199030798,0.8751246778679069
2023-05-05,EURO STOXX 50,^STOXX50E,4340.43017578125,1.2379326666811963,0.8534913696732119
2023-05-08,EURO STOXX 50,^STOXX50E,4348.64990234375,0.18919676054309775,0.9457492832211738
2023-05-09,EURO STOXX 50,^STOXX50E,4323.08984375,-0.589504144796571,0.881496518246529
2023-05-10,EURO STOXX 50,^STOXX50E,4306.759765625,-0.37845613435578684,0.8644508656870354
2023-05-11,EURO STOXX 50,^STOXX50E,4309.75,0.0694070935072233,0.82931165936909
2023-05-12,EURO STOXX 50,^STOXX50E,4317.8798828125,0.18846161296259822,0.7838473558255971
2023-05-15,EURO STOXX 50,^STOXX50E,4316.41015625,-0.03404394733195204,0.7498624083363195
2023-05-16,EURO STOXX 50,^STOXX50E,4315.509765625,-0.020861885569267713,0.7201130191200087
2023-05-17,EURO STOXX 50,^STOXX50E,4323.22998046875,0.1787347952575402,0.6962666577633071
2023-05-19,EURO STOXX 50,^STOXX50E,4395.2998046875,1.6532940210428393,0.6799904451132879
2023-05-22,EURO STOXX 50,^STOXX50E,4385.6298828125,-0.22024833652363185,0.9437919696931844
2023-05-23,EURO STOXX 50,^STOXX50E,4342.3798828125,-0.9910702478428846,0.8832777464194418
2023-05-24,EURO STOXX 50,^STOXX50E,4263.740234375,-1.8275793548859554,0.9280829042327441
2023-05-25,EURO STOXX 50,^STOXX50E,4269.64013671875,0.1382782209926603,1.154220542844393
2023-05-26,EURO STOXX 50,^STOXX50E,4337.5,1.5768598699006375,1.053724502694423
2023-05-30,EURO STOXX 50,^STOXX50E,4291.580078125,-1.0643163565697833,1.1602925188085778
2023-05-31,EURO STOXX 50,^STOXX50E,4218.0400390625,-1.728440726746605,1.1496340295934453
2023-06-01,EURO STOXX 50,^STOXX50E,4257.60986328125,0.9337363428171486,1.2744816917137014
2023-06-02,EURO STOXX 50,^STOXX50E,4323.52001953125,1.5361951938913876,1.2131941202743377
2023-06-05,EURO STOXX 50,^STOXX50E,4293.240234375,-0.7028142573897611,1.26582394023371
2023-06-06,EURO STOXX 50,^STOXX50E,4295.22021484375,0.04610792622337101,1.185742565325524
2023-06-07,EURO STOXX 50,^STOXX50E,4291.91015625,-0.07709347860451743,1.0792864550120922
2023-06-08,EURO STOXX 50,^STOXX50E,4297.68017578125,0.13434914067147474,0.9908479009666434
2023-06-09,EURO STOXX 50,^STOXX50E,4289.7900390625,-0.18375933171483894,0.9173301450507271
2023-06-12,EURO STOXX 50,^STOXX50E,4316.490234375,0.6204836497824218,0.8599842221731757
2023-06-13,EURO STOXX 50,^STOXX50E,4347.5498046875,0.7169796821422381,0.8447736175788967
2023-06-14,EURO STOXX 50,^STOXX50E,4375.97998046875,0.6518067144035911,0.8454603257304092
2023-06-15,EURO STOXX 50,^STOXX50E,4365.1201171875,-0.24847830930792014,0.8373375919798364
2023-06-16,EURO STOXX 50,^STOXX50E,4394.81982421875,0.67808275007053,0.7983197835612676
2023-06-19,EURO STOXX 50,^STOXX50E,4362.3798828125,-0.7408781545974463,0.8046227269158762
2023-06-20,EURO STOXX 50,^STOXX50E,4343.14013671875,-0.4420132829608292,0.8267667315005223
2023-06-21,EURO STOXX 50,^STOXX50E,4322.75,-0.4705846491319221,0.8052025180511736
2023-06-22,EURO STOXX 50,^STOXX50E,4304.47021484375,-0.4237706249975659,0.7912444393991169
2023-06-23,EURO STOXX 50,^STOXX50E,4271.60986328125,-0.766329420348022,0.7755178372972777
2023-06-26,EURO STOXX 50,^STOXX50E,4280.56982421875,0.20953638822298615,0.8093458869224978
2023-06-27,EURO STOXX 50,^STOXX50E,4305.259765625,0.5751339274901568,0.7711489165488083
2023-06-28,EURO STOXX 50,^STOXX50E,4344.75,0.913074315626794,0.7705497432655343
2023-06-29,EURO STOXX 50,^STOXX50E,4354.68994140625,0.22851921040469847,0.821822218350064
2023-06-30,EURO STOXX 50,^STOXX50E,4399.08984375,1.0144254067105507,0.7819917009854086
2023-07-03,EURO STOXX 50,^STOXX50E,4398.14990234375,-0.021369007483151847,0.8492819084817247
2023-07-04,EURO STOXX 50,^STOXX50E,4390.990234375,-0.16292081912574474,0.8001398490299648
2023-07-05,EURO STOXX 50,^STOXX50E,4350.7099609375,-0.9215726373463795,0.7640883555525408
2023-07-06,EURO STOXX 50,^STOXX50E,4223.08984375,-2.977199060496538,0.8291837696461312
2023-07-07,EURO STOXX 50,^STOXX50E,4236.60009765625,0.3194033229497961,1.4658750978226391
2023-07-10,EURO STOXX 50,^STOXX50E,4256.509765625,0.4688436805714957,1.3224298347863657
2023-07-11,EURO STOXX 50,^STOXX50E,4286.56005859375,0.7035039517138131,1.2086305966534505
2023-07-12,EURO STOXX 50,^STOXX50E,4360.4599609375,1.7092987282845584,1.133370791161449
2023-07-13,EURO STOXX 50,^STOXX50E,4391.759765625,0.7152457113878796,1.2460317360186692
2023-07-14,EURO STOXX 50,^STOXX50E,4400.10986328125,0.18995050016386017,1.1651793377553088
2023-07-17,EURO STOXX 50,^STOXX50E,4356.7900390625,-0.9893952902018555,1.0640608541194567
2023-07-18,EURO STOXX 50,^STOXX50E,4369.72998046875,0.29656611940023225,1.0633346751974952
2023-07-19,EURO STOXX 50,^STOXX50E,4362.27978515625,-0.17064106248803057,0.9828695105334904
2023-07-20,EURO STOXX 50,^STOXX50E,4373.72998046875,0.26213802814982756,0.9133161653654329
2023-07-21,EURO STOXX 50,^STOXX50E,4391.41015625,0.40342081207978,0.8577430378386954
2023-07-24,EURO STOXX 50,^STOXX50E,4383.02978515625,-0.19101785864155119,0.8215405773115637
2023-07-25,EURO STOXX 50,^STOXX50E,4391.2998046875,0.18850493124222822,0.782555428830185
2023-07-26,EURO STOXX 50,^STOXX50E,4346.14990234375,-1.0334893070345075,0.7488286851140911
2023-07-27,EURO STOXX 50,^STOXX50E,4447.43994140625,2.303826330189729,0.8414794802016107
2023-07-28,EURO STOXX 50,^STOXX50E,4466.5,0.42764675927440265,1.2291121094875417
2023-07-31,EURO STOXX 50,^STOXX50E,4471.31005859375,0.10763395119361974,1.1279772538844928
2023-08-02,EURO STOXX 50,^STOXX50E,4336.5,-3.0613872529318797,1.0312220395682927
2023-08-03,EURO STOXX 50,^STOXX50E,4304.6298828125,-0.7376410753645146,1.5887721572763902
2023-08-04,EURO STOXX 50,^STOXX50E,4332.91015625,0.6548247386016115,1.4565962108374957
2023-08-07,EURO STOXX 50,^STOXX50E,4337.5,0.1058737498231821,1.3343380984377544
2023-08-08,EURO STOXX 50,^STOXX50E,4288.85009765625,-1.127949076723489,1.205389486310919
2023-08-09,EURO STOXX 50,^STOXX50E,4317.330078125,0.6618519215326302,1.1948918849909707
2023-08-10,EURO STOXX 50,^STOXX50E,4384.0400390625,1.5333508880774005,1.1180030548840183
2023-08-11,EURO STOXX 50,^STOXX50E,4321.330078125,-1.4407439278885548,1.1961225633555823
2023-08-14,EURO STOXX 50,^STOXX50E,4330.22998046875,0.20574105532098486,1.2450787498648759
2023-08-15,EURO STOXX 50,^STOXX50E,4288.56982421875,-0.9667350825791843,1.1317221528680808
2023-08-16,EURO STOXX 50,^STOXX50E,4284.27001953125,-0.10031226819648964,1.1121354380775998
2023-08-17,EURO STOXX 50,^STOXX50E,4227.830078125,-1.3261302826276022,1.0187687652477766
2023-08-18,EURO STOXX 50,^STOXX50E,4212.9501953125,-0.3525716283181879,1.0927274275911325
2023-08-21,EURO STOXX 50,^STOXX50E,4224.8701171875,0.28253575835730516,1.013338622012799
2023-08-22,EURO STOXX 50,^STOXX50E,4260.3701171875,0.8367519633630138,0.9408381219973428
2023-08-23,EURO STOXX 50,^STOXX50E,4266.669921875,0.1477606720468927,0.9363995735117306
2023-08-24,EURO STOXX 50,^STOXX50E,4232.22021484375,-0.8106916350824278,0.8726718873244754
2023-08-25,EURO STOXX 50,^STOXX50E,4236.25,0.09517150933238128,0.8888885671912463
2023-08-28,EURO STOXX 50,^STOXX50E,4293.68994140625,1.3468045506158433,0.8326963328598387
2023-08-29,EURO STOXX 50,^STOXX50E,4326.47021484375,0.7605527241985044,0.9562345495447395
2023-08-30,EURO STOXX 50,^STOXX50E,4315.31005859375,-0.2582838744112692,0.9376867015213234
2023-08-31,EURO STOXX 50,^STOXX50E,4297.10986328125,-0.42265060390995757,0.8802393705431674
2023-09-01,EURO STOXX 50,^STOXX50E,4282.64013671875,-0.3372998113265524,0.8457596360249414
2023-09-04,EURO STOXX 50,^STOXX50E,4279.8701171875,-0.06470111090663977,0.8110837111521506
2023-09-05,EURO STOXX 50,^STOXX50E,4269.16015625,-0.25055395051349905,0.7698271981374523
2023-09-06,EURO STOXX 50,^STOXX50E,4238.259765625,-0.7264370818862886,0.7445267220916572
2023-09-07,EURO STOXX 50,^STOXX50E,4221.02001953125,-0.4075942727755688,0.7800165121824361
2023-09-08,EURO STOXX 50,^STOXX50E,4237.18994140625,0.38234902299159046,0.7651562675999465
2023-09-11,EURO STOXX 50,^STOXX50E,4254.330078125,0.40370063210470875,0.7463933806635781
2023-09-12,EURO STOXX 50,^STOXX50E,4242.27001953125,-0.283879823794031,0.7334932138990518
2023-09-13,EURO STOXX 50,^STOXX50E,4223.47998046875,-0.4439079802255108,0.7181775761012722
2023-09-14,EURO STOXX 50,^STOXX50E,4279.75,1.323516853201312,0.7211277052619918
2023-09-15,EURO STOXX 50,^STOXX50E,4295.0498046875,0.3568554665385193,0.8781294752601448
2023-09-18,EURO STOXX 50,^STOXX50E,4245.8798828125,-1.1514077950279145,0.8345521219295894
2023-09-19,EURO STOXX 50,^STOXX50E,4242.7001953125,-0.07491683224873924,0.9257748510368274
2023-09-20,EURO STOXX 50,^STOXX50E,4275.97998046875,0.7813406250349431,0.8635421170421859
2023-09-21,EURO STOXX 50,^STOXX50E,4212.58984375,-1.493568797149969,0.869011587682649
2023-09-22,EURO STOXX 50,^STOXX50E,4207.16015625,-0.12897504682847227,1.029136710360766
2023-09-25,EURO STOXX 50,^STOXX50E,4167.3701171875,-0.9502703360652731,0.9502683027027141
2023-09-26,EURO STOXX 50,^STOXX50E,4129.18017578125,-0.9206286900447225,0.9703959610949598
2023-09-27,EURO STOXX 50,^STOXX50E,4131.68017578125,0.06052638514475461,0.9806141007620964
2023-09-28,EURO STOXX 50,^STOXX50E,4161.56005859375,0.7205871591720481,0.9078920431139041
2023-09-29,EURO STOXX 50,^STOXX50E,4174.66015625,0.3142937231082499,0.8946901838040086
2023-10-02,EURO STOXX 50,^STOXX50E,4137.6298828125,-0.8909823462294852,0.8452975785367319
2023-10-03,EURO STOXX 50,^STOXX50E,4095.590087890625,-1.0212325296118152,0.8820671560261515
2023-10-04,EURO STOXX 50,^STOXX50E,4099.85009765625,0.1039604963944285,0.9328984902189784
2023-10-05,EURO STOXX 50,^STOXX50E,4099.81005859375,-0.0009766029746671734,0.8689489383283104
2023-10-06,EURO STOXX 50,^STOXX50E,4144.43017578125,1.0824661001770153,0.8160059534435766
2023-10-09,EURO STOXX 50,^STOXX50E,4112.56982421875,-0.7717211985847072,0.8868917129243954
2023-10-10,EURO STOXX 50,^STOXX50E,4205.22998046875,2.22808895933273,0.8935654715430168
2023-10-11,EURO STOXX 50,^STOXX50E,4200.7998046875,-0.1054047226727306,1.2338388429111398
2023-10-12,EURO STOXX 50,^STOXX50E,4198.22998046875,-0.06119336077325954,1.121171407638277
2023-10-13,EURO STOXX 50,^STOXX50E,4136.1201171875,-1.4904824582052,1.025633221440864
2023-10-16,EURO STOXX 50,^STOXX50E,4149.85986328125,0.33163871308161674,1.1335993711848371
2023-10-17,EURO STOXX 50,^STOXX50E,4152.31982421875,0.05926060630052632,1.0429804685004211
2023-10-18,EURO STOXX 50,^STOXX50E,4105.85986328125,-1.1251983578656422,0.9596967792543619
2023-10-19,EURO STOXX 50,^STOXX50E,4090.330078125,-0.3789517776386475,1.0093716613762251
2023-10-20,EURO STOXX 50,^STOXX50E,4024.679931640625,-1.6180282877034102,0.9465911883002843
2023-10-23,EURO STOXX 50,^STOXX50E,4041.75,0.42323788802267615,1.1109093167873085
2023-10-24,EURO STOXX 50,^STOXX50E,4065.3701171875,0.5827022094042178,1.0293989356337423
2023-10-25,EURO STOXX 50,^STOXX50E,4073.35009765625,0.19609921008072462,0.9755442909801512
2023-10-26,EURO STOXX 50,^STOXX50E,4049.39990234375,-0.589708281537682,0.9062643267220466
2023-10-27,EURO STOXX 50,^STOXX50E,4014.360107421875,-0.8690738668406084,0.8838935867288118
2023-10-30,EURO STOXX 50,^STOXX50E,4028.320068359375,0.34714733526204355,0.906892263657886
2023-10-31,EURO STOXX 50,^STOXX50E,4061.1201171875,0.810939393235266,0.8571879239246413
2023-11-01,EURO STOXX 50,^STOXX50E,4091.7099609375,0.7504139545398303,0.8686394840801366
2023-11-02,EURO STOXX 50,^STOXX50E,4169.6201171875,1.8861966624124094,0.86843852035494
2023-11-03,EURO STOXX 50,^STOXX50E,4174.669921875,0.12103618834800045,1.119130194480471
2023-11-06,EURO STOXX 50,^STOXX50E,4158.64013671875,-0.3847163927538588,1.023998173272527
2023-11-07,EURO STOXX 50,^STOXX50E,4153.3701171875,-0.12680495034125272,0.958978786213025
2023-11-08,EURO STOXX 50,^STOXX50E,4178.490234375,0.6029912226352963,0.8921608004435335
2023-11-09,EURO STOXX 50,^STOXX50E,4229.2001953125,1.2062902714113477,0.8679824022468368
2023-11-10,EURO STOXX 50,^STOXX50E,4197.35986328125,-0.7557172403785728,0.9490597431915525
2023-11-13,EURO STOXX 50,^STOXX50E,4232.18994140625,0.8263852079315015,0.9389707609576675
2023-11-14,EURO STOXX 50,^STOXX50E,4291.72021484375,1.396805931532974,0.9334442372288515
2023-11-15,EURO STOXX 50,^STOXX50E,4315.52978515625,0.5532459506337517,1.036179811816157
2023-11-16,EURO STOXX 50,^STOXX50E,4302.4501953125,-0.30354212741485753,0.9782697040341544
2023-11-17,EURO STOXX 50,^STOXX50E,4340.77001953125,0.8867082948505356,0.9160694243923956
2023-11-20,EURO STOXX 50,^STOXX50E,4342.41015625,0.037777328238064456,0.9250686567937209
2023-11-21,EURO STOXX 50,^STOXX50E,4331.89990234375,-0.24233072091348618,0.861939973793214
2023-11-22,EURO STOXX 50,^STOXX50E,4352.02001953125,0.46338873162401484,0.8178007618299927
2023-11-23,EURO STOXX 50,^STOXX50E,4361.31982421875,0.21346139105187234,0.7949176835421639
2023-11-24,EURO STOXX 50,^STOXX50E,4372.10009765625,0.24687416863340417,0.759716538695258
2023-11-27,EURO STOXX 50,^STOXX50E,4354.41015625,-0.40543046699994534,0.7331532792949105
2023-11-28,EURO STOXX 50,^STOXX50E,4348.02001953125,-0.14685869896506887,0.7285429544958715
2023-11-29,EURO STOXX 50,^STOXX50E,4370.52978515625,0.5163660504280188,0.706341347814646
2023-11-30,EURO STOXX 50,^STOXX50E,4382.47021484375,0.2728307344730396,0.7141242697418128
2023-12-01,EURO STOXX 50,^STOXX50E,4418.509765625,0.8189940735569223,0.6986018232936806
2023-12-04,EURO STOXX 50,^STOXX50E,4414.9501953125,-0.08059289385844437,0.7533392747982607
2023-12-05,EURO STOXX 50,^STOXX50E,4452.77001953125,0.8529825616921727,0.7238171310088345
2023-12-06,EURO STOXX 50,^STOXX50E,4483.259765625,0.6824029271536247,0.7774088861231334
2023-12-07,EURO STOXX 50,^STOXX50E,4473.77001953125,-0.21189501145073564,0.7893751995053865
2023-12-08,EURO STOXX 50,^STOXX50E,4523.31005859375,1.101258170504238,0.757818815650825
2023-12-11,EURO STOXX 50,^STOXX50E,4540.18994140625,0.37248088108867705,0.8503908589367144
2023-12-12,EURO STOXX 50,^STOXX50E,4536.60986328125,-0.07888415273420435,0.8133308585428329
2023-12-13,EURO STOXX 50,^STOXX50E,4530.18994140625,-0.14161386787385766,0.7719528211778652
2023-12-14,EURO STOXX 50,^STOXX50E,4539.16015625,0.1978139044632954,0.7406440454527262
2023-12-15,EURO STOXX 50,^STOXX50E,4549.43994140625,0.22621282550581157,0.715766555859281
2023-12-18,EURO STOXX 50,^STOXX50E,4521.1298828125,-0.6242198906473817,0.6973696350842362
2023-12-19,EURO STOXX 50,^STOXX50E,4535.39990234375,0.3151324332655747,0.7292919009139792
2023-12-20,EURO STOXX 50,^STOXX50E,4533.81982421875,-0.03484485300013773,0.7132073310205175
2023-12-21,EURO STOXX 50,^STOXX50E,4524.85986328125,-0.19782052503245495,0.6909855095039962
2023-12-22,EURO STOXX 50,^STOXX50E,4521.47021484375,-0.07493975052561552,0.6793398004997651
2023-12-27,EURO STOXX 50,^STOXX50E,4528.3798828125,0.15270240361662246,0.6651487063605771
2023-12-28,EURO STOXX 50,^STOXX50E,4514.3798828125,-0.3096402325953207,0.654737318566361
2023-12-29,EURO STOXX 50,^STOXX50E,4521.64990234375,0.16091184453284058,0.659387257649903
2024-01-03,EURO STOXX 50,^STOXX50E,4448.1298828125,-1.639319308744902,0.6505313695914974
2024-01-04,EURO STOXX 50,^STOXX50E,4474.009765625,0.580128902133481,0.9399828448487864
2024-01-05,EURO STOXX 50,^STOXX50E,4463.509765625,-0.23496462959364806,0.9034301104893484
2024-01-08,EURO STOXX 50,^STOXX50E,4485.47998046875,0.49101093212513547,0.8510527437258226
2024-01-09,EURO STOXX 50,^STOXX50E,4467.169921875,-0.40904278226410185,0.8238119875608876
2024-01-10,EURO STOXX 50,^STOXX50E,4468.97998046875,0.04051092782209054,0.7997085780024512
2024-01-11,EURO STOXX 50,^STOXX50E,4442.27978515625,-0.5992480505479847,0.7597180743282325
2024-01-12,EURO STOXX 50,^STOXX50E,4480.02001953125,0.8459805270971898,0.7720714444200959
2024-01-15,EURO STOXX 50,^STOXX50E,4454.68017578125,-0.5672246664618186,0.8110190536016089
2024-01-16,EURO STOXX 50,^STOXX50E,4446.509765625,-0.18358022926534545,0.8069869551045946
2024-01-17,EURO STOXX 50,^STOXX50E,4403.080078125,-0.9815152323255916,0.770504931535301
2024-01-18,EURO STOXX 50,^STOXX50E,4453.0498046875,1.128489701974722,0.8456056202461492
2024-01-19,EURO STOXX 50,^STOXX50E,4448.830078125,-0.09480529807426308,0.917146457328514
2024-01-22,EURO STOXX 50,^STOXX50E,4480.31982421875,0.7053275392584268,0.8568968843411326
2024-01-23,EURO STOXX 50,^STOXX50E,4465.91015625,-0.32213972726946594,0.853177339003487
2024-01-24,EURO STOXX 50,^STOXX50E,4564.10986328125,2.175046747876763,0.8158910550070048
2024-01-25,EURO STOXX 50,^STOXX50E,4582.259765625,0.3968771633690693,1.1753039587010576
2024-01-26,EURO STOXX 50,^STOXX50E,4635.47021484375,1.15453675448709,1.0812537176099934
2024-01-29,EURO STOXX 50,^STOXX50E,4639.35986328125,0.08387536230358705,1.0950636582145639
2024-01-30,EURO STOXX 50,^STOXX50E,4662.7001953125,0.5018325159584336,1.0033777609942263
2024-01-31,EURO STOXX 50,^STOXX50E,4648.39990234375,-0.30716680225850723,0.9470868029228257
2024-02-01,EURO STOXX 50,^STOXX50E,4638.60009765625,-0.21104357327033085,0.8908201577223112
2024-02-02,EURO STOXX 50,^STOXX50E,4654.5498046875,0.34325762221794065,0.8395870434597011
2024-02-05,EURO STOXX 50,^STOXX50E,4655.27001953125,0.015472154322715426,0.8026359724965783
2024-02-06,EURO STOXX 50,^STOXX50E,4690.8701171875,0.7618175912417868,0.7620781892334995
2024-02-07,EURO STOXX 50,^STOXX50E,4678.85009765625,-0.25657171931534606,0.7897950207347348
2024-02-08,EURO STOXX 50,^STOXX50E,4710.77978515625,0.6801079696048262,0.7607710114360298
2024-02-09,EURO STOXX 50,^STOXX50E,4715.8701171875,0.10799876050899826,0.7765184694053368
2024-02-12,EURO STOXX 50,^STOXX50E,4746.35009765625,0.644248077103704,0.7417683487951796
2024-02-13,EURO STOXX 50,^STOXX50E,4689.27978515625,-1.209691544868008,0.7571984056410909
2024-02-14,EURO STOXX 50,^STOXX50E,4709.22021484375,0.424332810721495,0.8869010686271221
2024-02-15,EURO STOXX 50,^STOXX50E,4743.169921875,0.7183337235293408,0.8465698154595139
2024-02-16,EURO STOXX 50,^STOXX50E,4765.64990234375,0.47282465679430175,0.8470243527066855
2024-02-19,EURO STOXX 50,^STOXX50E,4763.06982421875,-0.054153721844940605,0.818908341332656
2024-02-20,EURO STOXX 50,^STOXX50E,4760.27978515625,-0.05859365153568774,0.775951877325986
2024-02-21,EURO STOXX 50,^STOXX50E,4775.31005859375,0.31524606513837483,0.7414174568124616
2024-02-22,EURO STOXX 50,^STOXX50E,4855.35986328125,1.6624315634924614,0.7227371224975256
2024-02-23,EURO STOXX 50,^STOXX50E,4872.56982421875,0.35382613659979967,0.9704552452783874
2024-02-26,EURO STOXX 50,^STOXX50E,4864.2900390625,-0.17007099348713695,0.9093942652424521
2024-02-27,EURO STOXX 50,^STOXX50E,4885.740234375,0.4400033500976619,0.8529401199112745
2024-02-28,EURO STOXX 50,^STOXX50E,4883.77001953125,-0.040333953683457935,0.8206911117656717
2024-02-29,EURO STOXX 50,^STOXX50E,4877.77001953125,-0.12293143769532833,0.7771689769211844
2024-03-01,EURO STOXX 50,^STOXX50E,4894.85986328125,0.3497494814773461,0.7441334790005465
2024-03-04,EURO STOXX 50,^STOXX50E,4912.919921875,0.36828067925327446,0.7273387828492389
2024-03-05,EURO STOXX 50,^STOXX50E,4893.06982421875,-0.40485713902800313,0.7156557105736358
2024-03-06,EURO STOXX 50,^STOXX50E,4915.490234375,0.45716086908687004,0.7150199641853394
2024-03-07,EURO STOXX 50,^STOXX50E,4974.22021484375,1.1877126467883414,0.7142717922939645
2024-03-08,EURO STOXX 50,^STOXX50E,4961.10986328125,-0.26391391265168096,0.8407447438277628
2024-03-11,EURO STOXX 50,^STOXX50E,4930.419921875,-0.6205317185832726,0.8019892639848225
2024-03-12,EURO STOXX 50,^STOXX50E,4983.2001953125,1.0648132873821936,0.8070452600400765
2024-03-13,EURO STOXX 50,^STOXX50E,5000.5498046875,0.3475573174348767,0.8770097346828001
2024-03-14,EURO STOXX 50,^STOXX50E,4993.1201171875,-0.14868789797706228,0.8330327439548281
2024-03-15,EURO STOXX 50,^STOXX50E,4986.02001953125,-0.14229881045970671,0.7900206113921023
2024-03-18,EURO STOXX 50,^STOXX50E,4982.759765625,-0.0654092896573033,0.755136479896684
2024-03-19,EURO STOXX 50,^STOXX50E,5007.919921875,0.5036736283621224,0.7248940607225555
2024-03-20,EURO STOXX 50,^STOXX50E,5000.31005859375,-0.15207213988173152,0.726807928730598
2024-03-21,EURO STOXX 50,^STOXX50E,5052.31005859375,1.0345653809794797,0.7051919119982872
2024-03-22,EURO STOXX 50,^STOXX50E,5031.14990234375,-0.4197009239508276,0.8003349797617932
2024-03-25,EURO STOXX 50,^STOXX50E,5044.18994140625,0.2588507493706871,0.7822401086046606
2024-03-26,EURO STOXX 50,^STOXX50E,5064.18017578125,0.39551896503695616,0.7517050239956412
2024-03-27,EURO STOXX 50,^STOXX50E,5081.740234375,0.346150480540075,0.7369382472895926
2024-03-28,EURO STOXX 50,^STOXX50E,5083.419921875,0.03304793017466778,0.7214282603576547
2024-04-02,EURO STOXX 50,^STOXX50E,5042.0,-0.8181419285984148,0.6970294053878652
2024-04-03,EURO STOXX 50,^STOXX50E,5069.25,0.5390048900707711,0.7621448068651597
2024-04-04,EURO STOXX 50,^STOXX50E,5070.759765625,0.029778386235257415,0.7593779732900413
2024-04-05,EURO STOXX 50,^STOXX50E,5014.75,-1.110709180611913,0.727277492937793
2024-04-08,EURO STOXX 50,^STOXX50E,5046.0498046875,0.6222150579770158,0.8441366387440583
2024-04-09,EURO STOXX 50,^STOXX50E,4990.89990234375,-1.0989485647471042,0.8326378588387836
2024-04-10,EURO STOXX 50,^STOXX50E,5000.830078125,0.19876796250617446,0.91326480349014
2024-04-11,EURO STOXX 50,^STOXX50E,4966.68017578125,-0.6852270044470643,0.8551469785814347
2024-04-12,EURO STOXX 50,^STOXX50E,4955.009765625,-0.23525055927855476,0.8566375159450069
2024-04-15,EURO STOXX 50,^STOXX50E,4984.47998046875,0.5929942472825189,0.8131237763661543
2024-04-16,EURO STOXX 50,^STOXX50E,4916.990234375,-1.3632478781932633,0.8050554643916253
2024-04-17,EURO STOXX 50,^STOXX50E,4914.1298828125,-0.05818974052029802,0.9552591511088322
2024-04-18,EURO STOXX 50,^STOXX50E,4936.56982421875,0.45560175194996333,0.8875211526905721
2024-04-19,EURO STOXX 50,^STOXX50E,4918.08984375,-0.375051046987096,0.8496530912523759
2024-04-22,EURO STOXX 50,^STOXX50E,4936.85009765625,0.3807283794573735,0.817215975835639
2024-04-23,EURO STOXX 50,^STOXX50E,5008.169921875,1.4343067536378484,0.7874446446221716
2024-04-24,EURO STOXX 50,^STOXX50E,4989.8798828125,-0.3658725416004316,0.9480138172608992
2024-04-25,EURO STOXX 50,^STOXX50E,4939.009765625,-1.0246979089089336,0.8956407353975229
2024-04-26,EURO STOXX 50,^STOXX50E,5006.85009765625,1.36421355409162,0.9434183833594652
2024-04-29,EURO STOXX 50,^STOXX50E,4981.08984375,-0.5158283124682583,1.0358699112065317
2024-04-30,EURO STOXX 50,^STOXX50E,4921.22021484375,-1.2092200318544855,0.9796357788506741
2024-05-02,EURO STOXX 50,^STOXX50E,4890.60986328125,-0.6239498773872754,1.0404850937044652
2024-05-03,EURO STOXX 50,^STOXX50E,4921.47998046875,0.6292282180845987,0.9944813817001275
2024-05-06,EURO STOXX 50,^STOXX50E,4956.9599609375,0.7183347420118835,0.952184667019727
2024-05-07,EURO STOXX 50,^STOXX50E,5016.10009765625,1.1860117075871202,0.929036694650336
2024-05-08,EURO STOXX 50,^STOXX50E,5038.169921875,0.4390146598918676,0.9883205363945843
2024-05-10,EURO STOXX 50,^STOXX50E,5085.080078125,0.9267871883524847,0.9297942464702076
2024-05-13,EURO STOXX 50,^STOXX50E,5078.9599609375,-0.12042687560516185,0.9418915566114759
2024-05-14,EURO STOXX 50,^STOXX50E,5080.2900390625,0.026184573321863525,0.8779064019394267
2024-05-15,EURO STOXX 50,^STOXX50E,5100.89990234375,0.4048621340292158,0.8232412270272113
2024-05-16,EURO STOXX 50,^STOXX50E,5072.4501953125,-0.5593001503136463,0.794132109600052
2024-05-17,EURO STOXX 50,^STOXX50E,5064.14013671875,-0.16396165146730368,0.7930027777096816
2024-05-21,EURO STOXX 50,^STOXX50E,5046.990234375,-0.33922851670400433,0.7584066301654326
2024-05-22,EURO STOXX 50,^STOXX50E,5025.169921875,-0.43328037477348147,0.7420622773115626
2024-05-23,EURO STOXX 50,^STOXX50E,5037.60009765625,0.24705289059454572,0.7382970306251648
2024-05-24,EURO STOXX 50,^STOXX50E,5035.41015625,-0.04348137022702758,0.7161880993142867
2024-05-27,EURO STOXX 50,^STOXX50E,5059.2001953125,0.4713422762829822,0.6934863299257052
2024-05-28,EURO STOXX 50,^STOXX50E,5030.35009765625,-0.5718823029148723,0.6993108407488565
2024-05-29,EURO STOXX 50,^STOXX50E,4963.2001953125,-1.3438850257065482,0.7230590924981016
2024-05-30,EURO STOXX 50,^STOXX50E,4982.18017578125,0.3816848185341115,0.8985306261965308
2024-05-31,EURO STOXX 50,^STOXX50E,4983.669921875,0.029897020128721863,0.8527332473559307
2024-06-03,EURO STOXX 50,^STOXX50E,5003.5400390625,0.39791179884680616,0.8026979687658164
2024-06-04,EURO STOXX 50,^STOXX50E,4953.3701171875,-1.0077493052456532,0.7772720275319658
2024-06-05,EURO STOXX 50,^STOXX50E,5035.66015625,1.6476454356864068,0.8556848169224062
2024-06-06,EURO STOXX 50,^STOXX50E,5069.08984375,0.6616652458063754,1.0461814265341702
2024-06-07,EURO STOXX 50,^STOXX50E,5051.31005859375,-0.35136563021076483,0.9971777159125083
2024-06-10,EURO STOXX 50,^STOXX50E,5016.47998046875,-0.6919138548923343,0.9346616710345169
2024-06-11,EURO STOXX 50,^STOXX50E,4965.08984375,-1.0297095887407792,0.9190065604426475
2024-06-12,EURO STOXX 50,^STOXX50E,5034.43017578125,1.3868954379375964,0.9614286909996549
2024-06-13,EURO STOXX 50,^STOXX50E,4935.5,-1.9846362254911654,1.053436191477816
2024-06-14,EURO STOXX 50,^STOXX50E,4839.14013671875,-1.9716937633001308,1.275119196726331
2024-06-17,EURO STOXX 50,^STOXX50E,4880.419921875,0.8494218484749183,1.4187625064227656
2024-06-18,EURO STOXX 50,^STOXX50E,4915.47021484375,0.7156152643215563,1.3209851876103165
2024-06-19,EURO STOXX 50,^STOXX50E,4885.4501953125,-0.6125978409480481,1.2268872770916794
2024-06-20,EURO STOXX 50,^STOXX50E,4947.72998046875,1.2667441630554777,1.1447933575466298
2024-06-21,EURO STOXX 50,^STOXX50E,4907.2998046875,-0.8205029002267494,1.163080233583182
2024-06-24,EURO STOXX 50,^STOXX50E,4950.97998046875,0.8861680248662296,1.1163433668994769
2024-06-25,EURO STOXX 50,^STOXX50E,4935.97021484375,-0.3036280523263102,1.0805930565534332
2024-06-26,EURO STOXX 50,^STOXX50E,4915.93994140625,-0.4066277649554806,1.0003592226282207
2024-06-27,EURO STOXX 50,^STOXX50E,4902.60009765625,-0.2717278109564347,0.9413298772916688
2024-06-28,EURO STOXX 50,^STOXX50E,4894.02001953125,-0.17516409161881796,0.8839721716029905
2024-07-01,EURO STOXX 50,^STOXX50E,4929.990234375,0.7322951555970292,0.8324046029920668
2024-07-02,EURO STOXX 50,^STOXX50E,4906.330078125,-0.48107831242028,0.8381696098851359
2024-07-03,EURO STOXX 50,^STOXX50E,4965.7998046875,1.2048149009734388,0.8181701729841404
2024-07-04,EURO STOXX 50,^STOXX50E,4987.47998046875,0.4356395185652673,0.9141801640195182
2024-07-05,EURO STOXX 50,^STOXX50E,4979.39013671875,-0.16233472356805834,0.8694243882599724
2024-07-08,EURO STOXX 50,^STOXX50E,4969.830078125,-0.19217710191519188,0.8200512317609464
2024-07-09,EURO STOXX 50,^STOXX50E,4903.6201171875,-1.3411918247340893,0.7814120340330725
2024-07-10,EURO STOXX 50,^STOXX50E,4958.85986328125,1.1202116274944274,0.9345660728462755
2024-07-11,EURO STOXX 50,^STOXX50E,4976.1298828125,0.3476608908023593,0.9795367809739043
2024-07-12,EURO STOXX 50,^STOXX50E,5043.02001953125,1.3352655905352506,0.9164594935013357
2024-07-15,EURO STOXX 50,^STOXX50E,4983.10986328125,-1.19509461785956,1.010725989816838
2024-07-16,EURO STOXX 50,^STOXX50E,4947.830078125,-0.710505426069652,1.0602589620207836
2024-07-17,EURO STOXX 50,^STOXX50E,4891.4599609375,-1.145829296830314,1.0204347929941529
2024-07-18,EURO STOXX 50,^STOXX50E,4870.1201171875,-0.43722179348186785,1.0579237385088203
2024-07-19,EURO STOXX 50,^STOXX50E,4827.240234375,-0.8843677192444943,0.9907679095179286
2024-07-22,EURO STOXX 50,^STOXX50E,4897.43994140625,1.4437683330697837,0.9903389057903641
2024-07-23,EURO STOXX 50,^STOXX50E,4916.7998046875,0.39452650217750573,1.0862001936445085
2024-07-24,EURO STOXX 50,^STOXX50E,4861.8701171875,-1.123471099865192,1.007131396577517
2024-07-25,EURO STOXX 50,^STOXX50E,4811.27978515625,-1.0460045343917201,1.0438806769463127
2024-07-26,EURO STOXX 50,^STOXX50E,4862.5,1.0589592616550902,1.0574414226810749
2024-07-29,EURO STOXX 50,^STOXX50E,4815.39013671875,-0.9735641697771413,1.0606791799128894
2024-07-30,EURO STOXX 50,^STOXX50E,4841.0,0.5304243710764212,1.0581779929540442
2024-07-31,EURO STOXX 50,^STOXX50E,4872.93994140625,0.657612806000607,0.9941551099608916
2024-08-02,EURO STOXX 50,^STOXX50E,4638.7001953125,-4.9263242343808855,0.9550410922135226
2024-08-05,EURO STOXX 50,^STOXX50E,4571.60009765625,-1.4570922270946696,2.2266978852476056
2024-08-06,EURO STOXX 50,^STOXX50E,4575.22021484375,0.07915575583297141,2.0647105953165688
2024-08-07,EURO STOXX 50,^STOXX50E,4668.06005859375,2.0088748403058077,1.8318902012782854
2024-08-08,EURO STOXX 50,^STOXX50E,4668.740234375,0.014569783247253554,1.8240851791841817
2024-08-09,EURO STOXX 50,^STOXX50E,4675.27978515625,0.13997298454615503,1.6241728086320222
2024-08-12,EURO STOXX 50,^STOXX50E,4671.8798828125,-0.07274728611612602,1.4531075857355342
2024-08-13,EURO STOXX 50,^STOXX50E,4694.919921875,0.49195212901373964,1.3066973090170362
2024-08-14,EURO STOXX 50,^STOXX50E,4727.60009765625,0.6936638341464629,1.1969265999775072
2024-08-15,EURO STOXX 50,^STOXX50E,4807.77001953125,1.6815668400111505,1.1228075750111433
2024-08-16,EURO STOXX 50,^STOXX50E,4840.52001953125,0.6788793796284054,1.232312247413038
2024-08-19,EURO STOXX 50,^STOXX50E,4871.41015625,0.6361297976109626,1.150344534145641
2024-08-20,EURO STOXX 50,^STOXX50E,4857.580078125,-0.2843067390873699,1.0790697822721302
2024-08-21,EURO STOXX 50,^STOXX50E,4885.27978515625,0.5686170601526541,0.9980404756342901
2024-08-22,EURO STOXX 50,^STOXX50E,4885.0,-0.005727270098354609,0.9488491026398684
2024-08-23,EURO STOXX 50,^STOXX50E,4909.2001953125,0.494175003146502,0.8816327723980266
2024-08-26,EURO STOXX 50,^STOXX50E,4896.68994140625,-0.2551580839520895,0.8484055674164799
2024-08-27,EURO STOXX 50,^STOXX50E,4898.77978515625,0.04266959809058335,0.8076224878741726
2024-08-28,EURO STOXX 50,^STOXX50E,4913.02978515625,0.29046650196207224,0.7661167676283968
2024-08-29,EURO STOXX 50,^STOXX50E,4966.27001953125,1.077824356761603,0.7406600109812138
2024-08-30,EURO STOXX 50,^STOXX50E,4957.97998046875,-0.167066347395739,0.8336590465006397
2024-09-02,EURO STOXX 50,^STOXX50E,4973.06982421875,0.30389245164883505,0.7912590421782854
2024-09-03,EURO STOXX 50,^STOXX50E,4912.52001953125,-1.225026788764083,0.7614660863738878
2024-09-04,EURO STOXX 50,^STOXX50E,4848.18017578125,-1.3183639361930233,0.8933384300156176
2024-09-05,EURO STOXX 50,^STOXX50E,4815.14990234375,-0.683623591600302,1.0032949120069499
2024-09-06,EURO STOXX 50,^STOXX50E,4738.06005859375,-1.613939553763899,0.9718733044743555
2024-09-09,EURO STOXX 50,^STOXX50E,4778.66015625,0.8532423577506165,1.1265092332762483
2024-09-10,EURO STOXX 50,^STOXX50E,4747.2001953125,-0.6605193474563009,1.0843123247612396
2024-09-11,EURO STOXX 50,^STOXX50E,4763.580078125,0.3444491100944802,1.0337894269418595
2024-09-12,EURO STOXX 50,^STOXX50E,4814.080078125,1.0545470850125582,0.9608839950467399
2024-09-13,EURO STOXX 50,^STOXX50E,4843.990234375,0.6193836015670584,0.9869515830324147
2024-09-16,EURO STOXX 50,^STOXX50E,4827.6298828125,-0.33831699279112115,0.9451022355257953
2024-09-17,EURO STOXX 50,^STOXX50E,4860.77978515625,0.6843234926442676,0.8912857299496212
2024-09-18,EURO STOXX 50,^STOXX50E,4835.2998046875,-0.5255740505223372,0.8770626896625937
2024-09-19,EURO STOXX 50,^STOXX50E,4943.3798828125,2.210614989775017,0.8535696890387365
2024-09-20,EURO STOXX 50,^STOXX50E,4871.5400390625,-1.4639167163533529,1.2065477457221538
2024-09-23,EURO STOXX 50,^STOXX50E,4885.56982421875,0.2875809542379315,1.257412312006383
2024-09-24,EURO STOXX 50,^STOXX50E,4940.72021484375,1.1225186617894067,1.1447972136779792
2024-09-25,EURO STOXX 50,^STOXX50E,4916.89013671875,-0.48348684307857326,1.1382099243445067
2024-09-26,EURO STOXX 50,^STOXX50E,5032.58984375,2.3258486459006633,1.0604162901618
2024-09-27,EURO STOXX 50,^STOXX50E,5067.4501953125,0.6903039959823332,1.3590825973541105
2024-09-30,EURO STOXX 50,^STOXX50E,5000.4501953125,-1.3309823596349801,1.2560747427579266
2024-10-01,EURO STOXX 50,^STOXX50E,4954.14990234375,-0.9302357983777654,1.2689343768815349
2024-10-02,EURO STOXX 50,^STOXX50E,4963.2900390625,0.1843245708689878,1.215439111232666
2024-10-03,EURO STOXX 50,^STOXX50E,4921.330078125,-0.8490000117271634,1.1061908007790648
2024-10-04,EURO STOXX 50,^STOXX50E,4954.93994140625,0.6806211851522193,1.0749858047508172
2024-10-07,EURO STOXX 50,^STOXX50E,4969.7099609375,0.2976433542894341,1.0224277804651938
2024-10-08,EURO STOXX 50,^STOXX50E,4949.0,-0.4175944475635518,0.9490588569082781
2024-10-09,EURO STOXX 50,^STOXX50E,4982.56982421875,0.6760250929243483,0.900590896910062
2024-10-10,EURO STOXX 50,^STOXX50E,4970.33984375,-0.24575701040490117,0.8832786940411661
2024-10-11,EURO STOXX 50,^STOXX50E,5003.919921875,0.6733372858933606,0.8352650739437075
2024-10-14,EURO STOXX 50,^STOXX50E,5041.009765625,0.7384822684375791,0.8322535733800234
2024-10-15,EURO STOXX 50,^STOXX50E,4946.72998046875,-1.8879664062902535,0.838942751581835
2024-10-16,EURO STOXX 50,^STOXX50E,4908.7099609375,-0.7715578070293105,1.1181077945002256
2024-10-17,EURO STOXX 50,^STOXX50E,4947.2998046875,0.7830763537034713,1.0741784635126725
2024-10-18,EURO STOXX 50,^STOXX50E,4986.27001953125,0.7846205434683284,1.0337159648936298
2024-10-21,EURO STOXX 50,^STOXX50E,4941.22021484375,-0.9075831424771863,1.0017841056895855
2024-10-22,EURO STOXX 50,^STOXX50E,4939.31005859375,-0.03866505584095847,1.0024421086692645
2024-10-23,EURO STOXX 50,^STOXX50E,4922.5498046875,-0.3399007950809718,0.9262897598401322
2024-10-24,EURO STOXX 50,^STOXX50E,4935.4501953125,0.26172444692509345,0.8761248193747375
2024-10-25,EURO STOXX 50,^STOXX50E,4943.08984375,0.15467164035047887,0.8274438272324891
2024-10-28,EURO STOXX 50,^STOXX50E,4969.830078125,0.5395039896450626,0.7838987751255508
2024-10-29,EURO STOXX 50,^STOXX50E,4950.02001953125,-0.3994029089822604,0.776227224051726
2024-10-30,EURO STOXX 50,^STOXX50E,4885.75,-1.306881599411902,0.7614082105466744
2024-10-31,EURO STOXX 50,^STOXX50E,4827.6298828125,-1.196716519212515,0.9132273684462539
2024-11-01,EURO STOXX 50,^STOXX50E,4877.75,1.032840823194725,0.9904541051382074
2024-11-04,EURO STOXX 50,^STOXX50E,4852.10009765625,-0.5272426914148198,1.005392272612132
2024-11-05,EURO STOXX 50,^STOXX50E,4870.330078125,0.3750091593037297,0.9560945186058297
2024-11-06,EURO STOXX 50,^STOXX50E,4800.6298828125,-1.4414577756300062,0.8990064156185293
2024-11-07,EURO STOXX 50,^STOXX50E,4851.9599609375,1.0635604083407912,1.035998999336636
2024-11-08,EURO STOXX 50,^STOXX50E,4802.759765625,-1.0192035109245268,1.0451032001263645
2024-11-11,EURO STOXX 50,^STOXX50E,4854.02978515625,1.06185396295011,1.0537933289151278
2024-11-12,EURO STOXX 50,^STOXX50E,4744.68994140625,-2.2783157844132873,1.058372223673553
2024-11-13,EURO STOXX 50,^STOXX50E,4740.33984375,-0.091725551944144,1.3599655035640577
2024-11-14,EURO STOXX 50,^STOXX50E,4833.52978515625,1.9468175006617017,1.2277099495065358
2024-11-15,EURO STOXX 50,^STOXX50E,4794.85009765625,-0.8034559510198491,1.3670411263370468
2024-11-18,EURO STOXX 50,^STOXX50E,4790.330078125,-0.09431267401129872,1.279461652190983
2024-11-19,EURO STOXX 50,^STOXX50E,4751.22998046875,-0.8195791103744909,1.1595088957918767
2024-11-20,EURO STOXX 50,^STOXX50E,4729.7099609375,-0.4539646200054648,1.1133716914266243
2024-11-21,EURO STOXX 50,^STOXX50E,4755.830078125,0.5507368710881977,1.0376044044334138
2024-11-22,EURO STOXX 50,^STOXX50E,4789.080078125,0.6967092189004376,0.9791982475699673
2024-11-25,EURO STOXX 50,^STOXX50E,4799.8701171875,0.225051614553351,0.9476871822456928
2024-11-26,EURO STOXX 50,^STOXX50E,4761.990234375,-0.792316130614168,0.8843304336709914
2024-11-27,EURO STOXX 50,^STOXX50E,4733.14990234375,-0.6074775160113788,0.8947900836463757
2024-11-28,EURO STOXX 50,^STOXX50E,4758.64990234375,0.5373071887992964,0.8770435121861364
2024-11-29,EURO STOXX 50,^STOXX50E,4804.39990234375,0.9568150321566549,0.8489790912855936
2024-12-02,EURO STOXX 50,^STOXX50E,4846.72998046875,0.8772102350603106,0.886722990614582
2024-12-03,EURO STOXX 50,^STOXX50E,4878.509765625,0.6535550609443774,0.9013480070647311
2024-12-04,EURO STOXX 50,^STOXX50E,4919.02001953125,0.8269530310714757,0.8811115194801794
2024-12-05,EURO STOXX 50,^STOXX50E,4951.580078125,0.6597405704139803,0.8892298686538327
2024-12-06,EURO STOXX 50,^STOXX50E,4977.77978515625,0.5277232005955312,0.872378454289015
2024-12-09,EURO STOXX 50,^STOXX50E,4985.4599609375,0.15417027991269094,0.8443116319508907
2024-12-10,EURO STOXX 50,^STOXX50E,4951.740234375,-0.6786590854778396,0.7975565137060101
2024-12-11,EURO STOXX 50,^STOXX50E,4959.35009765625,0.15356261565049323,0.8119524604144621
2024-12-12,EURO STOXX 50,^STOXX50E,4965.52978515625,0.1245292310146695,0.7713477781206484
2024-12-13,EURO STOXX 50,^STOXX50E,4967.9501953125,0.048732371916138106,0.7379587661452016
2024-12-16,EURO STOXX 50,^STOXX50E,4947.02978515625,-0.4219966403066877,0.7102243341571965
2024-12-17,EURO STOXX 50,^STOXX50E,4942.580078125,-0.08998752009503619,0.7126604140757827
2024-12-18,EURO STOXX 50,^STOXX50E,4957.27978515625,0.29696820030444826,0.6917712785644278
2024-12-19,EURO STOXX 50,^STOXX50E,4879.0,-1.5916879048123889,0.6826878200581269
2024-12-20,EURO STOXX 50,^STOXX50E,4862.27978515625,-0.3432861314429658,0.9433078826795854
2024-12-23,EURO STOXX 50,^STOXX50E,4852.93017578125,-0.19247370461332736,0.8901766051264101
2024-12-27,EURO STOXX 50,^STOXX50E,4898.8798828125,0.9423901167156856,0.8382007598669831
2024-12-30,EURO STOXX 50,^STOXX50E,4869.27978515625,-0.6060545540577778,0.8762486058129978
2025-01-03,EURO STOXX 50,^STOXX50E,4871.4501953125,0.04456360450433294,0.8623926106743862
2025-01-06,EURO STOXX 50,^STOXX50E,4986.64013671875,2.337068954258825,0.8106018112879277
2025-01-07,EURO STOXX 50,^STOXX50E,5011.81982421875,0.5036723821357114,1.2237332322222754
2025-01-08,EURO STOXX 50,^STOXX50E,4996.39013671875,-0.3083408478621763,1.1285147961292532
2025-01-09,EURO STOXX 50,^STOXX50E,5017.91015625,0.42978644593230086,1.040394937067139
2025-01-10,EURO STOXX 50,^STOXX50E,4977.259765625,-0.8134051761224725,0.9717202727942026
2025-01-13,EURO STOXX 50,^STOXX50E,4954.2099609375,-0.46417794562643167,0.9648657137242983
2025-01-14,EURO STOXX 50,^STOXX50E,4980.47021484375,0.5286594958651136,0.9174298871975313
2025-01-15,EURO STOXX 50,^STOXX50E,5032.31005859375,1.0354827636895436,0.8802529238977098
2025-01-16,EURO STOXX 50,^STOXX50E,5106.93017578125,1.471934044713663,0.9239342662801968
2025-01-17,EURO STOXX 50,^STOXX50E,5148.2998046875,0.8068049842348657,1.0469320661758452
2025-01-20,EURO STOXX 50,^STOXX50E,5164.43994140625,0.3130138119303183,1.0151109732776442
2025-01-21,EURO STOXX 50,^STOXX50E,5165.9599609375,0.029428087132998826,0.943787377126805
2025-01-22,EURO STOXX 50,^STOXX50E,5205.830078125,0.7688222269555567,0.8773511215208638
2025-01-23,EURO STOXX 50,^STOXX50E,5217.5,0.2239193552080465,0.8777418322526804
2025-01-24,EURO STOXX 50,^STOXX50E,5219.3701171875,0.035836743899686496,0.8270845281506956
2025-01-27,EURO STOXX 50,^STOXX50E,5188.4501953125,-0.5941688444284665,0.7818571202461974
2025-01-28,EURO STOXX 50,^STOXX50E,5195.7099609375,0.13982386054411933,0.788152242375232
2025-01-29,EURO STOXX 50,^STOXX50E,5230.66015625,0.6704217446165117,0.7518119121840984
2025-01-30,EURO STOXX 50,^STOXX50E,5282.2099609375,0.9807068341533665,0.7684120202677228
2025-01-31,EURO STOXX 50,^STOXX50E,5286.8701171875,0.08818471461182753,0.8330751653606088
2025-02-03,EURO STOXX 50,^STOXX50E,5217.91015625,-1.3129441980195722,0.7871096744469829
2025-02-04,EURO STOXX 50,^STOXX50E,5264.58984375,0.8906271606742067,0.9312658485277715
2025-02-05,EURO STOXX 50,^STOXX50E,5271.1201171875,0.12396457947261297,0.9372426727888868
2025-02-06,EURO STOXX 50,^STOXX50E,5356.6298828125,1.6092138203434914,0.872863081019164
2025-02-07,EURO STOXX 50,^STOXX50E,5325.39990234375,-0.5847216320509219,1.047062881099079
2025-02-10,EURO STOXX 50,^STOXX50E,5358.2998046875,0.6158916338563358,0.9955373840878441
2025-02-11,EURO STOXX 50,^STOXX50E,5390.91015625,0.6067506677382539,0.9516133952535778
2025-02-12,EURO STOXX 50,^STOXX50E,5405.64990234375,0.273045399113947,0.9155205108164044
2025-02-13,EURO STOXX 50,^STOXX50E,5500.5,1.7394312382879917,0.8600609443214359
2025-02-14,EURO STOXX 50,^STOXX50E,5493.39990234375,-0.12916433124612325,1.0734296680084399
2025-02-17,EURO STOXX 50,^STOXX50E,5519.830078125,0.47997229819376486,0.9871292434114443
2025-02-18,EURO STOXX 50,^STOXX50E,5533.83984375,0.25348636653177437,0.9320570330899336
2025-02-19,EURO STOXX 50,^STOXX50E,5461.169921875,-1.321890232249423,0.8726750169672006
2025-02-20,EURO STOXX 50,^STOXX50E,5461.02978515625,-0.0025660896616486184,0.9900692997904372
2025-02-21,EURO STOXX 50,^STOXX50E,5474.85009765625,0.2527518591190159,0.9157079512063357
2025-02-24,EURO STOXX 50,^STOXX50E,5453.759765625,-0.38596598244300395,0.8592689493052093
2025-02-25,EURO STOXX 50,^STOXX50E,5447.89990234375,-0.10750406862971573,0.8258058641642653
2025-02-26,EURO STOXX 50,^STOXX50E,5527.990234375,1.4594124495598493,0.782791862258537
2025-02-27,EURO STOXX 50,^STOXX50E,5472.56005859375,-1.0077794917032534,0.951444013734647
2025-02-28,EURO STOXX 50,^STOXX50E,5463.5400390625,-0.16495865063586024,0.9813578831064294
2025-03-03,EURO STOXX 50,^STOXX50E,5540.68994140625,1.4022092699226718,0.911862201275703
2025-03-04,EURO STOXX 50,^STOXX50E,5387.31005859375,-2.80728323020476,1.0225724090635808
2025-03-05,EURO STOXX 50,^STOXX50E,5489.1201171875,1.8721773720578483,1.501557362269475
2025-03-06,EURO STOXX 50,^STOXX50E,5520.47021484375,0.5695067926106745,1.5472838494440848
2025-03-07,EURO STOXX 50,^STOXX50E,5468.41015625,-0.9475114173874033,1.404407945657838
2025-03-10,EURO STOXX 50,^STOXX50E,5386.97998046875,-1.5002998911375798,1.326895248416141
2025-03-11,EURO STOXX 50,^STOXX50E,5309.89990234375,-1.4411943130872018,1.3540789891538976
2025-03-12,EURO STOXX 50,^STOXX50E,5359.419921875,0.9282761401889772,1.3635610005604304
2025-03-13,EURO STOXX 50,^STOXX50E,5328.39013671875,-0.5806591279363005,1.2846551572827558
2025-03-14,EURO STOXX 50,^STOXX50E,5404.18017578125,1.4123606314411674,1.1895444730357698
2025-03-17,EURO STOXX 50,^STOXX50E,5445.5498046875,0.7625964787928652,1.2238541965963832
2025-03-18,EURO STOXX 50,^STOXX50E,5485.009765625,0.7220148631176926,1.151998391893326
2025-03-19,EURO STOXX 50,^STOXX50E,5507.35986328125,0.4066480515064086,1.089192999887379
2025-03-20,EURO STOXX 50,^STOXX50E,5450.93017578125,-1.0299086097356636,1.0103679997787898
2025-03-21,EURO STOXX 50,^STOXX50E,5423.830078125,-0.49840461991443874,1.0293529946437732
2025-03-24,EURO STOXX 50,^STOXX50E,5415.7900390625,-0.14834543000610267,0.9727281852339337
2025-03-25,EURO STOXX 50,^STOXX50E,5475.080078125,1.0888133669160638,0.9041700312475922
2025-03-26,EURO STOXX 50,^STOXX50E,5411.68994140625,-1.1645484014692897,0.9513887430324576
2025-03-27,EURO STOXX 50,^STOXX50E,5381.080078125,-0.5672305682164591,1.0111097580967778
2025-03-28,EURO STOXX 50,^STOXX50E,5331.39990234375,-0.9275262504820247,0.9647642858725121
2025-03-31,EURO STOXX 50,^STOXX50E,5248.39013671875,-1.5692460580794432,0.9774864187098692
2025-04-01,EURO STOXX 50,^STOXX50E,5320.2998046875,1.3608267075595037,1.1192892540130106
2025-04-02,EURO STOXX 50,^STOXX50E,5303.9501953125,-0.30777932148424725,1.1617374261378521
2025-04-03,EURO STOXX 50,^STOXX50E,5113.27978515625,-3.661082786336678,1.0680338391514634
2025-04-04,EURO STOXX 50,^STOXX50E,4878.31005859375,-4.704217453101478,1.809540340444609
2025-04-07,EURO STOXX 50,^STOXX50E,4656.41015625,-4.655406189369593,2.530555654637686
2025-04-08,EURO STOXX 50,^STOXX50E,4773.64990234375,2.486639246134814,2.9537905578357324
2025-04-09,EURO STOXX 50,^STOXX50E,4622.14013671875,-3.225336009836255,2.793666954620046
2025-04-10,EURO STOXX 50,^STOXX50E,4818.919921875,4.169198946336117,2.8052753663743077
2025-04-11,EURO STOXX 50,^STOXX50E,4787.22998046875,-0.6597868384009331,3.0061690666399756
2025-04-14,EURO STOXX 50,^STOXX50E,4911.39013671875,2.5605073332792827,2.6638351486988094
2025-04-15,EURO STOXX 50,^STOXX50E,4970.43017578125,1.194936554357362,2.5726218310632567
2025-04-16,EURO STOXX 50,^STOXX50E,4966.5,-0.0791024172789534,2.3222872738402205
2025-04-17,EURO STOXX 50,^STOXX50E,4935.33984375,-0.6293832177080461,2.055160803335205
2025-04-22,EURO STOXX 50,^STOXX50E,4961.4501953125,0.527654159369817,1.8435137688773882
2025-04-23,EURO STOXX 50,^STOXX50E,5098.740234375,2.729542026003884,1.653809586810727
2025-04-24,EURO STOXX 50,^STOXX50E,5114.97998046875,0.3179989159148633,1.8507292699377507
2025-04-25,EURO STOXX 50,^STOXX50E,5154.1201171875,0.7622932073795496,1.6514648106240404
2025-04-28,EURO STOXX 50,^STOXX50E,5170.490234375,0.31710893385756833,1.5065608554654684
2025-04-29,EURO STOXX 50,^STOXX50E,5161.89990234375,-0.16627970676399428,1.356951824909278
2025-04-30,EURO STOXX 50,^STOXX50E,5160.22021484375,-0.03254539756873953,1.2267678021266013
2025-05-02,EURO STOXX 50,^STOXX50E,5285.18994140625,2.3929302515623974,1.1141350536737706
2025-05-05,EURO STOXX 50,^STOXX50E,5283.0498046875,-0.0405012906487201,1.410624308553941
2025-05-06,EURO STOXX 50,^STOXX50E,5263.3798828125,-0.37301618206875276,1.2701401720469359
2025-05-07,EURO STOXX 50,^STOXX50E,5230.18994140625,-0.6325788580710423,1.162317089053703
2025-05-08,EURO STOXX 50,^STOXX50E,5288.93994140625,1.117024155560209,1.0939306900839012
2025-05-09,EURO STOXX 50,^STOXX50E,5309.740234375,0.39250773357206725,1.0982573610396484
2025-05-12,EURO STOXX 50,^STOXX50E,5392.35986328125,1.5440197628576513,1.0169840856594645
2025-05-13,EURO STOXX 50,^STOXX50E,5416.2099609375,0.4413190043329962,1.1273104465813413
2025-05-14,EURO STOXX 50,^STOXX50E,5403.43994140625,-0.23605247075710878,1.0441729797226134
2025-05-15,EURO STOXX 50,^STOXX50E,5412.080078125,0.15977296590730106,0.9667243238519575
2025-05-16,EURO STOXX 50,^STOXX50E,5427.52978515625,0.28506039770928027,0.8979539616998032
2025-05-19,EURO STOXX 50,^STOXX50E,5427.22998046875,-0.005523930405715305,0.8463496262883585
2025-05-20,EURO STOXX 50,^STOXX50E,5454.64990234375,0.5039566729788447,0.7976160637960781
2025-05-21,EURO STOXX 50,^STOXX50E,5454.4599609375,-0.003482253064568397,0.7830628155841871
2025-05-22,EURO STOXX 50,^STOXX50E,5424.47998046875,-0.551157677553249,0.7463942116080029
2025-05-23,EURO STOXX 50,^STOXX50E,5326.31005859375,-1.826333696661031,0.7555489168580237
2025-05-26,EURO STOXX 50,^STOXX50E,5395.330078125,1.2875077336829577,1.0529570568731281
2025-05-27,EURO STOXX 50,^STOXX50E,5415.4501953125,0.37222364915443507,1.0985573176796368
2025-05-28,EURO STOXX 50,^STOXX50E,5378.39013671875,-0.6866917257033478,1.0160284271984594
2025-05-30,EURO STOXX 50,^STOXX50E,5366.58984375,-0.2196429911311526,0.9823420863636323
2025-06-02,EURO STOXX 50,^STOXX50E,5355.56005859375,-0.20573838544137857,0.914909854266061
2025-06-03,EURO STOXX 50,^STOXX50E,5375.7001953125,0.37535498885770124,0.858972151701829
2025-06-04,EURO STOXX 50,^STOXX50E,5405.14990234375,0.5463350295416447,0.8204221134227869
2025-06-05,EURO STOXX 50,^STOXX50E,5410.5498046875,0.0998530458257818,0.8053896121195392
2025-06-06,EURO STOXX 50,^STOXX50E,5430.169921875,0.3619711440713047,0.7648698254540947
2025-06-10,EURO STOXX 50,^STOXX50E,5415.3798828125,-0.2727394829593166,0.7445658784286145
2025-06-11,EURO STOXX 50,^STOXX50E,5393.14990234375,-0.41134200960364353,0.7260641694995459
2025-06-12,EURO STOXX 50,^STOXX50E,5360.81982421875,-0.6012696027255515,0.7236846130821454
2025-06-13,EURO STOXX 50,^STOXX50E,5290.47021484375,-1.3209786252280864,0.7453473651404134
2025-06-16,EURO STOXX 50,^STOXX50E,5339.56982421875,0.9237963050745535,0.906564528814279
2025-06-17,EURO STOXX 50,^STOXX50E,5288.68017578125,-0.957637190466798,0.9238720520310559
2025-06-18,EURO STOXX 50,^STOXX50E,5266.91015625,-0.4124838064615943,0.9519435395977053
2025-06-19,EURO STOXX 50,^STOXX50E,5197.02978515625,-1.3356615264484617,0.9024963345871071
2025-06-20,EURO STOXX 50,^STOXX50E,5233.580078125,0.7008304029977097,1.0134972073948851
2025-06-23,EURO STOXX 50,^STOXX50E,5221.89990234375,-0.22342696197572565,0.9754257512640677
2025-06-24,EURO STOXX 50,^STOXX50E,5297.06982421875,1.4292502676589436,0.909394558726611
2025-06-25,EURO STOXX 50,^STOXX50E,5252.009765625,-0.8542988468304813,1.0271190431947008
2025-06-26,EURO STOXX 50,^STOXX50E,5244.02978515625,-0.15205701098413016,1.0138262704512642
2025-06-27,EURO STOXX 50,^STOXX50E,5325.64013671875,1.5442672099057475,0.9382674305973003
2025-06-30,EURO STOXX 50,^STOXX50E,5303.240234375,-0.421491911168026,1.0737547140656578
2025-07-01,EURO STOXX 50,^STOXX50E,5282.43017578125,-0.39317463316610457,1.0025229452919724
2025-07-02,EURO STOXX 50,^STOXX50E,5318.72021484375,0.6846460899092577,0.9420562231818591
2025-07-03,EURO STOXX 50,^STOXX50E,5343.14990234375,0.45826351258337894,0.9168846878487216
2025-07-04,EURO STOXX 50,^STOXX50E,5288.81005859375,-1.0222069517983101,0.8734546673919757
2025-07-07,EURO STOXX 50,^STOXX50E,5341.5400390625,0.9920729319574662,0.9268520789560094
2025-07-08,EURO STOXX 50,^STOXX50E,5371.9501953125,0.5676999233124036,0.9506108450453917
2025-07-09,EURO STOXX 50,^STOXX50E,5445.64990234375,1.3626099446216955,0.9106494175610259
2025-07-10,EURO STOXX 50,^STOXX50E,5438.27001953125,-0.13561077252415288,1.0127758660235653
2025-07-11,EURO STOXX 50,^STOXX50E,5383.47998046875,-1.0125997592538738,0.9368862901166292
2025-07-14,EURO STOXX 50,^STOXX50E,5370.85009765625,-0.23488006276917162,0.9714354603225503
2025-07-15,EURO STOXX 50,^STOXX50E,5354.169921875,-0.3110518991986666,0.9066649446372995
2025-07-16,EURO STOXX 50,^STOXX50E,5298.06982421875,-1.0533111846529053,0.8582265612036665
2025-07-17,EURO STOXX 50,^STOXX50E,5377.14990234375,1.4815905756444536,0.9220095951159715
2025-07-18,EURO STOXX 50,^STOXX50E,5359.22998046875,-0.33381714714479926,1.047903422093281
2025-07-21,EURO STOXX 50,^STOXX50E,5342.97998046875,-0.30367583045567415,0.9751529280887025
2025-07-22,EURO STOXX 50,^STOXX50E,5290.47998046875,-0.9874570795572524,0.9135262050766777
2025-07-23,EURO STOXX 50,^STOXX50E,5344.25,1.0112241275116673,0.9496108257335615
2025-07-24,EURO STOXX 50,^STOXX50E,5355.2001953125,0.20468713692327611,0.9709525066427346
2025-07-25,EURO STOXX 50,^STOXX50E,5352.16015625,-0.056784100737594656,0.9027553518753849
2025-07-28,EURO STOXX 50,^STOXX50E,5337.580078125,-0.272786556950777,0.8443086214052505
2025-07-29,EURO STOXX 50,^STOXX50E,5379.2001953125,0.7767319171394504,0.805408922470079
2025-07-30,EURO STOXX 50,^STOXX50E,5393.18017578125,0.2595524449649389,0.8243873729920178
2025-07-31,EURO STOXX 50,^STOXX50E,5319.919921875,-1.3676974029515065,0.7855154221277041
2025-08-04,EURO STOXX 50,^STOXX50E,5242.31982421875,-1.4694136051787154,0.9438208316660089
2025-08-05,EURO STOXX 50,^STOXX50E,5249.58984375,0.1385833642272516,1.0727113732129165
2025-08-06,EURO STOXX 50,^STOXX50E,5263.2900390625,0.260636537672454,0.9854818668536103
2025-08-07,EURO STOXX 50,^STOXX50E,5332.06982421875,1.2983183617222949,0.9168786745795287
2025-08-08,EURO STOXX 50,^STOXX50E,5347.740234375,0.2934588034086971,1.002974497003146
2025-08-11,EURO STOXX 50,^STOXX50E,5331.85009765625,-0.2975797376269185,0.9328031358843979
2025-08-12,EURO STOXX 50,^STOXX50E,5335.97021484375,0.07724384685285912,0.8785770261320679
2025-08-13,EURO STOXX 50,^STOXX50E,5388.25,0.9749930205876112,0.824045533454022
2025-08-14,EURO STOXX 50,^STOXX50E,5434.7001953125,0.8583700317890575,0.8718342245782753
2025-08-15,EURO STOXX 50,^STOXX50E,5448.60986328125,0.2556147985778523,0.8871131398649258
2025-08-18,EURO STOXX 50,^STOXX50E,5434.64013671875,-0.2567198995668818,0.836085039135101
2025-08-19,EURO STOXX 50,^STOXX50E,5483.27978515625,0.8910116684800684,0.7978045498608893
2025-08-20,EURO STOXX 50,^STOXX50E,5472.31982421875,-0.20007968499236028,0.8376181977036979
2025-08-21,EURO STOXX 50,^STOXX50E,5462.16015625,-0.18582814931331626,0.7959476490949899
2025-08-22,EURO STOXX 50,^STOXX50E,5488.22998046875,0.47614510801103904,0.7617562429327097
2025-08-25,EURO STOXX 50,^STOXX50E,5443.9599609375,-0.8099065559370899,0.7522885725014794
2025-08-26,EURO STOXX 50,^STOXX50E,5383.68017578125,-1.1134542185475382,0.7999462416920856
2025-08-27,EURO STOXX 50,^STOXX50E,5393.06982421875,0.1742575602762031,0.8937127504120229
2025-08-28,EURO STOXX 50,^STOXX50E,5396.72998046875,0.06784475072105778,0.8383686388967574
2025-08-29,EURO STOXX 50,^STOXX50E,5351.72998046875,-0.8373341499417819,0.7911861418642352
2025-09-01,EURO STOXX 50,^STOXX50E,5367.080078125,0.2864144073049246,0.8329964386867168
2025-09-02,EURO STOXX 50,^STOXX50E,5291.0400390625,-1.4269182262655278,0.7938623458271986
2025-09-03,EURO STOXX 50,^STOXX50E,5325.009765625,0.6399714230251874,0.964154921859463
2025-09-04,EURO STOXX 50,^STOXX50E,5346.7099609375,0.4066865655680374,0.9291562527009918
2025-09-05,EURO STOXX 50,^STOXX50E,5318.14990234375,-0.5355931016937987,0.8793114625207318
2025-09-08,EURO STOXX 50,^STOXX50E,5362.81005859375,0.8362622214281856,0.8564522837664775
2025-09-09,EURO STOXX 50,^STOXX50E,5368.81982421875,0.11200099740396041,0.8720226228186395
2025-09-10,EURO STOXX 50,^STOXX50E,5361.47021484375,-0.13698810558864238,0.8191750404817594
2025-09-11,EURO STOXX 50,^STOXX50E,5386.77001953125,0.4707719749770689,0.7783960777069019
2025-09-12,EURO STOXX 50,^STOXX50E,5390.7099609375,0.07311433821097779,0.7647043307719484
2025-09-15,EURO STOXX 50,^STOXX50E,5440.39990234375,0.917547520921147,0.7317859652468919
2025-09-16,EURO STOXX 50,^STOXX50E,5372.31005859375,-1.2594575096660066,0.7950415724271116
2025-09-17,EURO STOXX 50,^STOXX50E,5369.7001953125,-0.04859171181035293,0.9235731538295251
2025-09-18,EURO STOXX 50,^STOXX50E,5456.669921875,1.6066621859456731,0.8612693437880169
2025-09-19,EURO STOXX 50,^STOXX50E,5458.419921875,0.032065700604277936,1.0390160363241412
2025-09-22,EURO STOXX 50,^STOXX50E,5442.0498046875,-0.3003564049057772,0.9563057706636386
2025-09-23,EURO STOXX 50,^STOXX50E,5472.39013671875,0.5559682465779758,0.8979129078938629
2025-09-24,EURO STOXX 50,^STOXX50E,5464.56005859375,-0.14318579353389538,0.8674452631075865
2025-09-25,EURO STOXX 50,^STOXX50E,5444.89013671875,-0.360603748817212,0.8177256471859337
2025-09-26,EURO STOXX 50,^STOXX50E,5499.7001953125,1.0016001539311148,0.7906222898189075
2025-09-29,EURO STOXX 50,^STOXX50E,5506.85009765625,0.12992087728047608,0.8528832919832003
2025-09-30,EURO STOXX 50,^STOXX50E,5529.9599609375,0.4187785588905868,0.8039312186754476
2025-10-01,EURO STOXX 50,^STOXX50E,5581.2099609375,0.9225016593523705,0.7799831581846172
2025-10-02,EURO STOXX 50,^STOXX50E,5645.81005859375,1.150809573545608,0.8303376523799845
2025-10-03,EURO STOXX 50,^STOXX50E,5651.7099609375,0.10444598230243685,0.9110321449182601
2025-10-06,EURO STOXX 50,^STOXX50E,5628.72021484375,-0.4076046314741788,0.8509821210838626
2025-10-07,EURO STOXX 50,^STOXX50E,5613.6201171875,-0.26862924072172945,0.8211029549202267
2025-10-08,EURO STOXX 50,^STOXX50E,5649.72998046875,0.6411944347565424,0.7865306707969081
2025-10-09,EURO STOXX 50,^STOXX50E,5625.56005859375,-0.4287243842499677,0.790672089910683
2025-10-10,EURO STOXX 50,^STOXX50E,5531.31982421875,-1.6894055824346665,0.7755629437262561
2025-10-13,EURO STOXX 50,^STOXX50E,5568.18994140625,0.6643582208200272,1.024252015206874
2025-10-14,EURO STOXX 50,^STOXX50E,5552.0498046875,-0.2902841741004636,0.9798640183154392
2025-10-15,EURO STOXX 50,^STOXX50E,5605.02978515625,0.9497176794040385,0.9165777095084149
2025-10-16,EURO STOXX 50,^STOXX50E,5652.009765625,0.8346822095141704,0.9357089941352917
2025-10-17,EURO STOXX 50,^STOXX50E,5607.39013671875,-0.7925797621599173,0.932145665278926
2025-10-20,EURO STOXX 50,^STOXX50E,5680.93017578125,1.3029587650301266,0.9312984715106468
2025-10-21,EURO STOXX 50,^STOXX50E,5686.830078125,0.10380062108481525,1.0141007230035504
2025-10-22,EURO STOXX 50,^STOXX50E,5639.2099609375,-0.8409011027735502,0.936102459581162
2025-10-23,EURO STOXX 50,^STOXX50E,5668.330078125,0.5150577661071409,0.9417296347561259
2025-10-24,EURO STOXX 50,^STOXX50E,5674.5,0.1087898247796204,0.8984413557216754
2025-10-27,EURO STOXX 50,^STOXX50E,5711.06005859375,0.6422202169153124,0.8407255708412706
2025-10-28,EURO STOXX 50,^STOXX50E,5704.35009765625,-0.11755971302722656,0.8324621897161352
2025-10-29,EURO STOXX 50,^STOXX50E,5705.81005859375,0.025590542559861262,0.7884825369988807
2025-10-30,EURO STOXX 50,^STOXX50E,5699.18017578125,-0.11626285376937773,0.7506483723102941
2025-10-31,EURO STOXX 50,^STOXX50E,5662.0400390625,-0.6538077480604088,0.7227272140749238
2025-11-03,EURO STOXX 50,^STOXX50E,5679.25,0.3034923555954805,0.7524502466146022
2025-11-04,EURO STOXX 50,^STOXX50E,5660.2001953125,-0.3359919975057579,0.7306564980615172
2025-11-05,EURO STOXX 50,^STOXX50E,5669.1298828125,0.15763843559337687,0.7201196671230613
2025-11-06,EURO STOXX 50,^STOXX50E,5611.18017578125,-1.0274578717650584,0.6980552298837553
2025-11-07,EURO STOXX 50,^STOXX50E,5566.52978515625,-0.7989226465035415,0.8059727072924991
2025-11-10,EURO STOXX 50,^STOXX50E,5664.4599609375,1.7439719927498487,0.8372256323935522
2025-11-11,EURO STOXX 50,^STOXX50E,5725.7001953125,1.0753285932871393,1.0607456289828083
2025-11-12,EURO STOXX 50,^STOXX50E,5787.31005859375,1.070275280457622,1.0659238610657618
2025-11-13,EURO STOXX 50,^STOXX50E,5742.7900390625,-0.7722437863295184,1.0690373764754597
2025-11-14,EURO STOXX 50,^STOXX50E,5693.77001953125,-0.8572563687296864,1.0352573324284615
2025-11-17,EURO STOXX 50,^STOXX50E,5640.93994140625,-0.932189017168028,1.0205884365361446
2025-11-18,EURO STOXX 50,^STOXX50E,5534.7099609375,-1.901154402906613,1.0207712873700938
2025-11-19,EURO STOXX 50,^STOXX50E,5542.0498046875,0.13252692988867665,1.2320921245564718
2025-11-20,EURO STOXX 50,^STOXX50E,5569.919921875,0.5016243980845658,1.1191968176907137
2025-11-21,EURO STOXX 50,^STOXX50E,5515.08984375,-0.9892733782127294,1.0418384325660748
2025-11-24,EURO STOXX 50,^STOXX50E,5528.669921875,0.2459322777363937,1.046306435698323
2025-11-25,EURO STOXX 50,^STOXX50E,5573.91015625,0.8149544419856269,0.9665873490624629
2025-11-26,EURO STOXX 50,^STOXX50E,5655.580078125,1.4545871657285048,0.95319666199684
2025-11-27,EURO STOXX 50,^STOXX50E,5653.169921875,-0.04262462759356822,1.0628797161330135
2025-11-28,EURO STOXX 50,^STOXX50E,5668.169921875,0.26498645892178985,0.9766316262139112
2025-12-01,EURO STOXX 50,^STOXX50E,5667.47998046875,-0.012172948406963258,0.9097803888017938
2025-12-02,EURO STOXX 50,^STOXX50E,5686.169921875,0.3292325983156985,0.8495180418747231
2025-12-03,EURO STOXX 50,^STOXX50E,5694.56005859375,0.14744464112865785,0.8096994407280357
2025-12-04,EURO STOXX 50,^STOXX50E,5718.080078125,0.4121754922204346,0.7693633946734851
2025-12-05,EURO STOXX 50,^STOXX50E,5723.93017578125,0.1022564748010879,0.7521993380989224
2025-12-08,EURO STOXX 50,^STOXX50E,5725.58984375,0.02899104901405991,0.7221938540251942
2025-12-09,EURO STOXX 50,^STOXX50E,5718.31982421875,-0.12705483912700544,0.6976334522296846
2025-12-10,EURO STOXX 50,^STOXX50E,5708.1201171875,-0.17852821688340015,0.6811843624457156
2025-12-11,EURO STOXX 50,^STOXX50E,5753.9599609375,0.7998563581598006,0.6706539522614382
2025-12-12,EURO STOXX 50,^STOXX50E,5720.7099609375,-0.5795389896015024,0.7301304300903605
2025-12-15,EURO STOXX 50,^STOXX50E,5752.52001953125,0.5545106331238614,0.7471027988045386
2025-12-16,EURO STOXX 50,^STOXX50E,5717.830078125,-0.6048646619337461,0.7496577646903857
2025-12-17,EURO STOXX 50,^STOXX50E,5681.669921875,-0.6344186592956547,0.76528029842055
2025-12-18,EURO STOXX 50,^STOXX50E,5741.7099609375,1.051187871612136,0.7812186412385634
2025-12-19,EURO STOXX 50,^STOXX50E,5760.35009765625,0.32411851341596076,0.8561079022522119
2025-12-22,EURO STOXX 50,^STOXX50E,5743.68994140625,-0.28964029750362386,0.8146843958582799
2025-12-23,EURO STOXX 50,^STOXX50E,5749.27978515625,0.0972741480010697,0.782796575292059
2025-12-29,EURO STOXX 50,^STOXX50E,5751.7099609375,0.042260290132745126,0.7466270055388823
2025-12-30,EURO STOXX 50,^STOXX50E,5796.22021484375,0.7708822906012713,0.7171092054254942
2026-01-05,EURO STOXX 50,^STOXX50E,5923.68994140625,2.175353762166665,0.7583225379323097
2026-01-06,EURO STOXX 50,^STOXX50E,5931.7900390625,0.13664733827738473,1.1454601979081134
2026-01-07,EURO STOXX 50,^STOXX50E,5923.56982421875,-0.13867510148823925,1.046340226496759
2026-01-08,EURO STOXX 50,^STOXX50E,5904.31982421875,-0.3255021405943026,0.9648409059559713
2026-01-09,EURO STOXX 50,^STOXX50E,5997.47021484375,1.5653492857648388,0.9064931514533965
2026-01-12,EURO STOXX 50,^STOXX50E,6016.2998046875,0.313467050420968,1.0578071247544327
2026-01-13,EURO STOXX 50,^STOXX50E,6029.830078125,0.22464109650179864,0.979100668439916
2026-01-14,EURO STOXX 50,^STOXX50E,6005.0498046875,-0.4118081559377984,0.9101760292616613
2026-01-15,EURO STOXX 50,^STOXX50E,6041.14013671875,0.599200912313691,0.8687725739568322
2026-01-16,EURO STOXX 50,^STOXX50E,6029.4501953125,-0.19369301317411214,0.849162205304106
2026-01-19,EURO STOXX 50,^STOXX50E,5925.81982421875,-1.7336783952519141,0.8049691726643118
2026-01-20,EURO STOXX 50,^STOXX50E,5892.080078125,-0.5709954906071957,1.0539951879525848
2026-01-21,EURO STOXX 50,^STOXX50E,5882.8798828125,-0.15626715021053172,0.9997185481954087
2026-01-22,EURO STOXX 50,^STOXX50E,5956.169921875,1.2381225945905072,0.926728507402421
2026-01-23,EURO STOXX 50,^STOXX50E,5948.2001953125,-0.1338958327863793,0.9972382329499655
2026-01-26,EURO STOXX 50,^STOXX50E,5957.7998046875,0.161256701750645,0.9239674652670896
2026-01-27,EURO STOXX 50,^STOXX50E,5994.58984375,0.615611711682007,0.8627898934853552
2026-01-28,EURO STOXX 50,^STOXX50E,5933.2001953125,-1.029364036441649,0.846386456227557
2026-01-29,EURO STOXX 50,^STOXX50E,5891.9501953125,-0.6976683755301138,0.9088038846470147
2026-01-30,EURO STOXX 50,^STOXX50E,5947.81005859375,0.9436048797999419,0.8996877304725873
2026-02-02,EURO STOXX 50,^STOXX50E,6007.509765625,0.9987219770772882,0.9220195730495034
2026-02-03,EURO STOXX 50,^STOXX50E,5995.35009765625,-0.20261291503995693,0.948155570798384
2026-02-04,EURO STOXX 50,^STOXX50E,5970.47021484375,-0.41584977906943266,0.8860457971621661
2026-02-05,EURO STOXX 50,^STOXX50E,5925.7001953125,-0.7526830795312023,0.8497881104958174
2026-02-06,EURO STOXX 50,^STOXX50E,5998.39990234375,1.2193894256165905,0.8625208113403321
2026-02-09,EURO STOXX 50,^STOXX50E,6059.009765625,1.0053630997665763,0.9480230879117967
2026-02-10,EURO STOXX 50,^STOXX50E,6047.06005859375,-0.19741685098075834,0.9687537793068416
2026-02-11,EURO STOXX 50,^STOXX50E,6035.64013671875,-0.18902935752578287,0.9027454634925591
2026-02-12,EURO STOXX 50,^STOXX50E,6011.2900390625,-0.4042545355881444,0.8482942458675417
2026-02-13,EURO STOXX 50,^STOXX50E,5985.22998046875,-0.43446098606914063,0.8186662641823842
2026-02-16,EURO STOXX 50,^STOXX50E,5978.8798828125,-0.1061524563901628,0.7980825714592179
2026-02-17,EURO STOXX 50,^STOXX50E,6021.85009765625,0.7161297446831583,0.7603839869242066
2026-02-18,EURO STOXX 50,^STOXX50E,6103.3701171875,1.344655954873275,0.7815014335786745
2026-02-19,EURO STOXX 50,^STOXX50E,6059.6201171875,-0.7193985663258573,0.9219871202879664
2026-02-20,EURO STOXX 50,^STOXX50E,6131.31005859375,1.1761328589297904,0.9128972226113782
2026-02-23,EURO STOXX 50,^STOXX50E,6113.919921875,-0.284031389162287,0.9747354587442185
2026-02-24,EURO STOXX 50,^STOXX50E,6116.60009765625,0.04382766750516964,0.9120087740405205
2026-02-25,EURO STOXX 50,^STOXX50E,6173.31982421875,0.9230349689744344,0.851218405879405
2026-02-26,EURO STOXX 50,^STOXX50E,6161.56005859375,-0.19067504993373063,0.882448678075517
2026-02-27,EURO STOXX 50,^STOXX50E,6138.41015625,-0.37642253232146317,0.8318313717532486
2026-03-02,EURO STOXX 50,^STOXX50E,5986.93017578125,-2.498698718711445,0.8031522651148837
2026-03-03,EURO STOXX 50,^STOXX50E,5771.72998046875,-3.660693034957063,1.2908433917008029
2026-03-04,EURO STOXX 50,^STOXX50E,5870.919921875,1.7039478496545968,1.9175304317319748
2026-03-05,EURO STOXX 50,^STOXX50E,5782.89013671875,-1.5107756015460438,1.8395236813491074
2026-03-06,EURO STOXX 50,^STOXX50E,5719.89990234375,-1.0952275719544602,1.7559997842041533
2026-03-09,EURO STOXX 50,^STOXX50E,5685.2001953125,-0.6084964411062543,1.6325726141616053
2026-03-10,EURO STOXX 50,^STOXX50E,5837.169921875,2.6379735726498765,1.4829343510696789
2026-03-11,EURO STOXX 50,^STOXX50E,5794.68017578125,-0.7305791379057069,1.7121722124098873
2026-03-12,EURO STOXX 50,^STOXX50E,5748.89013671875,-0.7933469107241464,1.5595380915532802
2026-03-13,EURO STOXX 50,^STOXX50E,5716.60986328125,-0.5630868035257919,1.4374017322248283
2026-03-16,EURO STOXX 50,^STOXX50E,5739.009765625,0.39107323074123457,1.3153812395599958
2026-03-17,EURO STOXX 50,^STOXX50E,5769.25,0.5255408652924842,1.1982852769209165
2026-03-18,EURO STOXX 50,^STOXX50E,5736.85009765625,-0.5631793171380295,1.1090134746854585
2026-03-19,EURO STOXX 50,^STOXX50E,5613.830078125,-2.1677086272706703,1.0436001413666642
2026-03-20,EURO STOXX 50,^STOXX50E,5501.27978515625,-2.025245657751462,1.3194929428907898
2026-03-23,EURO STOXX 50,^STOXX50E,5574.31982421875,1.3189551897623275,1.4622078105702152
2026-03-24,EURO STOXX 50,^STOXX50E,5581.2900390625,0.12496341905503527,1.417633804092689
2026-03-25,EURO STOXX 50,^STOXX50E,5649.330078125,1.2117028415856268,1.2764361983929342
2026-03-26,EURO STOXX 50,^STOXX50E,5565.93017578125,-1.4872849635164442,1.2547749222142301
2026-03-27,EURO STOXX 50,^STOXX50E,5505.7998046875,-1.086207167325881,1.2977059473066357
2026-03-30,EURO STOXX 50,^STOXX50E,5541.7900390625,0.6515513737411993,1.2604906458061762
2026-03-31,EURO STOXX 50,^STOXX50E,5569.72998046875,0.5029014975962198,1.1709924009445574
2026-04-01,EURO STOXX 50,^STOXX50E,5732.7099609375,2.8841786206617925,1.0847044328373587
2026-04-02,EURO STOXX 50,^STOXX50E,5692.85986328125,-0.6975627449534727,1.5415579029854491
2026-04-07,EURO STOXX 50,^STOXX50E,5633.22021484375,-1.0531481192955994,1.413577223985511
2026-04-08,EURO STOXX 50,^STOXX50E,5913.3701171875,4.8534655833860185,1.3481017681373941
2026-04-09,EURO STOXX 50,^STOXX50E,5896.2900390625,-0.28925624968021424,2.3323707344282036
2026-04-10,EURO STOXX 50,^STOXX50E,5926.10986328125,0.5044641985380238,2.067557183490261
2026-04-13,EURO STOXX 50,^STOXX50E,5905.02001953125,-0.35651482651353206,1.844742665862523
2026-04-14,EURO STOXX 50,^STOXX50E,5984.509765625,1.3371585238298067,1.6495694724068937
2026-04-15,EURO STOXX 50,^STOXX50E,5940.33984375,-0.7408080659166316,1.56995473809988
2026-04-16,EURO STOXX 50,^STOXX50E,5933.27978515625,-0.11892008749541105,1.441153936681334
2026-04-17,EURO STOXX 50,^STOXX50E,6057.7099609375,2.075469081092862,1.2972534774679068
2026-04-20,EURO STOXX 50,^STOXX50E,5982.6298828125,-1.2471583404158437,1.4457566160602429
2026-04-21,EURO STOXX 50,^STOXX50E,5930.25,-0.8793880385299602,1.402001747756989
2026-04-22,EURO STOXX 50,^STOXX50E,5906.22021484375,-0.40603013792264164,1.3166925929621922
2026-04-23,EURO STOXX 50,^STOXX50E,5894.72998046875,-0.19473411574288946,1.203325817155371
2026-04-24,EURO STOXX 50,^STOXX50E,5883.47998046875,-0.1910307841090031,1.0979065473089458
2026-04-27,EURO STOXX 50,^STOXX50E,5860.31982421875,-0.39442406479075487,1.0095139218622422
2026-04-28,EURO STOXX 50,^STOXX50E,5836.10009765625,-0.4141397340495345,0.9478574304231135
2026-04-29,EURO STOXX 50,^STOXX50E,5816.47998046875,-0.33675178539436246,0.8993307877477218
2026-04-30,EURO STOXX 50,^STOXX50E,5881.509765625,1.1118227397071578,0.8540885754482339
2026-05-04,EURO STOXX 50,^STOXX50E,5763.60986328125,-2.024950103315959,0.9197933646678373
2026-05-05,EURO STOXX 50,^STOXX50E,5869.6298828125,1.822758873952246,1.2048214292739328
2026-05-06,EURO STOXX 50,^STOXX50E,6027.1298828125,2.6479344908052482,1.3220297843379987
2026-05-07,EURO STOXX 50,^STOXX50E,5972.64990234375,-0.9080225765602634,1.6106971628882447
2026-05-08,EURO STOXX 50,^STOXX50E,5911.52978515625,-1.0286053843721277,1.4915481070797045
2026-05-11,EURO STOXX 50,^STOXX50E,5895.4501953125,-0.2723744735956046,1.4078842466847044
2026-05-12,EURO STOXX 50,^STOXX50E,5808.4501953125,-1.486711259757456,1.2735111750085477
2026-05-13,EURO STOXX 50,^STOXX50E,5861.06982421875,0.9018363300473453,1.3115126840603013
2026-05-15,EURO STOXX 50,^STOXX50E,5827.759765625,-0.5699484025894819,1.2391954517274015
2026-05-18,EURO STOXX 50,^STOXX50E,5849.0,0.3638039700760487,1.1510221321355512
2026-05-19,EURO STOXX 50,^STOXX50E,5851.16015625,0.03692524282907783,1.0591649666324217
2026-05-20,EURO STOXX 50,^STOXX50E,5976.06982421875,2.1123172979294225,0.9731117885177316
2026-05-21,EURO STOXX 50,^STOXX50E,5960.31982421875,-0.2638990449288059,1.2457349838064802
2026-05-22,EURO STOXX 50,^STOXX50E,6019.4501953125,0.9871784048426591,1.1362529505809527
2026-05-26,EURO STOXX 50,^STOXX50E,6064.14990234375,0.7398442610417888,1.1105390509420012
2026-05-27,EURO STOXX 50,^STOXX50E,6070.5400390625,0.10532015799800121,1.0576790931600109
2026-05-28,EURO STOXX 50,^STOXX50E,6055.10986328125,-0.2545048592743626,0.9723945992859336
2026-05-29,EURO STOXX 50,^STOXX50E,6050.5400390625,-0.07549903512309442,0.908452863503252
2026-06-01,EURO STOXX 50,^STOXX50E,6034.9501953125,-0.2579928839438139,0.8493318341807703
2026-06-02,EURO STOXX 50,^STOXX50E,6107.85009765625,1.2007243212105223,0.8085379076333371
2026-06-03,EURO STOXX 50,^STOXX50E,6053.56982421875,-0.8926693467246949,0.9066845382062222
2026-06-04,EURO STOXX 50,^STOXX50E,6103.330078125,0.8186385049450351,0.9279171000855926
2026-06-05,EURO STOXX 50,^STOXX50E,6062.06982421875,-0.6783239752754966,0.9237974436794699
2026-06-08,EURO STOXX 50,^STOXX50E,6062.2900390625,0.0036326015765197894,0.9087352430452423
2026-06-09,EURO STOXX 50,^STOXX50E,6049.740234375,-0.20722882779047325,0.8485595664654091
2026-06-10,EURO STOXX 50,^STOXX50E,6009.9501953125,-0.6598873110865711,0.8051333784690209
2026-06-11,EURO STOXX 50,^STOXX50E,6056.9599609375,0.7791556055328996,0.8149420148785262
2026-06-12,EURO STOXX 50,^STOXX50E,6187.6298828125,2.1344101237639634,0.8319114278477526
2026-06-15,EURO STOXX 50,^STOXX50E,6229.43017578125,0.6732745218512193,1.1714032534327685
2026-06-16,EURO STOXX 50,^STOXX50E,6257.419921875,0.4483083043853142,1.0999098949965103
2026-06-17,EURO STOXX 50,^STOXX50E,6300.06982421875,0.6792769446914093,1.0220069473255857
2026-06-18,EURO STOXX 50,^STOXX50E,6323.27001953125,0.3675765957606103,0.9797346773645145
2026-06-19,EURO STOXX 50,^STOXX50E,6293.1298828125,-0.4777938919243496,0.9178405868319774
2026-06-22,EURO STOXX 50,^STOXX50E,6311.31982421875,0.2886274999191585,0.8809673743915282
2026-06-23,EURO STOXX 50,^STOXX50E,6230.5498046875,-1.288023852379716,0.8327386192262995
2026-06-24,EURO STOXX 50,^STOXX50E,6214.7001953125,-0.2547095147779288,0.9553397900994579
2026-06-25,EURO STOXX 50,^STOXX50E,6267.52978515625,0.846481844615532,0.8944822586259533
2026-06-26,EURO STOXX 50,^STOXX50E,6221.5498046875,-0.7363262902060796,0.9023893592334793
2026-06-29,EURO STOXX 50,^STOXX50E,6231.6298828125,0.16188765567353158,0.9001752113296071
2026-06-30,EURO STOXX 50,^STOXX50E,6328.08984375,1.536051116367787,0.8433024179068807
2026-07-01,EURO STOXX 50,^STOXX50E,6282.5,-0.7230437740268769,1.009456957367066
2026-07-02,EURO STOXX 50,^STOXX50E,6360.47021484375,1.2334317335032097,0.9817546123944989
2026-07-03,EURO STOXX 50,^STOXX50E,6412.68017578125,0.8174999919235759,1.0358935354041128
2026-07-06,EURO STOXX 50,^STOXX50E,6398.009765625,-0.22903398078248927,1.0078075238698319
2026-07-07,EURO STOXX 50,^STOXX50E,6319.85986328125,-1.2289933500571948,0.9363341240587337
2026-07-08,EURO STOXX 50,^STOXX50E,6204.91015625,-1.835609508034075,1.0135971244270356
2026-07-09,EURO STOXX 50,^STOXX50E,6284.27001953125,1.2708749540696118,1.2102103052659228
2026-07-10,EURO STOXX 50,^STOXX50E,6269.97021484375,-0.2278084631935684,1.2135150163464217
2026-07-13,EURO STOXX 50,^STOXX50E,6271.02001953125,0.016741974442879837,1.1076841923689091
2026-07-14,EURO STOXX 50,^STOXX50E,6280.18994140625,0.14612015152479785,1.013686000877625
2026-07-15,EURO STOXX 50,^STOXX50E,6265.580078125,-0.23290511244411505,0.9365076575682908
2026-07-16,EURO STOXX 50,^STOXX50E,6283.60986328125,0.2873459983645077,0.8779357039292032
2026-07-17,EURO STOXX 50,^STOXX50E,6230.8701171875,-0.8428645601586737,0.8302117642172102
2026-07-20,EURO STOXX 50,^STOXX50E,6227.39990234375,-0.055709419173943786,0.8625715926054605
2026-07-21,EURO STOXX 50,^STOXX50E,6285.6298828125,0.9307162502965483,0.8114412824995626
2026-07-22,EURO STOXX 50,^STOXX50E,6316.990234375,0.49768089492925327,0.8546092249547815
2026-07-23,EURO STOXX 50,^STOXX50E,6210.169921875,-1.70546077959024,0.8272703494039482
2026-07-24,EURO STOXX 50,^STOXX50E,6280.93994140625,1.133138328697747,1.0592702143465362
2026-07-27,EURO STOXX 50,^STOXX50E,6282.2099609375,0.02021817052977326,1.074691661579169
2026-07-28,EURO STOXX 50,^STOXX50E,6289.509765625,0.11613057985169206,0.9860745118868814
2026-07-29,EURO STOXX 50,^STOXX50E,6248.83984375,-0.6487307464745129,0.9130461854777516
2026-07-30,EURO STOXX 50,^STOXX50E,6344.39990234375,1.5176697136897843,0.8964962438017784
2026-07-31,EURO STOXX 50,^STOXX50E,6358.009765625,0.21428797913110031,1.0395139921350713
2026-08-03,EURO STOXX 50,^STOXX50E,6426.5,1.071466812198274,0.9598163217543006
2026-08-04,EURO STOXX 50,^STOXX50E,6486.7001953125,0.9323890364328236,0.9891708680624871
2026-08-05,EURO STOXX 50,^STOXX50E,6476.97998046875,-0.1499607601164854,0.9880485976027624
2026-08-06,EURO STOXX 50,^STOXX50E,6502.56005859375,0.3941605198059861,0.9168711864459178
2026-08-07,EURO STOXX 50,^STOXX50E,6523.85986328125,0.32702498150474213,0.8684536481352494
2026-08-10,EURO STOXX 50,^STOXX50E,6535.6201171875,0.18010299189157308,0.8248209846363435
2026-08-11,EURO STOXX 50,^STOXX50E,6551.22021484375,0.23840903762177845,0.7825502688219163
2026-08-12,EURO STOXX 50,^STOXX50E,6533.990234375,-0.26335060477045147,0.7509294241714153
2026-08-13,EURO STOXX 50,^STOXX50E,6545.47021484375,0.17554215575312782,0.7304262908780775
2026-08-14,EURO STOXX 50,^STOXX50E,6539.58984375,-0.08987916697780207,0.7068175461781434
2026-08-17,EURO STOXX 50,^STOXX50E,6530.4501953125,-0.13985649469994144,0.6871565316922184
2026-08-18,EURO STOXX 50,^STOXX50E,6468.169921875,-0.958267100084953,0.673489803849791
2026-08-19,EURO STOXX 50,^STOXX50E,6444.4599609375,-0.36723715926711975,0.7744386141766476
2026-08-20,EURO STOXX 50,^STOXX50E,6422.06005859375,-0.3481893307643702,0.7570492489213357
2026-08-21,EURO STOXX 50,^STOXX50E,6462.22021484375,0.6233997624812915,0.7417614386623688
2026-08-24,EURO STOXX 50,^STOXX50E,6447.97998046875,-0.22060448226568496,0.7543492480308351
2026-08-25,EURO STOXX 50,^STOXX50E,6455.6298828125,0.11856997105521572,0.7304477026403782
2026-08-26,EURO STOXX 50,^STOXX50E,6470.740234375,0.2337912083294924,0.7051932001281391
2026-08-27,EURO STOXX 50,^STOXX50E,6424.72998046875,-0.7135908715378392,0.6894395664438914
2026-08-31,EURO STOXX 50,^STOXX50E,6420.16015625,-0.07115396648647021,0.7379667595851268
2026-09-01,EURO STOXX 50,^STOXX50E,6368.97998046875,-0.8003735739816165,0.711338495950622
2018-01-05,Nikkei 225,^N225,23714.529296875,0.8818160898984573,1.3814049163288071
2018-01-09,Nikkei 225,^N225,23849.990234375,0.5695897070651768,1.3087396971191416
2018-01-10,Nikkei 225,^N225,23788.19921875,-0.25941813065379904,1.223719345279401
2018-01-11,Nikkei 225,^N225,23710.4296875,-0.32746040268776255,1.142616398892821
2018-01-12,Nikkei 225,^N225,23653.8203125,-0.2390385235919723,1.0799401349871498
2018-01-15,Nikkei 225,^N225,23714.880859375,0.2578098161222897,1.0250344842780141
2018-01-16,Nikkei 225,^N225,23951.810546875,0.9941182480396549,0.9778891154658294
2018-01-17,Nikkei 225,^N225,23868.33984375,-0.34910299200916484,1.0083957782698783
2018-01-18,Nikkei 225,^N225,23763.369140625,-0.44076047365013693,0.9738475122631278
2018-01-19,Nikkei 225,^N225,23808.060546875,0.1878918489166992,0.953302998830928
2018-01-22,Nikkei 225,^N225,23816.330078125,0.03472813499385552,0.918739990860102
2018-01-23,Nikkei 225,^N225,24124.150390625,1.2841946507109014,0.8897663332778014
2018-01-24,Nikkei 225,^N225,23940.779296875,-0.7630177952652417,0.9949631928050123
2018-01-25,Nikkei 225,^N225,23669.490234375,-1.1396364748685883,1.003032949368151
2018-01-26,Nikkei 225,^N225,23631.880859375,-0.15902026539933445,1.065878899929505
2018-01-29,Nikkei 225,^N225,23629.33984375,-0.010753068116464704,1.010667467668894
2018-01-30,Nikkei 225,^N225,23291.970703125,-1.4380457433901483,0.9631607216941973
2018-01-31,Nikkei 225,^N225,23098.2890625,-0.835014793936395,1.0958793196578656
2018-02-01,Nikkei 225,^N225,23486.109375,1.6650607735522627,1.0891776728042475
2018-02-02,Nikkei 225,^N225,23274.529296875,-0.9049556553080151,1.208714804603284
2018-02-05,Nikkei 225,^N225,22682.080078125,-2.578441055158187,1.1853281385595984
2018-02-06,Nikkei 225,^N225,21610.240234375,-4.840790158496944,1.5160827699489412
2018-02-07,Nikkei 225,^N225,21645.369140625,0.16242477903158914,2.3743674641910033
2018-02-08,Nikkei 225,^N225,21890.859375,1.1277634495684197,2.110654341872421
2018-02-09,Nikkei 225,^N225,21382.619140625,-2.3490767225492704,1.9316482016001406
2018-02-13,Nikkei 225,^N225,21244.6796875,-0.6471905956486168,1.973623774608533
2018-02-14,Nikkei 225,^N225,21154.169921875,-0.4269450890520332,1.788223684923828
2018-02-15,Nikkei 225,^N225,21464.98046875,1.4585746278990896,1.6200984534109
2018-02-16,Nikkei 225,^N225,21720.25,1.182221336378042,1.5690847683415903
2018-02-19,Nikkei 225,^N225,22149.2109375,1.9556867139037593,1.4926477033017398
2018-02-20,Nikkei 225,^N225,21925.099609375,-1.0169790832517123,1.5545221074765252
2018-02-21,Nikkei 225,^N225,21970.810546875,0.20826976299339606,1.4731525947086155
2018-02-22,Nikkei 225,^N225,21736.439453125,-1.0724689390084308,1.344788524466315
2018-02-23,Nikkei 225,^N225,21892.779296875,0.7166780309109555,1.3132783004915596
2018-02-26,Nikkei 225,^N225,22153.630859375,1.1844534490089487,1.2384988876617176
2018-02-27,Nikkei 225,^N225,22389.859375,1.060674541129103,1.2328378020080684
2018-02-28,Nikkei 225,^N225,22068.240234375,-1.4468668437951138,1.2114818568302714
2018-03-01,Nikkei 225,^N225,21724.470703125,-1.5700174085175433,1.2718135751578787
2018-03-02,Nikkei 225,^N225,21181.640625,-2.530450914067295,1.3386055382870024
2018-03-05,Nikkei 225,^N225,21042.08984375,-0.6610088110145185,1.598420761425208
2018-03-06,Nikkei 225,^N225,21417.759765625,1.7695763333497538,1.475510599737596
2018-03-07,Nikkei 225,^N225,21252.720703125,-0.7735553181694499,1.507393847489824
2018-03-08,Nikkei 225,^N225,21368.0703125,0.5412846090411705,1.4100167447905572
2018-03-09,Nikkei 225,^N225,21469.19921875,0.4721547158764494,1.3051112658698802
2018-03-12,Nikkei 225,^N225,21824.029296875,1.639231056330992,1.2148588280370491
2018-03-13,Nikkei 225,^N225,21968.099609375,0.6579759233924065,1.2919848989142237
2018-03-14,Nikkei 225,^N225,21777.2890625,-0.8723742674693113,1.2164713983933706
2018-03-15,Nikkei 225,^N225,21803.94921875,0.12234695766792925,1.1873606323330033
2018-03-16,Nikkei 225,^N225,21676.509765625,-0.5861935270576879,1.1066134745856422
2018-03-19,Nikkei 225,^N225,21480.900390625,-0.9064988551937603,1.0701925788083175
2018-03-20,Nikkei 225,^N225,21380.970703125,-0.46628794315122235,1.0790523764256805
2018-03-22,Nikkei 225,^N225,21591.990234375,0.9821116478326175,1.0381482816503238
2018-03-23,Nikkei 225,^N225,20617.859375,-4.6164763281542065,1.0517256449559538
2018-03-26,Nikkei 225,^N225,20766.099609375,0.716417046858453,2.0957291807051153
2018-03-27,Nikkei 225,^N225,21317.3203125,2.619807186813894,1.889738960430567
2018-03-28,Nikkei 225,^N225,21031.310546875,-1.3507596749699147,1.9765850588198626
2018-03-29,Nikkei 225,^N225,21159.080078125,0.6056825734987115,1.8539268865775222
2018-03-30,Nikkei 225,^N225,21454.30078125,1.385599642214963,1.679435625428484
2018-04-02,Nikkei 225,^N225,21388.580078125,-0.30679895168930216,1.6063184193680227
2018-04-03,Nikkei 225,^N225,21292.2890625,-0.4512147054793303,1.4620141300736813
2018-04-04,Nikkei 225,^N225,21319.55078125,0.1279537451065238,1.348561208629448
2018-04-05,Nikkei 225,^N225,21645.419921875,1.5169352337965236,1.239739211670365
2018-04-06,Nikkei 225,^N225,21567.51953125,-0.36054235604865426,1.2874189660939217
2018-04-09,Nikkei 225,^N225,21678.259765625,0.512144668117287,1.1996198724556462
2018-04-10,Nikkei 225,^N225,21794.3203125,0.5339495489288026,1.131197078847559
2018-04-11,Nikkei 225,^N225,21687.099609375,-0.49318040046646416,1.0775100073510921
2018-04-12,Nikkei 225,^N225,21660.279296875,-0.12374596388173842,1.0390640183425923
2018-04-13,Nikkei 225,^N225,21778.740234375,0.545413927106253,0.9880483986150724
2018-04-16,Nikkei 225,^N225,21835.529296875,0.26041520449062716,0.9649247867682974
2018-04-17,Nikkei 225,^N225,21847.58984375,0.05521834254835767,0.930095749945904
2018-04-18,Nikkei 225,^N225,22158.19921875,1.4116985061574994,0.8987177521617286
2018-04-19,Nikkei 225,^N225,22191.1796875,0.14873026699806502,1.0266071094895632
2018-04-20,Nikkei 225,^N225,22162.240234375,-0.13049481768359072,0.9764605721767681
2018-04-23,Nikkei 225,^N225,22088.0390625,-0.33537072579541416,0.938210221253402
2018-04-24,Nikkei 225,^N225,22278.119140625,0.8568749193086589,0.9177963288777077
2018-04-25,Nikkei 225,^N225,22215.3203125,-0.2822837281065915,0.9446023003190842
2018-04-26,Nikkei 225,^N225,22319.609375,0.4683481207376161,0.9195688197903172
2018-04-27,Nikkei 225,^N225,22467.869140625,0.6620614157725413,0.9056939952765676
2018-05-01,Nikkei 225,^N225,22508.029296875,0.1785852793103615,0.9122378040324683
2018-05-02,Nikkei 225,^N225,22472.779296875,-0.1567335417842486,0.8861042874030893
2018-05-07,Nikkei 225,^N225,22467.16015625,-0.025007335224103144,0.867915904820512
2018-05-08,Nikkei 225,^N225,22508.689453125,0.18467381511833025,0.8503843529549672
2018-05-09,Nikkei 225,^N225,22408.880859375,-0.444408534669094,0.8379514529656248
2018-05-10,Nikkei 225,^N225,22497.1796875,0.393260690640318,0.8492892184857573
2018-05-11,Nikkei 225,^N225,22758.48046875,1.1547889661892796,0.8463904348416339
2018-05-14,Nikkei 225,^N225,22865.859375,0.47070973468024135,0.9408041734543042
2018-05-15,Nikkei 225,^N225,22818.01953125,-0.20943870084000338,0.9223694779565755
2018-05-16,Nikkei 225,^N225,22717.23046875,-0.44268660915705027,0.8984388624261708
2018-05-17,Nikkei 225,^N225,22838.369140625,0.5318290547796423,0.8951238179081166
2018-05-18,Nikkei 225,^N225,22930.359375,0.4019790858464489,0.8918217463950301
2018-05-21,Nikkei 225,^N225,23002.369140625,0.31354472919957743,0.8797084741920366
2018-05-22,Nikkei 225,^N225,22960.33984375,-0.1828843839634331,0.8654289226986203
2018-05-23,Nikkei 225,^N225,22689.740234375,-1.1855522635642046,0.8528815060254724
2018-05-24,Nikkei 225,^N225,22437.009765625,-1.1201033139224492,0.9698650317516665
2018-05-25,Nikkei 225,^N225,22450.7890625,0.061394399670078315,1.0387126906656696
2018-05-28,Nikkei 225,^N225,22481.08984375,0.13487433234917745,0.9854148522862262
2018-05-29,Nikkei 225,^N225,22358.4296875,-0.5471087268356101,0.9432772197459116
2018-05-30,Nikkei 225,^N225,22018.51953125,-1.5319521054809826,0.9391828850337282
2018-05-31,Nikkei 225,^N225,22201.8203125,0.8290385454259308,1.1005085650874613
2018-06-01,Nikkei 225,^N225,22171.349609375,-0.13733843206651386,1.0802901394293354
2018-06-04,Nikkei 225,^N225,22475.939453125,1.3644482146032644,1.0216338253887232
2018-06-05,Nikkei 225,^N225,22539.5390625,0.2825679245875179,1.1020158293740574
2018-06-06,Nikkei 225,^N225,22625.73046875,0.38167163298723494,1.0406926973392507
2018-06-07,Nikkei 225,^N225,22823.259765625,0.8692406128133712,0.9957146253583625
2018-06-08,Nikkei 225,^N225,22694.5,-0.5657576723235636,1.0046371705415917
2018-06-11,Nikkei 225,^N225,22804.0390625,0.48150677535794273,0.9883734191735365
2018-06-12,Nikkei 225,^N225,22878.349609375,0.32533593176484743,0.9603633041841909
2018-06-13,Nikkei 225,^N225,22966.380859375,0.3840413382125263,0.9291481280866493
2018-06-14,Nikkei 225,^N225,22738.609375,-0.9967111636388637,0.9076747699091448
2018-06-15,Nikkei 225,^N225,22851.75,0.4963367642606187,0.9731643150562259
2018-06-18,Nikkei 225,^N225,22680.330078125,-0.7529668378019494,0.9494997644208916
2018-06-19,Nikkei 225,^N225,22278.48046875,-1.787682131175039,0.9674819751440464
2018-06-20,Nikkei 225,^N225,22555.4296875,1.2354610181741776,1.1784998074280264
2018-06-21,Nikkei 225,^N225,22693.0390625,0.6082406898938686,1.1948339482130539
2018-06-22,Nikkei 225,^N225,22516.830078125,-0.779519516436622,1.1341078256674308
2018-06-25,Nikkei 225,^N225,22338.150390625,-0.7967036469665345,1.1120129072978946
2018-06-26,Nikkei 225,^N225,22342.0,0.017231855089505643,1.0968876258280458
2018-06-27,Nikkei 225,^N225,22271.76953125,-0.31483789646085114,1.0325053095828038
2018-06-28,Nikkei 225,^N225,22270.390625,-0.0061914655491435155,0.9908996122321828
2018-06-29,Nikkei 225,^N225,22304.509765625,0.15308681338304098,0.9472995459196596
2018-07-02,Nikkei 225,^N225,21811.9296875,-2.2331836173362873,0.9132620879433403
2018-07-03,Nikkei 225,^N225,21785.5390625,-0.12106495620027857,1.2639722580593316
2018-07-04,Nikkei 225,^N225,21717.0390625,-0.3149241243441736,1.1712010090526657
2018-07-05,Nikkei 225,^N225,21546.990234375,-0.7861020185933043,1.1024230681117797
2018-07-06,Nikkei 225,^N225,21788.140625,1.1129671243820027,1.0881907364697914
2018-07-09,Nikkei 225,^N225,22052.1796875,1.2045635306662916,1.1082507843361644
2018-07-10,Nikkei 225,^N225,22196.890625,0.6540768083578286,1.1373784014129675
2018-07-11,Nikkei 225,^N225,21932.2109375,-1.1995841840242605,1.0918752546702941
2018-07-12,Nikkei 225,^N225,22187.9609375,1.1593466376266903,1.1406462512869713
2018-07-13,Nikkei 225,^N225,22597.349609375,1.8282783811923053,1.154672832729877
2018-07-16,Nikkei 225,^N225,22597.349609375,0.0,1.2883343677510075
2018-07-17,Nikkei 225,^N225,22697.359375,0.44159651486701534,1.1895624942874117
2018-07-18,Nikkei 225,^N225,22794.189453125,0.42570643055110935,1.1188494729909628
2018-07-19,Nikkei 225,^N225,22764.6796875,-0.12954566392266997,1.0607730707969991
2018-07-20,Nikkei 225,^N225,22697.880859375,-0.29386323775835166,1.0056715046558895
2018-07-23,Nikkei 225,^N225,22396.990234375,-1.3344980620585645,0.9683974834629633
2018-07-24,Nikkei 225,^N225,22510.48046875,0.5054414074548319,1.0780740281810774
2018-07-25,Nikkei 225,^N225,22614.25,0.4599239179569281,1.0330519336674548
2018-07-26,Nikkei 225,^N225,22586.869140625,-0.12115126016620792,0.994200375471204
2018-07-27,Nikkei 225,^N225,22712.75,0.5557714867466146,0.9520656568917311
2018-07-30,Nikkei 225,^N225,22544.83984375,-0.742023281640769,0.9377542373469542
2018-07-31,Nikkei 225,^N225,22553.720703125,0.03938422593581237,0.9572708466288836
2018-08-01,Nikkei 225,^N225,22746.69921875,0.8519995325464436,0.9202586047905044
2018-08-02,Nikkei 225,^N225,22512.529296875,-1.0348033723193595,0.9457819145132521
2018-08-03,Nikkei 225,^N225,22525.1796875,0.0561768848502453,1.0068100637701702
2018-08-06,Nikkei 225,^N225,22507.3203125,-0.07931771914204688,0.9597834252371251
2018-08-07,Nikkei 225,^N225,22662.740234375,0.6881573030112165,0.9236416170765821
2018-08-08,Nikkei 225,^N225,22644.310546875,-0.08135461566656232,0.9286327309853882
2018-08-09,Nikkei 225,^N225,22598.390625,-0.20299379327024525,0.8990364465033664
2018-08-10,Nikkei 225,^N225,22298.080078125,-1.337811285108259,0.8798969604463173
2018-08-13,Nikkei 225,^N225,21857.4296875,-1.9959684399793787,1.0191871164565356
2018-08-14,Nikkei 225,^N225,22356.080078125,2.255742814477557,1.2623856277909564
2018-08-15,Nikkei 225,^N225,22204.220703125,-0.681593078354048,1.457675265137051
2018-08-16,Nikkei 225,^N225,22192.0390625,-0.05487687924610185,1.361337084399172
2018-08-17,Nikkei 225,^N225,22270.380859375,0.35239592485165616,1.2506439205158157
2018-08-20,Nikkei 225,^N225,22199.0,-0.3210340207193241,1.1644608937492196
2018-08-21,Nikkei 225,^N225,22219.73046875,0.0933411200021439,1.0972754115585275
2018-08-22,Nikkei 225,^N225,22362.55078125,0.6407065635295695,1.0328919166768034
2018-08-23,Nikkei 225,^N225,22410.8203125,0.21561722412926088,1.0082136208597672
2018-08-24,Nikkei 225,^N225,22601.76953125,0.8484309160804671,0.9631568764432861
2018-08-27,Nikkei 225,^N225,22799.640625,0.8716572718723725,0.9774046579058063
2018-08-28,Nikkei 225,^N225,22813.470703125,0.06064080325209886,0.9911218052915889
2018-08-29,Nikkei 225,^N225,22848.220703125,0.15220639287996107,0.9472367000928121
2018-08-30,Nikkei 225,^N225,22869.5,0.09308993573782232,0.9131966947267838
2018-08-31,Nikkei 225,^N225,22865.150390625,-0.019021067619284793,0.8855502078236087
2018-09-03,Nikkei 225,^N225,22707.380859375,-0.6923914788982799,0.8640819276042533
2018-09-04,Nikkei 225,^N225,22696.900390625,-0.046165113278284764,0.8961572415998024
2018-09-05,Nikkei 225,^N225,22580.830078125,-0.5127048796675027,0.8727910416190151
2018-09-06,Nikkei 225,^N225,22487.939453125,-0.4122178506401397,0.882083952349689
2018-09-07,Nikkei 225,^N225,22307.060546875,-0.8075896386976922,0.8800394302855162
2018-09-10,Nikkei 225,^N225,22373.08984375,0.2955645599495682,0.9236410580530068
2018-09-11,Nikkei 225,^N225,22664.689453125,1.2949292289095027,0.8989120214397122
2018-09-12,Nikkei 225,^N225,22604.609375,-0.2654342565710621,1.003297860727762
2018-09-13,Nikkei 225,^N225,22821.3203125,0.9541360322524284,0.9650037246730874
2018-09-14,Nikkei 225,^N225,23094.669921875,1.190665113970546,0.99306855495495
2018-09-18,Nikkei 225,^N225,23420.5390625,1.4011523500279566,1.050610003810522
2018-09-19,Nikkei 225,^N225,23672.51953125,1.0701486845057673,1.129422507730422
2018-09-20,Nikkei 225,^N225,23674.9296875,0.01018072268657022,1.1331859208477568
2018-09-21,Nikkei 225,^N225,23869.9296875,0.8202825540564618,1.062059926607543
2018-09-25,Nikkei 225,^N225,23940.259765625,0.29420560620696534,1.0494753330581466
2018-09-26,Nikkei 225,^N225,24033.7890625,0.3899167056248487,0.9987861165911676
2018-09-27,Nikkei 225,^N225,23796.740234375,-0.991211146700266,0.9628274969978546
2018-09-28,Nikkei 225,^N225,24120.0390625,1.3494385009657606,1.011953787627063
2018-10-01,Nikkei 225,^N225,24245.759765625,0.519875570449102,1.0923691801915432
2018-10-02,Nikkei 225,^N225,24270.619140625,0.1024782876875463,1.0454590694951795
2018-10-03,Nikkei 225,^N225,24110.9609375,-0.6599982159446682,0.9910620168243409
2018-10-04,Nikkei 225,^N225,23975.619140625,-0.5629102923682794,0.9877644599692151
2018-10-05,Nikkei 225,^N225,23783.720703125,-0.8036102293004888,0.9750180804266818
2018-10-09,Nikkei 225,^N225,23469.390625,-1.3304297040267699,0.9932880027069884
2018-10-10,Nikkei 225,^N225,23506.0390625,0.15603239897608034,1.0944317882102061
2018-10-11,Nikkei 225,^N225,22590.859375,-3.971199748736609,1.0313036736242378
2018-10-12,Nikkei 225,^N225,22694.66015625,0.45842893760141834,1.8665643500342968
2018-10-15,Nikkei 225,^N225,22271.30078125,-1.8830772268513485,1.6835062582709939
2018-10-16,Nikkei 225,^N225,22549.240234375,1.240248375300368,1.7014134329054993
2018-10-17,Nikkei 225,^N225,22841.119140625,1.286100984692773,1.6061181152567099
2018-10-18,Nikkei 225,^N225,22658.16015625,-0.8042323893239001,1.5350151433706893
2018-10-19,Nikkei 225,^N225,22532.080078125,-0.5579983846468295,1.4353962997761753
2018-10-22,Nikkei 225,^N225,22614.8203125,0.36653823980774547,1.3334853629883558
2018-10-23,Nikkei 225,^N225,22010.779296875,-2.707315599452542,1.2332255056275359
2018-10-24,Nikkei 225,^N225,22091.1796875,0.36461182926093016,1.5796744382081294
2018-10-25,Nikkei 225,^N225,21268.73046875,-3.7940478736270933,1.4382028796765292
2018-10-26,Nikkei 225,^N225,21184.599609375,-0.39634567820421296,2.0084653711699065
2018-10-29,Nikkei 225,^N225,21149.80078125,-0.16439980555542633,1.80526403187366
2018-10-30,Nikkei 225,^N225,21457.2890625,1.443391796138016,1.625796237127615
2018-10-31,Nikkei 225,^N225,21920.4609375,2.135608594628202,1.5714650795364984
2018-11-01,Nikkei 225,^N225,21687.650390625,-1.067749790827044,1.6471883654214117
2018-11-02,Nikkei 225,^N225,22243.66015625,2.5314039091218987,1.5537362375172903
2018-11-05,Nikkei 225,^N225,21898.990234375,-1.561650347225374,1.718546263056757
2018-11-06,Nikkei 225,^N225,22147.75,1.129538345605141,1.6756994422007938
2018-11-07,Nikkei 225,^N225,22085.80078125,-0.2801007749026141,1.572896000552786
2018-11-08,Nikkei 225,^N225,22486.919921875,1.799889991599457,1.4329939747100584
2018-11-09,Nikkei 225,^N225,22250.25,-1.058055885887832,1.48129196618024
2018-11-12,Nikkei 225,^N225,22269.880859375,0.088188692478397,1.4192691167627756
2018-11-13,Nikkei 225,^N225,21810.51953125,-2.084273071738707,1.2983439699192223
2018-11-14,Nikkei 225,^N225,21846.48046875,0.164743091065489,1.4647131287981032
2018-11-15,Nikkei 225,^N225,21803.619140625,-0.19638599812594748,1.3370301414332026
2018-11-16,Nikkei 225,^N225,21680.33984375,-0.5670119742665847,1.233587022119173
2018-11-19,Nikkei 225,^N225,21821.16015625,0.6474296490514675,1.1698353273250515
2018-11-20,Nikkei 225,^N225,21583.119140625,-1.0968660513016815,1.117200772030427
2018-11-21,Nikkei 225,^N225,21507.5390625,-0.3507960137191901,1.1425331411472344
2018-11-22,Nikkei 225,^N225,21646.55078125,0.6442596754260066,1.0811823846189872
2018-11-26,Nikkei 225,^N225,21812.0,0.7614152570939225,1.0464833272247445
2018-11-27,Nikkei 225,^N225,21952.400390625,0.6416213682175709,1.030858777968653
2018-11-28,Nikkei 225,^N225,22177.01953125,1.0180105737985556,1.0067071116433186
2018-11-29,Nikkei 225,^N225,22262.599609375,0.3851526433978236,1.0332898639957944
2018-11-30,Nikkei 225,^N225,22351.060546875,0.39656487775694416,0.9899922782924194
2018-12-03,Nikkei 225,^N225,22574.759765625,0.9958685939608358,0.9562395113956992
2018-12-04,Nikkei 225,^N225,22036.05078125,-2.415267355962847,0.9926719275812754
2018-12-05,Nikkei 225,^N225,21919.330078125,-0.5310884592054421,1.3594972984524114
2018-12-06,Nikkei 225,^N225,21501.619140625,-1.9240658319123582,1.2693197873726438
2018-12-07,Nikkei 225,^N225,21678.6796875,0.8201033529575241,1.409147143489549
2018-12-10,Nikkei 225,^N225,21219.5,-2.1408704462388073,1.3253176113851757
2018-12-11,Nikkei 225,^N225,21148.01953125,-0.337430830804486,1.495880844034897
2018-12-12,Nikkei 225,^N225,21602.75,2.1274359477622795,1.3709001640998255
2018-12-13,Nikkei 225,^N225,21816.189453125,0.9831708241133441,1.5023912880540042
2018-12-14,Nikkei 225,^N225,21374.830078125,-2.0438264412401708,1.4167771008911538
2018-12-17,Nikkei 225,^N225,21506.880859375,0.6158858672858258,1.537622596954288
2018-12-18,Nikkei 225,^N225,21115.44921875,-1.8367960879238865,1.415253484611799
2018-12-19,Nikkei 225,^N225,20987.919921875,-0.6057932630545437,1.4940928529182549
2018-12-20,Nikkei 225,^N225,20392.580078125,-2.877591736603158,1.385256988615615
2018-12-21,Nikkei 225,^N225,20166.189453125,-1.116370041956749,1.7177277564591005
2018-12-25,Nikkei 225,^N225,19155.740234375,-5.140499075474203,1.6163909174305053
2018-12-26,Nikkei 225,^N225,19327.060546875,0.8903792907030805,2.519823213857693
2018-12-27,Nikkei 225,^N225,20077.619140625,3.809950434014553,2.259901497001168
2018-12-28,Nikkei 225,^N225,20014.76953125,-0.31352415228891317,2.5014482277805556
2019-01-04,Nikkei 225,^N225,19561.9609375,-2.288356556668525,2.224104710111338
2019-01-07,Nikkei 225,^N225,20038.970703125,2.4092000767916844,2.185989962373235
2019-01-08,Nikkei 225,^N225,20204.0390625,0.8203625230139622,2.160296013823482
2019-01-09,Nikkei 225,^N225,20427.060546875,1.0977981217379806,1.950476706073082
2019-01-10,Nikkei 225,^N225,20163.80078125,-1.2971562976154871,1.7956799045002414
2019-01-11,Nikkei 225,^N225,20359.69921875,0.9668462177884862,1.700832698055448
2019-01-15,Nikkei 225,^N225,20555.2890625,0.956086470371531,1.577349756442787
2019-01-16,Nikkei 225,^N225,20442.75,-0.5489986727827301,1.4750551703937549
2019-01-17,Nikkei 225,^N225,20402.26953125,-0.19821502091712517,1.3655212726187207
2019-01-18,Nikkei 225,^N225,20666.0703125,1.2847093919829078,1.2572540300241055
2019-01-21,Nikkei 225,^N225,20719.330078125,0.25738446178937835,1.2620516707613525
2019-01-22,Nikkei 225,^N225,20622.91015625,-0.46644834023954473,1.1705842556192794
2019-01-23,Nikkei 225,^N225,20593.720703125,-0.1416392237613806,1.1113280205945708
2019-01-24,Nikkei 225,^N225,20574.630859375,-0.09274039107083354,1.0468732671734737
2019-01-25,Nikkei 225,^N225,20773.560546875,0.9622245404242946,0.9935581176021735
2019-01-28,Nikkei 225,^N225,20649.0,-0.6014158500951439,1.0154788744630516
2019-01-29,Nikkei 225,^N225,20664.640625,0.07571652127786876,1.000328778169833
2019-01-30,Nikkei 225,^N225,20556.5390625,-0.5244964415823006,0.9546473613069464
2019-01-31,Nikkei 225,^N225,20773.490234375,1.0498572987215127,0.9457351088436994
2019-02-01,Nikkei 225,^N225,20788.390625,0.07170219901162511,0.9932592427840045
2019-02-04,Nikkei 225,^N225,20883.76953125,0.457759196751617,0.9489763658574801
2019-02-05,Nikkei 225,^N225,20844.44921875,-0.18845915457514906,0.927836761790221
2019-02-06,Nikkei 225,^N225,20874.060546875,0.1419577701316399,0.90182761096472
2019-02-07,Nikkei 225,^N225,20751.279296875,-0.5899368344010725,0.8772024378231361
2019-02-08,Nikkei 225,^N225,20333.169921875,-2.0354358793884586,0.8935628475258101
2019-02-12,Nikkei 225,^N225,20864.2109375,2.5781756967232283,1.1981445411426095
2019-02-13,Nikkei 225,^N225,21144.48046875,1.334360487777353,1.4975395507421227
2019-02-14,Nikkei 225,^N225,21139.7109375,-0.02255940630107034,1.4553009661265555
2019-02-15,Nikkei 225,^N225,20900.630859375,-1.1373963451495328,1.3286713359464153
2019-02-18,Nikkei 225,^N225,21281.849609375,1.8075235255794908,1.3096556582892835
2019-02-19,Nikkei 225,^N225,21302.650390625,0.09769180290621904,1.3928547541550949
2019-02-20,Nikkei 225,^N225,21431.490234375,0.6029850243407964,1.2763595088751925
2019-02-21,Nikkei 225,^N225,21464.23046875,0.15265038188427837,1.1996506285626674
2019-02-22,Nikkei 225,^N225,21425.509765625,-0.1805593292619534,1.1170664209842263
2019-02-25,Nikkei 225,^N225,21528.23046875,0.47828616731564466,1.052741926721674
2019-02-26,Nikkei 225,^N225,21449.390625,-0.366888302238344,1.0110450424917226
2019-02-27,Nikkei 225,^N225,21556.509765625,0.4981612345209996,0.977101286560407
2019-02-28,Nikkei 225,^N225,21385.16015625,-0.798061738760758,0.9527170028990959
2019-03-01,Nikkei 225,^N225,21602.689453125,1.01205878207562,0.9758650198170644
2019-03-04,Nikkei 225,^N225,21822.0390625,1.0102606624700528,1.009548988887905
2019-03-05,Nikkei 225,^N225,21726.279296875,-0.4397869932777354,1.0342763606534366
2019-03-06,Nikkei 225,^N225,21596.810546875,-0.5976911429423026,1.0006604090947702
2019-03-07,Nikkei 225,^N225,21456.009765625,-0.6540862234631462,0.9884756893036751
2019-03-08,Nikkei 225,^N225,21025.560546875,-2.0265915213098395,0.9851213725938176
2019-03-11,Nikkei 225,^N225,21125.08984375,0.472255972007396,1.2494718666684026
2019-03-12,Nikkei 225,^N225,21503.689453125,1.776309668975351,1.169331149785902
2019-03-13,Nikkei 225,^N225,21290.240234375,-0.9975760134038225,1.2873840880037355
2019-03-14,Nikkei 225,^N225,21287.01953125,-0.015128747828541123,1.2585423631633341
2019-03-15,Nikkei 225,^N225,21450.849609375,0.7666778148085029,1.1650637604926124
2019-03-18,Nikkei 225,^N225,21584.5,0.6211211086435853,1.1243413346925053
2019-03-19,Nikkei 225,^N225,21566.849609375,-0.08180690416015324,1.0787078789057964
2019-03-20,Nikkei 225,^N225,21608.919921875,0.19487933288182546,1.019006748191906
2019-03-22,Nikkei 225,^N225,21627.33984375,0.0852059039761599,0.971272656335714
2019-03-25,Nikkei 225,^N225,20977.109375,-3.052643438469005,0.9314988463032746
2019-03-26,Nikkei 225,^N225,21428.390625,2.128489405833456,1.5206955247136649
2019-03-27,Nikkei 225,^N225,21378.73046875,-0.23201830564119064,1.6089414739113168
2019-03-28,Nikkei 225,^N225,21033.759765625,-1.6267769656931108,1.4616726462886647
2019-03-29,Nikkei 225,^N225,21205.810546875,0.8146471732008109,1.4891146908832416
2019-04-01,Nikkei 225,^N225,21509.029296875,1.419758774453328,1.3900271928492822
2019-04-02,Nikkei 225,^N225,21505.310546875,-0.01729074547114351,1.3842756299845331
2019-04-03,Nikkei 225,^N225,21713.2109375,0.9620967452804052,1.2693359336495007
2019-04-04,Nikkei 225,^N225,21724.94921875,0.054045942523828217,1.2279256681416457
2019-04-05,Nikkei 225,^N225,21807.5,0.37926136333599203,1.139556860913713
2019-04-08,Nikkei 225,^N225,21761.650390625,-0.21046830561939345,1.075095062038886
2019-04-09,Nikkei 225,^N225,21802.58984375,0.18794986418377846,1.0199396977966375
2019-04-10,Nikkei 225,^N225,21687.5703125,-0.5289463134129591,0.9718617274242115
2019-04-11,Nikkei 225,^N225,21711.380859375,0.10972868523833057,0.9594503718320286
2019-04-12,Nikkei 225,^N225,21870.560546875,0.7304878589559749,0.9222946861384314
2019-04-15,Nikkei 225,^N225,22169.109375,1.3558385072142798,0.9323047342181927
2019-04-16,Nikkei 225,^N225,22221.66015625,0.23676456323578066,1.038074914847267
2019-04-17,Nikkei 225,^N225,22277.970703125,0.2530833440360425,0.9876802000653299
2019-04-18,Nikkei 225,^N225,22090.119140625,-0.8467918527104601,0.9479128472689918
2019-04-19,Nikkei 225,^N225,22200.560546875,0.49871275822450656,0.979084344569717
2019-04-22,Nikkei 225,^N225,22217.900390625,0.07807494570890583,0.9543112679945049
2019-04-23,Nikkei 225,^N225,22259.740234375,0.188138828874429,0.9179716849327338
2019-04-24,Nikkei 225,^N225,22200.0,-0.2687387286295362,0.8908406074437286
2019-04-25,Nikkei 225,^N225,22307.580078125,0.4834245647490576,0.8768502650565365
2019-04-26,Nikkei 225,^N225,22258.73046875,-0.2192222256640619,0.873887579286129
2019-05-07,Nikkei 225,^N225,21923.720703125,-1.5165124487422688,0.8610940837065808
2019-05-08,Nikkei 225,^N225,21602.58984375,-1.4755980105380928,1.0469751419888749
2019-05-09,Nikkei 225,^N225,21402.130859375,-0.9322717737532571,1.1607320149960216
2019-05-10,Nikkei 225,^N225,21344.919921875,-0.26767213463063655,1.1517052346938665
2019-05-13,Nikkei 225,^N225,21191.279296875,-0.7224025464697803,1.0843077189802053
2019-05-14,Nikkei 225,^N225,21067.23046875,-0.5870968244035879,1.0667317841498043
2019-05-15,Nikkei 225,^N225,21188.560546875,0.5742664313970636,1.0388887158146416
2019-05-16,Nikkei 225,^N225,21062.98046875,-0.5944419772577092,1.007170213853365
2019-05-17,Nikkei 225,^N225,21250.08984375,0.884410387756418,0.9931829451388143
2019-05-20,Nikkei 225,^N225,21301.73046875,0.24271887770268563,1.004675705680442
2019-05-21,Nikkei 225,^N225,21272.44921875,-0.13755405192465986,0.9611228820788423
2019-05-22,Nikkei 225,^N225,21283.369140625,0.05132046585227812,0.9262527433562633
2019-05-23,Nikkei 225,^N225,21151.140625,-0.6232141920817114,0.8956783338009656
2019-05-24,Nikkei 225,^N225,21117.220703125,-0.16049796155126472,0.9112018181972971
2019-05-27,Nikkei 225,^N225,21182.580078125,0.30902947913507006,0.8876794002942302
2019-05-28,Nikkei 225,^N225,21260.140625,0.3654837952273837,0.8714110193931913
2019-05-29,Nikkei 225,^N225,21003.369140625,-1.2151127303344111,0.861732708651719
2019-05-30,Nikkei 225,^N225,20942.529296875,-0.29008741584082287,0.9817168964390168
2019-05-31,Nikkei 225,^N225,20601.189453125,-1.6433171392929324,0.9492260627678958
2019-06-03,Nikkei 225,^N225,20410.880859375,-0.9280680455981738,1.1324971527720222
2019-06-04,Nikkei 225,^N225,20408.5390625,-0.01147393511260475,1.1294622621112222
2019-06-05,Nikkei 225,^N225,20776.099609375,1.7849874028792456,1.0591847471760554
2019-06-06,Nikkei 225,^N225,20774.0390625,-0.0099183634162614,1.214320002379217
2019-06-07,Nikkei 225,^N225,20884.7109375,0.5313272019126458,1.1286052163301796
2019-06-10,Nikkei 225,^N225,21134.419921875,1.1885630136683645,1.0752479162279311
2019-06-11,Nikkei 225,^N225,21204.279296875,0.3300027619530965,1.1103395777015268
2019-06-12,Nikkei 225,^N225,21129.720703125,-0.3522401419157717,1.0492467478623075
2019-06-13,Nikkei 225,^N225,21032.0,-0.4635526087705344,1.006464822068573
2019-06-14,Nikkei 225,^N225,21116.890625,0.4028136376858171,0.9806578704043578
2019-06-17,Nikkei 225,^N225,21124.0,0.03366110402485134,0.9492254634593104
2019-06-18,Nikkei 225,^N225,20972.7109375,-0.7187721343150599,0.9138835059376454
2019-06-19,Nikkei 225,^N225,21333.869140625,1.7073796841421185,0.9364542153944413
2019-06-20,Nikkei 225,^N225,21462.859375,0.6028060061941787,1.116402191213621
2019-06-21,Nikkei 225,^N225,21258.640625,-0.9560540033968223,1.0708885348204389
2019-06-24,Nikkei 225,^N225,21285.990234375,0.1285690466222178,1.0865862263581039
2019-06-25,Nikkei 225,^N225,21193.810546875,-0.4339937122528781,1.024557358288772
2019-06-26,Nikkei 225,^N225,21086.58984375,-0.5071897710571704,0.9925516002385975
2019-06-27,Nikkei 225,^N225,21338.169921875,1.1860198079418183,0.9735157121725677
2019-06-28,Nikkei 225,^N225,21275.919921875,-0.2921570987744815,1.0357407200573407
2019-07-01,Nikkei 225,^N225,21729.970703125,2.1116532949198685,0.992217156581191
2019-07-02,Nikkei 225,^N225,21754.26953125,0.11175925127435704,1.2503942549430276
2019-07-03,Nikkei 225,^N225,21638.16015625,-0.5351608699843524,1.158331126352034
2019-07-04,Nikkei 225,^N225,21702.44921875,0.29666915430652807,1.1068234449110472
2019-07-05,Nikkei 225,^N225,21746.380859375,0.20222250181252122,1.0450894468914702
2019-07-08,Nikkei 225,^N225,21534.349609375,-0.9798029930429664,0.9923876691578281
2019-07-09,Nikkei 225,^N225,21565.150390625,0.14292874160251046,1.0317494237971045
2019-07-10,Nikkei 225,^N225,21533.48046875,-0.14696488934227148,0.9805020069512072
2019-07-11,Nikkei 225,^N225,21643.529296875,0.5097577021961897,0.94193698164072
2019-07-12,Nikkei 225,^N225,21685.900390625,0.195576574911982,0.9261624356299671
2019-07-16,Nikkei 225,^N225,21535.25,-0.6971170334990617,0.897477366388226
2019-07-17,Nikkei 225,^N225,21469.1796875,-0.30727236689056525,0.9214811557601478
2019-07-18,Nikkei 225,^N225,21046.240234375,-1.989647079644996,0.9029601460806207
2019-07-19,Nikkei 225,^N225,21466.990234375,1.9794484376568278,1.1911980150307666
2019-07-22,Nikkei 225,^N225,21416.7890625,-0.2341267287059523,1.3464215297139324
2019-07-23,Nikkei 225,^N225,21620.880859375,0.9484404111468336,1.2426188067115913
2019-07-24,Nikkei 225,^N225,21709.5703125,0.4093637364956493,1.205270117902442
2019-07-25,Nikkei 225,^N225,21756.55078125,0.2161705984461193,1.129939988400044
2019-07-26,Nikkei 225,^N225,21658.150390625,-0.45330524669164873,1.0613615804673415
2019-07-29,Nikkei 225,^N225,21616.80078125,-0.1911018769025219,1.0231163237412284
2019-07-30,Nikkei 225,^N225,21709.310546875,0.4270399690883053,0.9774793716291378
2019-07-31,Nikkei 225,^N225,21521.529296875,-0.868742923742083,0.9481796618327336
2019-08-01,Nikkei 225,^N225,21540.990234375,0.09038458054337895,0.9824517706155814
2019-08-02,Nikkei 225,^N225,21087.16015625,-2.129331069923701,0.9404437400533391
2019-08-05,Nikkei 225,^N225,20720.2890625,-1.7550963669210162,1.250498170076771
2019-08-06,Nikkei 225,^N225,20585.310546875,-0.6535627002724809,1.3600628912408086
2019-08-07,Nikkei 225,^N225,20516.560546875,-0.334534960514965,1.2794094971419874
2019-08-08,Nikkei 225,^N225,20593.349609375,0.37357975979510627,1.19170593998636
2019-08-09,Nikkei 225,^N225,20684.8203125,0.4431923848366992,1.1171854213738013
2019-08-13,Nikkei 225,^N225,20455.439453125,-1.115127797710258,1.0604259132625973
2019-08-14,Nikkei 225,^N225,20655.130859375,0.9714921262215626,1.1034231331187743
2019-08-15,Nikkei 225,^N225,20405.650390625,-1.2151913879474563,1.0999172056959035
2019-08-16,Nikkei 225,^N225,20418.810546875,0.06447191905856187,1.149200977760101
2019-08-19,Nikkei 225,^N225,20563.16015625,0.704457125196889,1.0750305690916133
2019-08-20,Nikkei 225,^N225,20677.220703125,0.5531512334750133,1.0472615226375408
2019-08-21,Nikkei 225,^N225,20618.5703125,-0.28405040134806825,1.0120955728588064
2019-08-22,Nikkei 225,^N225,20628.009765625,0.04577084098560391,0.9729634009496406
2019-08-23,Nikkei 225,^N225,20710.91015625,0.4010772507442084,0.9327368856874565
2019-08-26,Nikkei 225,^N225,20261.0390625,-2.196083820481931,0.9114852338620443
2019-08-27,Nikkei 225,^N225,20456.080078125,0.958036872619239,1.252561946550327
2019-08-28,Nikkei 225,^N225,20479.419921875,0.11403230095705652,1.2142225135268847
2019-08-29,Nikkei 225,^N225,20460.9296875,-0.09032768800754098,1.1285769311380476
2019-08-30,Nikkei 225,^N225,20704.369140625,1.1827548831782053,1.0596261080869112
2019-09-02,Nikkei 225,^N225,20620.189453125,-0.40740812146609073,1.0978702042762138
2019-09-03,Nikkei 225,^N225,20625.16015625,0.024103096209238117,1.0488574231157697
2019-09-04,Nikkei 225,^N225,20649.140625,0.11620049761909002,0.9936251120542848
2019-09-05,Nikkei 225,^N225,21085.939453125,2.0932739406978484,0.9495977012395678
2019-09-06,Nikkei 225,^N225,21199.5703125,0.5374471468979181,1.220034844635817
2019-09-09,Nikkei 225,^N225,21318.419921875,0.559057087450654,1.1493895288034741
2019-09-10,Nikkei 225,^N225,21392.099609375,0.3450192664375962,1.0939007379949184
2019-09-11,Nikkei 225,^N225,21597.759765625,0.9567918023851263,1.0366274632720227
2019-09-12,Nikkei 225,^N225,21759.609375,0.7465875553073431,1.0471083168633963
2019-09-13,Nikkei 225,^N225,21988.2890625,1.0454525977229068,1.0297589105537803
2019-09-17,Nikkei 225,^N225,22001.3203125,0.05924694747836412,1.054499003784015
2019-09-18,Nikkei 225,^N225,21960.7109375,-0.18474754416875072,0.9981348759658466
2019-09-19,Nikkei 225,^N225,22044.44921875,0.3805843770496864,0.9573032058032995
2019-09-20,Nikkei 225,^N225,22079.08984375,0.15701656237467887,0.9295591666228878
2019-09-24,Nikkei 225,^N225,22098.83984375,0.08941116732010812,0.8993035587190612
2019-09-25,Nikkei 225,^N225,22020.150390625,-0.3567150387970841,0.8745957385173929
2019-09-26,Nikkei 225,^N225,22048.240234375,0.12748297433109457,0.8700029910404719
2019-09-27,Nikkei 225,^N225,21878.900390625,-0.7710070822263049,0.8520732415575888
2019-09-30,Nikkei 225,^N225,21755.83984375,-0.5640499862291648,0.8980720025217469
2019-10-01,Nikkei 225,^N225,21885.240234375,0.593022764873119,0.9064705188434415
2019-10-02,Nikkei 225,^N225,21778.609375,-0.48841809553721305,0.9059660804194816
2019-10-03,Nikkei 225,^N225,21341.740234375,-2.0263476200655717,0.9049710951230793
2019-10-04,Nikkei 225,^N225,21410.19921875,0.32026169462557874,1.2022129110891837
2019-10-07,Nikkei 225,^N225,21375.25,-0.16336968367216542,1.1235445343845574
2019-10-08,Nikkei 225,^N225,21587.779296875,0.9893670626331286,1.0574331548518336
2019-10-09,Nikkei 225,^N225,21456.380859375,-0.6105304188828597,1.0672941155079123
2019-10-10,Nikkei 225,^N225,21551.98046875,0.44456363308338354,1.0416090409223047
2019-10-11,Nikkei 225,^N225,21798.869140625,1.1390380737072547,1.0000294237770144
2019-10-15,Nikkei 225,^N225,22207.2109375,1.8558958974846718,1.0470817255597833
2019-10-16,Nikkei 225,^N225,22472.919921875,1.1893972182647872,1.2224343528059167
2019-10-17,Nikkei 225,^N225,22451.859375,-0.09375916252647443,1.2212499975999747
2019-10-18,Nikkei 225,^N225,22492.6796875,0.18164753527631916,1.135466194625019
2019-10-21,Nikkei 225,^N225,22548.900390625,0.249639254327505,1.0650979825175815
2019-10-23,Nikkei 225,^N225,22625.380859375,0.33860214133056843,1.0098029095826324
2019-10-24,Nikkei 225,^N225,22750.599609375,0.5519178497834787,0.9689603628323653
2019-10-25,Nikkei 225,^N225,22799.810546875,0.21607250726063398,0.9505597270368311
2019-10-28,Nikkei 225,^N225,22867.26953125,0.2954383478291689,0.9173007635102458
2019-10-29,Nikkei 225,^N225,22974.130859375,0.466222762738866,0.8939341105834973
2019-10-30,Nikkei 225,^N225,22843.119140625,-0.5718897394318745,0.8857182839664534
2019-10-31,Nikkei 225,^N225,22927.0390625,0.3667018826632784,0.8979805658332626
2019-11-01,Nikkei 225,^N225,22850.76953125,-0.3332164826728601,0.8823891574313497
2019-11-05,Nikkei 225,^N225,23251.990234375,1.7405935558711505,0.8743403098237038
2019-11-06,Nikkei 225,^N225,23303.8203125,0.22265791929800827,1.0852779367547034
2019-11-07,Nikkei 225,^N225,23330.3203125,0.11365065377937356,1.025313805390089
2019-11-08,Nikkei 225,^N225,23391.869140625,0.26346737791573815,0.9749604981384422
2019-11-11,Nikkei 225,^N225,23331.83984375,-0.2569544721888306,0.9381633463570727
2019-11-12,Nikkei 225,^N225,23520.009765625,0.8032593599180515,0.9131406325955649
2019-11-13,Nikkei 225,^N225,23319.869140625,-0.8545788234417984,0.9341733701760041
2019-11-14,Nikkei 225,^N225,23141.55078125,-0.7676013140994087,0.9700745242706866
2019-11-15,Nikkei 225,^N225,23303.3203125,0.6966116241441611,0.984828411092542
2019-11-18,Nikkei 225,^N225,23416.759765625,0.4856142192554813,0.9763436330045143
2019-11-19,Nikkei 225,^N225,23292.650390625,-0.5314118360900011,0.9512114836435012
2019-11-20,Nikkei 225,^N225,23148.5703125,-0.6204855867398607,0.9437478800144329
2019-11-21,Nikkei 225,^N225,23038.580078125,-0.47628156907997266,0.9472330352316242
2019-11-22,Nikkei 225,^N225,23112.880859375,0.32198697043952507,0.9356112614717882
2019-11-25,Nikkei 225,^N225,23292.810546875,0.7754677657832332,0.9094973086244059
2019-11-26,Nikkei 225,^N225,23373.3203125,0.34504615668513594,0.9279978040940757
2019-11-27,Nikkei 225,^N225,23437.76953125,0.2753589360455777,0.9046534991763845
2019-11-28,Nikkei 225,^N225,23409.140625,-0.12222325749338125,0.8831963924085111
2019-11-29,Nikkei 225,^N225,23293.91015625,-0.4934611364690866,0.8644743366168827
2019-12-02,Nikkei 225,^N225,23529.5,1.006299331985261,0.8739092102321284
2019-12-03,Nikkei 225,^N225,23379.810546875,-0.6382100246860034,0.9345675430968837
2019-12-04,Nikkei 225,^N225,23135.23046875,-1.0516268580166965,0.9422508971367651
2019-12-05,Nikkei 225,^N225,23300.08984375,0.710063230144975,1.0071323689816556
2019-12-06,Nikkei 225,^N225,23354.400390625,0.23282034005660535,0.9949524068146705
2019-12-09,Nikkei 225,^N225,23430.69921875,0.32616750377467696,0.9530600155738244
2019-12-10,Nikkei 225,^N225,23410.189453125,-0.0875720658477519,0.9234256216439742
2019-12-11,Nikkei 225,^N225,23391.859375,-0.07833024203502958,0.8950754562835737
2019-12-12,Nikkei 225,^N225,23424.810546875,0.14076685663937383,0.8725838185996626
2019-12-13,Nikkei 225,^N225,24023.099609375,2.522011073640229,0.8542932167517538
2019-12-16,Nikkei 225,^N225,23952.349609375,-0.29494273608978716,1.288298852095747
2019-12-17,Nikkei 225,^N225,24066.119140625,0.47385827617940635,1.1971201858455232
2019-12-18,Nikkei 225,^N225,23934.4296875,-0.5487011575533884,1.1268187076566452
2019-12-19,Nikkei 225,^N225,23864.849609375,-0.2911346292030714,1.082847162220432
2019-12-20,Nikkei 225,^N225,23816.630859375,-0.20225364633468246,1.0298594540981778
2019-12-23,Nikkei 225,^N225,23821.109375,0.018802384899707647,0.983308379213966
2019-12-24,Nikkei 225,^N225,23830.580078125,0.03974970607920625,0.941061240878517
2019-12-25,Nikkei 225,^N225,23782.869140625,-0.2004095660014471,0.9073987134911947
2019-12-26,Nikkei 225,^N225,23924.919921875,0.5955052784152315,0.88631471695159
2019-12-27,Nikkei 225,^N225,23837.720703125,-0.3651360749339361,0.8908413228474699
2019-12-30,Nikkei 225,^N225,23656.619140625,-0.7626274660720966,0.8831134612802949
2020-01-06,Nikkei 225,^N225,23204.859375,-1.9281242316866454,0.9195297515803215
2020-01-07,Nikkei 225,^N225,23575.720703125,1.585568614599886,1.1846612817535132
2020-01-08,Nikkei 225,^N225,23204.759765625,-1.5859978763643312,1.260028280533334
2020-01-09,Nikkei 225,^N225,23739.869140625,2.2798457036207864,1.333115949054844
2020-01-10,Nikkei 225,^N225,23850.5703125,0.4652252545259472,1.510543013067938
2020-01-14,Nikkei 225,^N225,24025.169921875,0.7293898019817391,1.384471694860323
2020-01-15,Nikkei 225,^N225,23916.580078125,-0.45300820038249867,1.2974008949807359
2020-01-16,Nikkei 225,^N225,23933.130859375,0.06917818973519729,1.2132445174585307
2020-01-17,Nikkei 225,^N225,24041.259765625,0.4507783754647221,1.1275087994215336
2020-01-20,Nikkei 225,^N225,24083.509765625,0.17558530156644991,1.0691796800235103
2020-01-21,Nikkei 225,^N225,23864.560546875,-0.9132828043918906,1.011222526580585
2020-01-22,Nikkei 225,^N225,24031.349609375,0.6964675528841724,1.035683057732205
2020-01-23,Nikkei 225,^N225,23795.439453125,-0.9865268991376297,1.0157252676504305
2020-01-24,Nikkei 225,^N225,23827.1796875,0.1332990064284445,1.0499854113624212
2020-01-27,Nikkei 225,^N225,23343.509765625,-2.0507941648254757,0.9950432772987469
2020-01-28,Nikkei 225,^N225,23215.7109375,-0.5489746054777811,1.2617338559501736
2020-01-29,Nikkei 225,^N225,23379.400390625,0.7026064402213095,1.1911079528416968
2020-01-30,Nikkei 225,^N225,22977.75,-1.7328953063074692,1.1389856219658345
2020-01-31,Nikkei 225,^N225,23205.1796875,0.9849159745328961,1.2782096124179176
2020-02-03,Nikkei 225,^N225,22971.939453125,-1.0102068828071964,1.2376018495374048
2020-02-04,Nikkei 225,^N225,23084.58984375,0.489184126504405,1.2215062043756875
2020-02-05,Nikkei 225,^N225,23319.560546875,1.012722824896528,1.147536225174253
2020-02-06,Nikkei 225,^N225,23873.58984375,2.34803036552087,1.1392132397681758
2020-02-07,Nikkei 225,^N225,23827.98046875,-0.19122803966400426,1.4013706758299884
2020-02-10,Nikkei 225,^N225,23685.98046875,-0.5977208381185761,1.2868239489532338
2020-02-12,Nikkei 225,^N225,23861.2109375,0.737083545467776,1.2153417245453277
2020-02-13,Nikkei 225,^N225,23827.73046875,-0.14041189954490108,1.1614884535069967
2020-02-14,Nikkei 225,^N225,23687.58984375,-0.5898772456275125,1.0876330633104476
2020-02-17,Nikkei 225,^N225,23523.240234375,-0.69623971027859,1.0555736512632534
2020-02-18,Nikkei 225,^N225,23193.80078125,-1.4103843347472278,1.0415157717371164
2020-02-19,Nikkei 225,^N225,23400.69921875,0.8880867799202719,1.1437618327534964
2020-02-20,Nikkei 225,^N225,23479.150390625,0.33469068591927,1.1207598359318185
2020-02-21,Nikkei 225,^N225,23386.740234375,-0.39436048171204163,1.057870733359648
2020-02-25,Nikkei 225,^N225,22605.41015625,-3.397994002813043,1.0160749755788945
2020-02-26,Nikkei 225,^N225,22426.189453125,-0.7959817148153192,1.6708124188065265
2020-02-27,Nikkei 225,^N225,21948.23046875,-2.1542928112534554,1.5461820886401294
2020-02-28,Nikkei 225,^N225,21142.9609375,-3.7379485910808086,1.6526550518096101
2020-03-02,Nikkei 225,^N225,21344.080078125,0.9467387609559452,2.1150251712276336
2020-03-03,Nikkei 225,^N225,21082.73046875,-1.2320177349286254,1.9208022600061105
2020-03-04,Nikkei 225,^N225,21100.060546875,0.08216658349411432,1.794788805363351
2020-03-05,Nikkei 225,^N225,21329.119140625,1.0797324896660854,1.6147648365274994
2020-03-06,Nikkei 225,^N225,20749.75,-2.7539036483350543,1.5180369053379006
2020-03-09,Nikkei 225,^N225,19698.759765625,-5.197852070887343,1.770401032447193
2020-03-10,Nikkei 225,^N225,19867.119140625,0.8510382976167463,2.615606782845961
2020-03-11,Nikkei 225,^N225,19416.060546875,-2.2965473858151952,2.339391024620349
2020-03-12,Nikkei 225,^N225,18559.630859375,-4.511174870252965,2.2773613019642616
2020-03-13,Nikkei 225,^N225,17431.05078125,-6.2735694617153115,2.7123289650719378
2020-03-16,Nikkei 225,^N225,17002.0390625,-2.491986178446659,3.4656213520388808
2020-03-17,Nikkei 225,^N225,17011.529296875,0.055802640410895776,3.213872983793593
2020-03-18,Nikkei 225,^N225,16726.55078125,-1.689398405783038,2.8347873885173085
2020-03-19,Nikkei 225,^N225,16552.830078125,-1.0440235159284939,2.599384161326748
2020-03-23,Nikkei 225,^N225,16887.779296875,2.0033152921268282,2.3439916077581153
2020-03-24,Nikkei 225,^N225,18092.349609375,6.889893358034627,2.2226098355283646
2020-03-25,Nikkei 225,^N225,19546.630859375,7.731376161628667,3.351173471980899
2020-03-26,Nikkei 225,^N225,18664.599609375,-4.617427629785453,4.236023208988268
2020-03-27,Nikkei 225,^N225,19389.4296875,3.8099395385870594,4.153768364177876
2020-03-30,Nikkei 225,^N225,19084.970703125,-1.5826904986601775,3.9413919995606763
2020-03-31,Nikkei 225,^N225,18917.009765625,-0.8839646203869123,3.5253159956426368
2020-04-01,Nikkei 225,^N225,18065.41015625,-4.606243610695948,3.126510596771872
2020-04-02,Nikkei 225,^N225,17818.720703125,-1.3749439294279853,3.3163735064428015
2020-04-03,Nikkei 225,^N225,17820.189453125,0.008242395709601169,2.9772480698739954
2020-04-06,Nikkei 225,^N225,18576.30078125,4.155456327755758,2.6300868891950584
2020-04-07,Nikkei 225,^N225,18950.1796875,1.9926796921250656,2.8397986154433483
2020-04-08,Nikkei 225,^N225,19353.240234375,2.104644575635284,2.6261285326980417
2020-04-09,Nikkei 225,^N225,19345.76953125,-0.03860927327625774,2.464645723003415
2020-04-10,Nikkei 225,^N225,19498.5,0.7863772837001903,2.1880849679615637
2020-04-13,Nikkei 225,^N225,19043.400390625,-2.3616934171879933,1.971964159419451
2020-04-14,Nikkei 225,^N225,19638.810546875,3.0787132943748574,2.006207950229652
2020-04-15,Nikkei 225,^N225,19550.08984375,-0.452785629686403,2.157530479761166
2020-04-16,Nikkei 225,^N225,19290.19921875,-1.3382727578646225,1.9343317659333203
2020-04-17,Nikkei 225,^N225,19897.259765625,3.098486759864727,1.8180744216889466
2020-04-20,Nikkei 225,^N225,19669.119140625,-1.1532172500420046,2.0308114823591303
2020-04-21,Nikkei 225,^N225,19280.779296875,-1.994114120070023,1.8768919549947007
2020-04-22,Nikkei 225,^N225,19137.94921875,-0.7435474399503761,1.8680590595425868
2020-04-23,Nikkei 225,^N225,19429.439453125,1.5116179488664727,1.7059913047864437
2020-04-24,Nikkei 225,^N225,19262.0,-0.8655170278419888,1.6443927101685996
2020-04-27,Nikkei 225,^N225,19783.220703125,2.669989604608425,1.5306518771407918
2020-04-28,Nikkei 225,^N225,19771.189453125,-0.060833926348635714,1.7347911872346073
2020-04-30,Nikkei 225,^N225,20193.689453125,2.1144352367164387,1.5644286817043365
2020-05-01,Nikkei 225,^N225,19619.349609375,-2.885384806993585,1.6378777677900984
2020-05-07,Nikkei 225,^N225,19674.76953125,0.28207762298304573,1.8817615427866334
2020-05-08,Nikkei 225,^N225,20179.08984375,2.5309831564571894,1.691154407070182
2020-05-11,Nikkei 225,^N225,20390.66015625,1.0430048520664315,1.8148413460925827
2020-05-12,Nikkei 225,^N225,20366.48046875,-0.11865253531517794,1.6783659337182848
2020-05-13,Nikkei 225,^N225,20267.05078125,-0.48939820338045337,1.5175141636252711
2020-05-14,Nikkei 225,^N225,19914.779296875,-1.7534318830248807,1.3968229109272556
2020-05-15,Nikkei 225,^N225,20037.470703125,0.6141921515933291,1.4644784399752795
2020-05-18,Nikkei 225,^N225,20133.73046875,0.4792485514863998,1.3545950437567043
2020-05-19,Nikkei 225,^N225,20433.44921875,1.4776684301518017,1.2559260531244443
2020-05-20,Nikkei 225,^N225,20595.150390625,0.7882404500882956,1.2924916433457239
2020-05-21,Nikkei 225,^N225,20552.310546875,-0.2082260156651472,1.2281027361041161
2020-05-22,Nikkei 225,^N225,20388.16015625,-0.801902212856298,1.1442276132084948
2020-05-25,Nikkei 225,^N225,20741.650390625,1.7189427018202252,1.1225216615355513
2020-05-26,Nikkei 225,^N225,21271.169921875,2.520885619614077,1.2429704747728687
2020-05-27,Nikkei 225,^N225,21419.23046875,0.6936507466901887,1.51044539690088
2020-05-28,Nikkei 225,^N225,21916.310546875,2.294199490037485,1.3979947382456461
2020-05-29,Nikkei 225,^N225,21877.890625,-0.17545670752419085,1.5579188759453313
2020-06-01,Nikkei 225,^N225,22062.390625,0.8397810803423056,1.4172535593566358
2020-06-02,Nikkei 225,^N225,22325.609375,1.1860044848596374,1.333704361672472
2020-06-03,Nikkei 225,^N225,22613.759765625,1.2824138175062672,1.306705664339169
2020-06-04,Nikkei 225,^N225,22695.740234375,0.36186918068263907,1.299511457448647
2020-06-05,Nikkei 225,^N225,22863.73046875,0.7374580657746321,1.2050157590583903
2020-06-08,Nikkei 225,^N225,23178.099609375,1.3656017823423738,1.1532767237612513
2020-06-09,Nikkei 225,^N225,23091.029296875,-0.3763650509007732,1.1973269289876327
2020-06-10,Nikkei 225,^N225,23124.94921875,0.14678874733391467,1.1270205831396674
2020-06-11,Nikkei 225,^N225,22472.91015625,-2.8601496677246985,1.057631762787078
2020-06-12,Nikkei 225,^N225,22305.48046875,-0.7478181570590436,1.524269100974577
2020-06-15,Nikkei 225,^N225,21530.94921875,-3.5341010606982692,1.4215172359356445
2020-06-16,Nikkei 225,^N225,22582.2109375,4.7671071076791804,1.9224806234051122
2020-06-17,Nikkei 225,^N225,22455.759765625,-0.5615328673620468,2.5391259220271882
2020-06-18,Nikkei 225,^N225,22355.4609375,-0.44765125360672897,2.264817334552686
2020-06-19,Nikkei 225,^N225,22478.7890625,0.5501527785664706,2.0256408174637484
2020-06-22,Nikkei 225,^N225,22437.26953125,-0.18487616400797435,1.822124935406313
2020-06-23,Nikkei 225,^N225,22549.05078125,0.49695764968387124,1.6405358346624035
2020-06-24,Nikkei 225,^N225,22534.3203125,-0.0653476832669142,1.4946245110336898
2020-06-25,Nikkei 225,^N225,22259.7890625,-1.225762454783741,1.3620609732690547
2020-06-26,Nikkei 225,^N225,22512.080078125,1.1270187772014495,1.3482553196293046
2020-06-29,Nikkei 225,^N225,21995.0390625,-2.323512672542982,1.3102965076551119
2020-06-30,Nikkei 225,^N225,22288.140625,1.323779569565886,1.5289189988476537
2020-07-01,Nikkei 225,^N225,22121.73046875,-0.7494321916176716,1.4785818905038761
2020-07-02,Nikkei 225,^N225,22145.9609375,0.10947248614119331,1.3843154512633449
2020-07-03,Nikkei 225,^N225,22306.48046875,0.7222110816924143,1.2693231562405138
2020-07-06,Nikkei 225,^N225,22714.439453125,1.8123581289849255,1.2034680398816477
2020-07-07,Nikkei 225,^N225,22614.689453125,-0.44011505811383245,1.3186660651691948
2020-07-08,Nikkei 225,^N225,22438.650390625,-0.7814735111891125,1.2298194033878995
2020-07-09,Nikkei 225,^N225,22529.2890625,0.4031262972032934,1.1873870411793934
2020-07-10,Nikkei 225,^N225,22290.810546875,-1.0641688360864876,1.115072939798697
2020-07-13,Nikkei 225,^N225,22784.740234375,2.191651348448609,1.1358764053985213
2020-07-14,Nikkei 225,^N225,22587.009765625,-0.8716072029207211,1.359977951739129
2020-07-15,Nikkei 225,^N225,22945.5,1.5746886957289874,1.30076977566238
2020-07-16,Nikkei 225,^N225,22770.359375,-0.766217606990871,1.3427128424824466
2020-07-17,Nikkei 225,^N225,22696.419921875,-0.32524634227133475,1.2758463676345049
2020-07-20,Nikkei 225,^N225,22717.48046875,0.09274934856335904,1.1883221031620705
2020-07-21,Nikkei 225,^N225,22884.220703125,0.7312927946983905,1.107157126443602
2020-07-22,Nikkei 225,^N225,22751.609375,-0.5811736136166701,1.075132520482762
2020-07-27,Nikkei 225,^N225,22715.849609375,-0.1572983131104877,1.0449214749788192
2020-07-28,Nikkei 225,^N225,22657.380859375,-0.25772369196168654,0.9937555219340563
2020-07-29,Nikkei 225,^N225,22397.109375,-1.1553759827455323,0.9570417610262413
2020-07-30,Nikkei 225,^N225,22339.23046875,-0.25875580678231813,1.0359198963215106
2020-07-31,Nikkei 225,^N225,21710.0,-2.8571362816920853,0.9906524004948436
2020-08-03,Nikkei 225,^N225,22195.380859375,2.2111213941069963,1.488581183958193
2020-08-04,Nikkei 225,^N225,22573.66015625,1.689954893525858,1.6030068364565146
2020-08-05,Nikkei 225,^N225,22514.849609375,-0.26086726100302826,1.590663183235271
2020-08-06,Nikkei 225,^N225,22418.150390625,-0.4304158103648703,1.4472324724363976
2020-08-07,Nikkei 225,^N225,22329.939453125,-0.39425616632602356,1.335136354851224
2020-08-11,Nikkei 225,^N225,22750.240234375,1.8647350704362964,1.2406288292161953
2020-08-12,Nikkei 225,^N225,22843.9609375,0.4111085739594955,1.3555564969122569
2020-08-13,Nikkei 225,^N225,23249.609375,1.7601539983408188,1.2533583158584514
2020-08-14,Nikkei 225,^N225,23289.359375,0.17082462604527393,1.343191706452764
2020-08-17,Nikkei 225,^N225,23096.75,-0.8304662088491455,1.235822908928463
2020-08-18,Nikkei 225,^N225,23051.080078125,-0.19792885909186708,1.1976147242058328
2020-08-19,Nikkei 225,^N225,23110.609375,0.2579165995863164,1.1189103113567338
2020-08-20,Nikkei 225,^N225,22880.619140625,-1.0001565906387455,1.0535633169396277
2020-08-21,Nikkei 225,^N225,22920.30078125,0.17327883641442554,1.0801436465006107
2020-08-24,Nikkei 225,^N225,22985.509765625,0.28409923475010146,1.0200388043400868
2020-08-25,Nikkei 225,^N225,23296.76953125,1.3450697032721948,0.974826486609388
2020-08-26,Nikkei 225,^N225,23290.859375,-0.02537221326974759,1.0654385283685357
2020-08-27,Nikkei 225,^N225,23208.859375,-0.3526906708454902,1.0073900446742383
2020-08-28,Nikkei 225,^N225,22882.650390625,-1.415507683678996,0.9732824942615158
2020-08-31,Nikkei 225,^N225,23139.759765625,1.1173341378354351,1.0979662272193245
2020-09-01,Nikkei 225,^N225,23138.0703125,-0.0073013497949858674,1.1162423114793922
2020-09-02,Nikkei 225,^N225,23247.150390625,0.47032342434132346,1.0483897319001925
2020-09-03,Nikkei 225,^N225,23465.529296875,0.9349945180870733,1.007059933853478
2020-09-04,Nikkei 225,^N225,23205.4296875,-1.114621631469248,1.0218490694081714
2020-09-07,Nikkei 225,^N225,23089.94921875,-0.4988865454487623,1.075177221035819
2020-09-08,Nikkei 225,^N225,23274.130859375,0.7945056136957618,1.0376850402875535
2020-09-09,Nikkei 225,^N225,23032.5390625,-1.043452225377095,1.0277159864268035
2020-09-10,Nikkei 225,^N225,23235.470703125,0.8772062724760943,1.0677580906932242
2020-09-11,Nikkei 225,^N225,23406.490234375,0.7333323652380486,1.0606083567890268
2020-09-14,Nikkei 225,^N225,23559.30078125,0.6507335778048073,1.038881547679366
2020-09-15,Nikkei 225,^N225,23454.890625,-0.44416515430576453,1.0138253221558118
2020-09-16,Nikkei 225,^N225,23475.529296875,0.08795435131361273,0.9848864937143822
2020-09-17,Nikkei 225,^N225,23319.369140625,-0.6674263270298297,0.9423706263286377
2020-09-18,Nikkei 225,^N225,23360.30078125,0.1753724959243641,0.9515405675399954
2020-09-23,Nikkei 225,^N225,23346.490234375,-0.059137213142612666,0.9170607478964896
2020-09-24,Nikkei 225,^N225,23087.8203125,-1.1141442376779054,0.8894523735282083
2020-09-25,Nikkei 225,^N225,23204.619140625,0.5046140464719073,0.9811005953728252
2020-09-28,Nikkei 225,^N225,23511.619140625,1.314337073176297,0.9563279435289618
2020-09-29,Nikkei 225,^N225,23539.099609375,0.11681212361818183,1.046698547144437
2020-09-30,Nikkei 225,^N225,23185.119140625,-1.515219518684674,0.9921975416136006
2020-10-02,Nikkei 225,^N225,23029.900390625,-0.6717267902004664,1.1318579108062432
2020-10-05,Nikkei 225,^N225,23312.140625,1.2180893113200142,1.0984490996806011
2020-10-06,Nikkei 225,^N225,23433.73046875,0.52021757266143,1.1322637421233281
2020-10-07,Nikkei 225,^N225,23422.8203125,-0.04656832935960864,1.0774139945410237
2020-10-08,Nikkei 225,^N225,23647.0703125,0.9528456246043149,1.0173482469425523
2020-10-09,Nikkei 225,^N225,23619.689453125,-0.11585673557270582,1.0320243220747127
2020-10-12,Nikkei 225,^N225,23558.689453125,-0.2585931751223569,0.9821851783654609
2020-10-13,Nikkei 225,^N225,23601.779296875,0.1827371817240575,0.9479191092565848
2020-10-14,Nikkei 225,^N225,23626.73046875,0.10566149268811387,0.9143553396575097
2020-10-15,Nikkei 225,^N225,23507.23046875,-0.5070664704094341,0.8865744058118578
2020-10-16,Nikkei 225,^N225,23410.630859375,-0.41178239220425183,0.8919692380683412
2020-10-19,Nikkei 225,^N225,23671.130859375,1.106596902041268,0.8875815889576246
2020-10-20,Nikkei 225,^N225,23567.0390625,-0.4407112533158397,0.9609260895830392
2020-10-21,Nikkei 225,^N225,23639.4609375,0.3068303382706361,0.9432309323343459
2020-10-22,Nikkei 225,^N225,23474.26953125,-0.7012481565144668,0.9148022219787243
2020-10-23,Nikkei 225,^N225,23516.58984375,0.180121515140641,0.934919218818523
2020-10-26,Nikkei 225,^N225,23494.33984375,-0.09465884554629156,0.9040147804995308
2020-10-27,Nikkei 225,^N225,23485.80078125,-0.03635179665462118,0.879987221549748
2020-10-28,Nikkei 225,^N225,23418.509765625,-0.28692911592447246,0.8599717572396661
2020-10-29,Nikkei 225,^N225,23331.939453125,-0.3703511427012529,0.8540756374486401
2020-10-30,Nikkei 225,^N225,22977.130859375,-1.5323803061042085,0.8553184887819144
2020-11-02,Nikkei 225,^N225,23295.48046875,1.3759959645881281,1.0470845040569783
2020-11-04,Nikkei 225,^N225,23695.23046875,1.7014411385574135,1.122238226942178
2020-11-05,Nikkei 225,^N225,24105.279296875,1.7157092624454862,1.2391152317045921
2020-11-06,Nikkei 225,^N225,24325.23046875,0.90832281218578,1.3242348653694023
2020-11-09,Nikkei 225,^N225,24839.83984375,2.0934706940009207,1.2655684335358715
2020-11-10,Nikkei 225,^N225,24905.58984375,0.2643460462632419,1.422392496512994
2020-11-11,Nikkei 225,^N225,25349.599609375,1.7670665417451659,1.3036404248584534
2020-11-12,Nikkei 225,^N225,25520.880859375,0.6734038903614348,1.3806037957690394
2020-11-13,Nikkei 225,^N225,25385.869140625,-0.5304288146518843,1.28983321439523
2020-11-16,Nikkei 225,^N225,25906.9296875,2.031780225325086,1.2124717874673248
2020-11-17,Nikkei 225,^N225,26014.619140625,0.4148166222917027,1.3725510892415527
2020-11-18,Nikkei 225,^N225,25728.140625,-1.1073295827243257,1.2675724023589487
2020-11-19,Nikkei 225,^N225,25634.33984375,-0.365250605793932,1.258188303539091
2020-11-20,Nikkei 225,^N225,25527.369140625,-0.41816765360778163,1.1759511827274949
2020-11-24,Nikkei 225,^N225,26165.58984375,2.4694006582825168,1.1123206642140573
2020-11-25,Nikkei 225,^N225,26296.859375,0.5004333848578568,1.4167111422544472
2020-11-26,Nikkei 225,^N225,26537.310546875,0.9102171277930893,1.3083373875072526
2020-11-27,Nikkei 225,^N225,26644.7109375,0.4038979099791007,1.2530791999273196
2020-11-30,Nikkei 225,^N225,26433.619140625,-0.7954014735597426,1.1687265310048245
2020-12-01,Nikkei 225,^N225,26787.5390625,1.3300166738732244,1.140882396355191
2020-12-02,Nikkei 225,^N225,26800.98046875,0.05016524677099454,1.182131422054418
2020-12-03,Nikkei 225,^N225,26809.369140625,0.03129497197686959,1.1019484404202509
2020-12-04,Nikkei 225,^N225,26751.240234375,-0.21705850531148485,1.0365604774854653
2020-12-07,Nikkei 225,^N225,26547.439453125,-0.7647535575539877,0.9892765372989767
2020-12-08,Nikkei 225,^N225,26467.080078125,-0.30316010502957624,0.9989482988443122
2020-12-09,Nikkei 225,^N225,26817.939453125,1.3169346616233923,0.9635919067474126
2020-12-10,Nikkei 225,^N225,26756.240234375,-0.23033202332758407,1.0522630805165338
2020-12-11,Nikkei 225,^N225,26652.51953125,-0.3884038272829571,1.0024225613443345
2020-12-14,Nikkei 225,^N225,26732.439453125,0.29941010764034104,0.9717690349189588
2020-12-15,Nikkei 225,^N225,26687.83984375,-0.16697636300069263,0.9370245044856547
2020-12-16,Nikkei 225,^N225,26757.400390625,0.2603060098447685,0.9082167129572416
2020-12-17,Nikkei 225,^N225,26806.669921875,0.18396490355510053,0.8854042146079699
2020-12-18,Nikkei 225,^N225,26763.390625,-0.1615802030064728,0.86519393085539
2020-12-21,Nikkei 225,^N225,26714.419921875,-0.18314406035795372,0.8518353666431955
2020-12-22,Nikkei 225,^N225,26436.390625,-1.046199784903834,0.8423753622155985
2020-12-23,Nikkei 225,^N225,26524.7890625,0.33382383139155536,0.9361184240899325
2020-12-24,Nikkei 225,^N225,26668.349609375,0.5397722300925167,0.9104623467330639
2020-12-25,Nikkei 225,^N225,26656.609375,-0.0440327936045648,0.9042714641253676
2020-12-28,Nikkei 225,^N225,26854.029296875,0.7378750188765437,0.8791243321673663
2020-12-29,Nikkei 225,^N225,27568.150390625,2.624525841264358,0.9007640870479835
2020-12-30,Nikkei 225,^N225,27444.169921875,-0.45073786362532786,1.3427038759611478
2021-01-04,Nikkei 225,^N225,27258.380859375,-0.6792728098520939,1.2501833452700593
2021-01-05,Nikkei 225,^N225,27158.630859375,-0.36661370617032674,1.1931362794751412
2021-01-06,Nikkei 225,^N225,27055.939453125,-0.37883369165392367,1.1230507609427913
2021-01-07,Nikkei 225,^N225,27490.130859375,1.5920508101247677,1.0671776605411702
2021-01-08,Nikkei 225,^N225,28139.029296875,2.333049318041347,1.178443384316621
2021-01-12,Nikkei 225,^N225,28164.33984375,0.08990775850996613,1.4221669195824858
2021-01-13,Nikkei 225,^N225,28456.58984375,1.032312951973502,1.3007718655922889
2021-01-14,Nikkei 225,^N225,28698.259765625,0.8456722878300127,1.26107504481173
2021-01-15,Nikkei 225,^N225,28519.1796875,-0.6259653161039935,1.2086114354071806
2021-01-18,Nikkei 225,^N225,28242.2109375,-0.9759131873639859,1.1549101187824717
2021-01-19,Nikkei 225,^N225,28633.4609375,1.375829625385272,1.153171919382091
2021-01-20,Nikkei 225,^N225,28523.259765625,-0.3856110255211931,1.1990123010618008
2021-01-21,Nikkei 225,^N225,28756.859375,0.815643919547604,1.1289385664459108
2021-01-22,Nikkei 225,^N225,28631.44921875,-0.4370589026077454,1.101000161268691
2021-01-25,Nikkei 225,^N225,28822.2890625,0.6643276880557991,1.0534344704771057
2021-01-26,Nikkei 225,^N225,28546.1796875,-0.962589774450251,1.0264904687403733
2021-01-27,Nikkei 225,^N225,28635.2109375,0.31139963883823896,1.0543272293484174
2021-01-28,Nikkei 225,^N225,28197.419921875,-1.540663061458325,1.003360912803146
2021-01-29,Nikkei 225,^N225,27663.390625,-1.9120580653559927,1.1448374901338323
2021-02-01,Nikkei 225,^N225,28091.05078125,1.5341147106616049,1.3224165121335563
2021-02-02,Nikkei 225,^N225,28362.169921875,0.96051641228172,1.3517267440943965
2021-02-03,Nikkei 225,^N225,28646.5,0.9975059447057788,1.2931705719899562
2021-02-04,Nikkei 225,^N225,28341.94921875,-1.0688259979525938,1.2508985238401182
2021-02-05,Nikkei 225,^N225,28779.189453125,1.530952584616685,1.2398732926141691
2021-02-08,Nikkei 225,^N225,29388.5,2.0950903844518365,1.2900235300381842
2021-02-09,Nikkei 225,^N225,29505.9296875,0.3987808142229099,1.439433718977712
2021-02-10,Nikkei 225,^N225,29562.9296875,0.1929951527607443,1.3223439335123637
2021-02-12,Nikkei 225,^N225,29520.0703125,-0.14508194410520758,1.2189073345539063
2021-02-15,Nikkei 225,^N225,30084.150390625,1.89280863860386,1.1347327843490143
2021-02-16,Nikkei 225,^N225,30467.75,1.2670279171466348,1.2889763102973255
2021-02-17,Nikkei 225,^N225,30292.189453125,-0.5778841685012637,1.2836235097487132
2021-02-18,Nikkei 225,^N225,30236.08984375,-0.18536666196435903,1.2111256911637565
2021-02-19,Nikkei 225,^N225,30017.919921875,-0.7241704781705494,1.1295452109813127
2021-02-22,Nikkei 225,^N225,30156.029296875,0.4590345799293516,1.1021955650053803
2021-02-24,Nikkei 225,^N225,29671.69921875,-1.6191176595178547,1.0493253375388862
2021-02-25,Nikkei 225,^N225,30168.26953125,1.659699099437617,1.1927459010808685
2021-02-26,Nikkei 225,^N225,28966.009765625,-4.066762873925889,1.280154818675828
2021-03-01,Nikkei 225,^N225,29663.5,2.3794268274142993,2.0111815086841136
2021-03-02,Nikkei 225,^N225,29408.169921875,-0.8644809553780775,2.0210586720670554
2021-03-03,Nikkei 225,^N225,29559.099609375,0.5119111612124527,1.8431252585574935
2021-03-04,Nikkei 225,^N225,28930.109375,-2.1508736193657896,1.6658538037650257
2021-03-05,Nikkei 225,^N225,28864.3203125,-0.22766585386211347,1.7385354659713292
2021-03-08,Nikkei 225,^N225,28743.25,-0.42032840508614555,1.5708101990342744
2021-03-09,Nikkei 225,^N225,29027.939453125,0.9855838535411721,1.4373430272276748
2021-03-10,Nikkei 225,^N225,29036.560546875,0.029694886939068965,1.364517956055912
2021-03-11,Nikkei 225,^N225,29211.640625,0.6011536901203485,1.2526389325032905
2021-03-12,Nikkei 225,^N225,29717.830078125,1.7179923632976823,1.1802655080314566
2021-03-15,Nikkei 225,^N225,29766.970703125,0.1652208145047851,1.28298126555225
2021-03-16,Nikkei 225,^N225,29921.08984375,0.516416454897417,1.1858663355750185
2021-03-17,Nikkei 225,^N225,29914.330078125,-0.022594529001729313,1.1203432693769455
2021-03-18,Nikkei 225,^N225,30216.75,1.0058773976947322,1.0518708241235544
2021-03-19,Nikkei 225,^N225,29792.05078125,-1.4154800769260234,1.0653866114009618
2021-03-22,Nikkei 225,^N225,29174.150390625,-2.095854901495464,1.161435215799341
2021-03-23,Nikkei 225,^N225,28995.919921875,-0.6127928865392818,1.3769207273711808
2021-03-24,Nikkei 225,^N225,28405.51953125,-2.057165176363185,1.2897439243566367
2021-03-25,Nikkei 225,^N225,28729.880859375,1.1354250100447771,1.452732591531922
2021-03-26,Nikkei 225,^N225,29176.69921875,1.5432692688465366,1.3939981823634318
2021-03-29,Nikkei 225,^N225,29384.51953125,0.7097570349673177,1.4071030816719838
2021-03-30,Nikkei 225,^N225,29432.69921875,0.16382854987035955,1.3143019248996217
2021-03-31,Nikkei 225,^N225,29178.80078125,-0.8663829646874177,1.211759490099488
2021-04-01,Nikkei 225,^N225,29388.869140625,0.7173557032274402,1.1829485616710436
2021-04-02,Nikkei 225,^N225,29854.0,1.5702832212749485,1.133816065013141
2021-04-05,Nikkei 225,^N225,30089.25,0.7849130895941414,1.2207919996005439
2021-04-06,Nikkei 225,^N225,29696.630859375,-1.3134364811316246,1.170399738954515
2021-04-07,Nikkei 225,^N225,29730.7890625,0.11495773140293153,1.2178642387057592
2021-04-08,Nikkei 225,^N225,29708.98046875,-0.07338048212695014,1.1315783647315527
2021-04-09,Nikkei 225,^N225,29768.060546875,0.19866522122651276,1.0617418275043167
2021-04-12,Nikkei 225,^N225,29538.73046875,-0.7733725505145728,1.0057142901182687
2021-04-13,Nikkei 225,^N225,29751.609375,0.7180927671571524,1.0124956260550806
2021-04-14,Nikkei 225,^N225,29620.990234375,-0.4399987610963052,0.9999358590273887
2021-04-15,Nikkei 225,^N225,29642.689453125,0.07322940402669786,0.9736524997945852
2021-04-16,Nikkei 225,^N225,29683.369140625,0.13713937800634568,0.9333340275498346
2021-04-19,Nikkei 225,^N225,29685.369140625,0.006737552653746093,0.9019473663902656
2021-04-20,Nikkei 225,^N225,29100.380859375,-1.9903040860196342,0.8766868217023661
2021-04-21,Nikkei 225,^N225,28508.55078125,-2.054719235517055,1.1762903860564482
2021-04-22,Nikkei 225,^N225,29188.169921875,2.355941783351412,1.3766383733139718
2021-04-23,Nikkei 225,^N225,29020.630859375,-0.5756501522126811,1.5574842297290004
2021-04-26,Nikkei 225,^N225,29126.23046875,0.36321728484782767,1.4354999624658653
2021-04-27,Nikkei 225,^N225,28991.890625,-0.4623001586514519,1.3176749446925848
2021-04-28,Nikkei 225,^N225,29053.970703125,0.21390018297360314,1.2304175511331916
2021-04-30,Nikkei 225,^N225,28812.630859375,-0.8341296587145663,1.1434643161904947
2021-05-06,Nikkei 225,^N225,29331.369140625,1.7843699949441572,1.125811373623861
2021-05-07,Nikkei 225,^N225,29357.8203125,0.09013984998773594,1.2591379301285035
2021-05-10,Nikkei 225,^N225,29518.33984375,0.545279884256189,1.1653924608678312
2021-05-11,Nikkei 225,^N225,28608.58984375,-3.1304742876899994,1.1057784780311468
2021-05-12,Nikkei 225,^N225,28147.509765625,-1.6248129278828571,1.6309711211725562
2021-05-13,Nikkei 225,^N225,27448.009765625,-2.516522629727369,1.6175085554129003
2021-05-14,Nikkei 225,^N225,28084.470703125,2.292311821632431,1.7814225467559277
2021-05-17,Nikkei 225,^N225,27824.830078125,-0.928798922177343,1.8321824486260956
2021-05-18,Nikkei 225,^N225,28406.83984375,2.0701165401597166,1.6912263722153806
2021-05-19,Nikkei 225,^N225,28044.44921875,-1.2839232167115355,1.7232664749777329
2021-05-20,Nikkei 225,^N225,28098.25,0.19165732487866904,1.6409351977710749
2021-05-21,Nikkei 225,^N225,28317.830078125,0.7784347534505187,1.4855097771730623
2021-05-24,Nikkei 225,^N225,28364.609375,0.16505749557271798,1.3840261416502562
2021-05-25,Nikkei 225,^N225,28553.98046875,0.6654128045264329,1.2696856924748443
2021-05-26,Nikkei 225,^N225,28642.189453125,0.3084439200344846,1.1989981932655904
2021-05-27,Nikkei 225,^N225,28549.009765625,-0.32585352719216587,1.1204806795692244
2021-05-28,Nikkei 225,^N225,29149.41015625,2.081242653054005,1.0619888820349366
2021-05-31,Nikkei 225,^N225,28860.080078125,-0.9975349763079677,1.285885741977439
2021-06-01,Nikkei 225,^N225,28814.33984375,-0.1586153585131811,1.2573665336078965
2021-06-02,Nikkei 225,^N225,28946.140625,0.4563708921267562,1.166707635874369
2021-06-03,Nikkei 225,^N225,29058.109375,0.38607132779233666,1.1011535266739263
2021-06-04,Nikkei 225,^N225,28941.51953125,-0.40203705778498744,1.0444211368670344
2021-06-07,Nikkei 225,^N225,29019.240234375,0.2681840266470559,1.005925029575766
2021-06-08,Nikkei 225,^N225,28963.560546875,-0.19205593336142357,0.962973497372565
2021-06-09,Nikkei 225,^N225,28860.80078125,-0.35542069619065586,0.9296800623877784
2021-06-10,Nikkei 225,^N225,28958.560546875,0.3381561350247253,0.9124972777055411
2021-06-11,Nikkei 225,^N225,28948.73046875,-0.03395108991295359,0.892176332144839
2021-06-14,Nikkei 225,^N225,29161.80078125,0.7333309910626085,0.869474975835608
2021-06-15,Nikkei 225,^N225,29441.30078125,0.9538816609721223,0.8930364578197455
2021-06-16,Nikkei 225,^N225,29291.009765625,-0.5117842028161235,0.94020329756957
2021-06-17,Nikkei 225,^N225,29018.330078125,-0.9352933029344257,0.9334121086091551
2021-06-18,Nikkei 225,^N225,28964.080078125,-0.18712577032928834,0.9817143706965533
2021-06-21,Nikkei 225,^N225,28010.9296875,-3.346166427733266,0.944337588726572
2021-06-22,Nikkei 225,^N225,28884.130859375,3.0697559100797633,1.6213588826076422
2021-06-23,Nikkei 225,^N225,28874.890625,-0.03199581369752735,1.8921381245051472
2021-06-24,Nikkei 225,^N225,28875.23046875,0.001176945584013822,1.6977794296615665
2021-06-25,Nikkei 225,^N225,29066.1796875,0.6591137824226934,1.532603859673831
2021-06-28,Nikkei 225,^N225,29048.01953125,-0.06249817457781859,1.4139027986105592
2021-06-29,Nikkei 225,^N225,28812.609375,-0.8137189645179177,1.294522541912079
2021-06-30,Nikkei 225,^N225,28791.529296875,-0.07318946017420558,1.2422428670297623
2021-07-01,Nikkei 225,^N225,28707.0390625,-0.2938866048221911,1.1523590179689958
2021-07-02,Nikkei 225,^N225,28783.279296875,0.26522823753278857,1.086082393946648
2021-07-05,Nikkei 225,^N225,28598.189453125,-0.6451228583351565,1.0272267599839606
2021-07-06,Nikkei 225,^N225,28643.2109375,0.15730395605757508,1.0139856393532043
2021-07-07,Nikkei 225,^N225,28366.94921875,-0.9691741978091528,0.9664794081842689
2021-07-08,Nikkei 225,^N225,28118.029296875,-0.8813724986438842,1.011111094362147
2021-07-09,Nikkei 225,^N225,27940.419921875,-0.6336599451575609,1.0310346311250986
2021-07-12,Nikkei 225,^N225,28569.01953125,2.224851440005793,1.0157202331976798
2021-07-13,Nikkei 225,^N225,28718.240234375,0.5209571594742002,1.2940165281880143
2021-07-14,Nikkei 225,^N225,28608.490234375,-0.3828934013407448,1.208586182149136
2021-07-15,Nikkei 225,^N225,28279.08984375,-1.1580878345444745,1.1365472023651229
2021-07-16,Nikkei 225,^N225,28003.080078125,-0.9808149852016612,1.16669948900421
2021-07-19,Nikkei 225,^N225,27652.740234375,-1.2589679540324639,1.1628773555380605
2021-07-20,Nikkei 225,^N225,27388.16015625,-0.9614018453834916,1.202940304292972
2021-07-21,Nikkei 225,^N225,27548.0,0.5819128761091363,1.188144742308261
2021-07-26,Nikkei 225,^N225,27833.2890625,1.0302814936121507,1.1267361279630839
2021-07-27,Nikkei 225,^N225,27970.220703125,0.49076452729597264,1.1256158001512857
2021-07-28,Nikkei 225,^N225,27581.66015625,-1.3989333130215442,1.0701196945819984
2021-07-29,Nikkei 225,^N225,27782.419921875,0.7252378989688779,1.1615177282790754
2021-07-30,Nikkei 225,^N225,27283.58984375,-1.8118026920449282,1.1175057905455048
2021-08-02,Nikkei 225,^N225,27781.01953125,1.806762001119111,1.2812892847976753
2021-08-03,Nikkei 225,^N225,27641.830078125,-0.5022828913991972,1.372403596203686
2021-08-04,Nikkei 225,^N225,27584.080078125,-0.2091410386411141,1.2778933102911472
2021-08-05,Nikkei 225,^N225,27728.119140625,0.5208232184973127,1.1851712785413737
2021-08-06,Nikkei 225,^N225,27820.0390625,0.3309560883737461,1.1200700181756862
2021-08-10,Nikkei 225,^N225,27888.150390625,0.24452908174765753,1.0571559717033436
2021-08-11,Nikkei 225,^N225,28070.509765625,0.6517669295252659,1.0032508476098592
2021-08-12,Nikkei 225,^N225,28015.01953125,-0.1978772534620532,0.9861347214976833
2021-08-13,Nikkei 225,^N225,27977.150390625,-0.13526586468035617,0.9482766510431776
2021-08-16,Nikkei 225,^N225,27523.189453125,-1.6359217365856438,0.9160115516537478
2021-08-17,Nikkei 225,^N225,27424.470703125,-0.3593195995348353,1.109653009940877
2021-08-18,Nikkei 225,^N225,27585.91015625,0.5869434607506108,1.0552118190730941
2021-08-19,Nikkei 225,^N225,27281.169921875,-1.110842303273607,1.0210802279200804
2021-08-20,Nikkei 225,^N225,27013.25,-0.9869231383712318,1.0739807401201402
2021-08-23,Nikkei 225,^N225,27494.240234375,1.7649050341704609,1.0934246883416996
2021-08-24,Nikkei 225,^N225,27732.099609375,0.8614036217755583,1.232898514621814
2021-08-25,Nikkei 225,^N225,27724.80078125,-0.026322524756139387,1.1878652053164174
2021-08-26,Nikkei 225,^N225,27742.2890625,0.06305822742369571,1.1070484673327976
2021-08-27,Nikkei 225,^N225,27641.140625,-0.3652664724107524,1.0406939301999385
2021-08-30,Nikkei 225,^N225,27789.2890625,0.5345395700230071,1.0004891764056814
2021-08-31,Nikkei 225,^N225,28089.5390625,1.0746570738684014,0.9738105517643545
2021-09-01,Nikkei 225,^N225,28451.01953125,1.278676415440394,1.017632581921819
2021-09-02,Nikkei 225,^N225,28543.509765625,0.32455857327242654,1.0835619420891822
2021-09-03,Nikkei 225,^N225,29128.109375,2.02740842848268,1.0274119888018012
2021-09-06,Nikkei 225,^N225,29659.890625,1.8091983232443098,1.2508379675772792
2021-09-07,Nikkei 225,^N225,29916.140625,0.8602505903672508,1.351272774776535
2021-09-08,Nikkei 225,^N225,30181.2109375,0.8821421394829443,1.2823301746273963
2021-09-09,Nikkei 225,^N225,30008.189453125,-0.5749250194810429,1.2293561393095933
2021-09-10,Nikkei 225,^N225,30381.83984375,1.2374730172400206,1.1670855135845717
2021-09-13,Nikkei 225,^N225,30447.369140625,0.21545347479641208,1.18656048624031
2021-09-14,Nikkei 225,^N225,30670.099609375,0.7288634799051508,1.1075329828000926
2021-09-15,Nikkei 225,^N225,30511.7109375,-0.5177650818120938,1.075187803369548
2021-09-16,Nikkei 225,^N225,30323.33984375,-0.6192867215801812,1.0392762006004674
2021-09-17,Nikkei 225,^N225,30500.05078125,0.5810640705258052,1.020630310050968
2021-09-21,Nikkei 225,^N225,29839.7109375,-2.1888260363455814,0.9933749278749185
2021-09-22,Nikkei 225,^N225,29639.400390625,-0.6735517720276363,1.2972931096645024
2021-09-24,Nikkei 225,^N225,30248.810546875,2.0352292452042064,1.2304224287178356
2021-09-27,Nikkei 225,^N225,30240.060546875,-0.028930941850369152,1.3854702193821513
2021-09-28,Nikkei 225,^N225,30183.9609375,-0.1856865005535724,1.2704342603463232
2021-09-29,Nikkei 225,^N225,29544.2890625,-2.1420226877342685,1.1782644201005792
2021-09-30,Nikkei 225,^N225,29452.66015625,-0.31062277333990806,1.3990194976457178
2021-10-01,Nikkei 225,^N225,28771.0703125,-2.341385465210699,1.2892153230650178
2021-10-04,Nikkei 225,^N225,28444.890625,-1.1401826196943077,1.5195511370845698
2021-10-05,Nikkei 225,^N225,27822.119140625,-2.213719618209886,1.4599568497115751
2021-10-06,Nikkei 225,^N225,27528.869140625,-1.0596115909995873,1.6046037375831184
2021-10-07,Nikkei 225,^N225,27678.2109375,0.541025393639849,1.5183879127379023
2021-10-08,Nikkei 225,^N225,28048.939453125,1.3305327196388106,1.3948706812749216
2021-10-11,Nikkei 225,^N225,28498.19921875,1.589007787514518,1.3746105028384716
2021-10-12,Nikkei 225,^N225,28230.609375,-0.9434071860249915,1.4002217825050607
2021-10-13,Nikkei 225,^N225,28140.279296875,-0.3204851211991766,1.341007318504786
2021-10-14,Nikkei 225,^N225,28550.9296875,1.4487522157883959,1.2416896480111612
2021-10-15,Nikkei 225,^N225,29068.630859375,1.7970116343965614,1.276949895964007
2021-10-18,Nikkei 225,^N225,29025.4609375,-0.14862072367733958,1.3673599123642153
2021-10-19,Nikkei 225,^N225,29215.51953125,0.6526650715114712,1.257409518991282
2021-10-20,Nikkei 225,^N225,29255.55078125,0.13692670936436002,1.1880540607312335
2021-10-21,Nikkei 225,^N225,28708.580078125,-1.8873290460238223,1.10734755442818
2021-10-22,Nikkei 225,^N225,28804.849609375,0.3347726667771056,1.2919909061325592
2021-10-25,Nikkei 225,^N225,28600.41015625,-0.7122703329841329,1.1977661117416762
2021-10-26,Nikkei 225,^N225,29106.009765625,1.7523615159790396,1.1546638315018547
2021-10-27,Nikkei 225,^N225,29098.240234375,-0.026697470704029058,1.272198547457316
2021-10-28,Nikkei 225,^N225,28820.08984375,-0.9604991327044843,1.176444973615627
2021-10-29,Nikkei 225,^N225,28892.689453125,0.2515895042801475,1.1675840429205986
2021-11-01,Nikkei 225,^N225,29647.080078125,2.577503791667546,1.0929737485955178
2021-11-02,Nikkei 225,^N225,29520.900390625,-0.4265140631222408,1.4345921916603237
2021-11-04,Nikkei 225,^N225,29794.369140625,0.9220920339972238,1.3244564142403903
2021-11-05,Nikkei 225,^N225,29611.5703125,-0.6154246755880166,1.2672165569441394
2021-11-08,Nikkei 225,^N225,29507.05078125,-0.35359295672030555,1.201013409397104
2021-11-09,Nikkei 225,^N225,29285.4609375,-0.7538065190404453,1.1287084418875666
2021-11-10,Nikkei 225,^N225,29106.779296875,-0.6120066557498305,1.1048475757003504
2021-11-11,Nikkei 225,^N225,29277.859375,0.5860465069670084,1.0712406116648368
2021-11-12,Nikkei 225,^N225,29609.970703125,1.1279575044772727,1.033676545945932
2021-11-15,Nikkei 225,^N225,29776.80078125,0.5618440363518218,1.0699953267759692
2021-11-16,Nikkei 225,^N225,29808.119140625,0.10512177342896223,1.030767451585976
2021-11-17,Nikkei 225,^N225,29688.330078125,-0.4026768855505125,0.9792606991792313
2021-11-18,Nikkei 225,^N225,29598.66015625,-0.3024946616317692,0.9545996595785659
2021-11-19,Nikkei 225,^N225,29745.869140625,0.496117462081358,0.9285820271558204
2021-11-22,Nikkei 225,^N225,29774.109375,0.09489330204210944,0.914747401747178
2021-11-24,Nikkei 225,^N225,29302.66015625,-1.5960900737674422,0.8867860566850823
2021-11-25,Nikkei 225,^N225,29499.279296875,0.6687530215405246,1.0818352933637585
2021-11-26,Nikkei 225,^N225,28751.619140625,-2.567174884058865,1.0492161727726717
2021-11-29,Nikkei 225,^N225,28283.919921875,-1.6400641070772437,1.4342163755786503
2021-11-30,Nikkei 225,^N225,27821.759765625,-1.6475002612546419,1.4709583881762536
2021-12-01,Nikkei 225,^N225,27935.619140625,0.40841063729057936,1.4997261867031622
2021-12-02,Nikkei 225,^N225,27753.369140625,-0.6545302986172175,1.37295622411785
2021-12-03,Nikkei 225,^N225,28029.5703125,0.9902792205819466,1.2899670627799185
2021-12-06,Nikkei 225,^N225,27927.369140625,-0.3652854731369004,1.2475149134167018
2021-12-07,Nikkei 225,^N225,28455.599609375,1.8737783260188934,1.1672355968403625
2021-12-08,Nikkei 225,^N225,28860.619140625,1.4133042329316226,1.3067901502714514
2021-12-09,Nikkei 225,^N225,28725.470703125,-0.4693796227389413,1.319853065732306
2021-12-10,Nikkei 225,^N225,28437.76953125,-1.0066035444097565,1.2326613294309154
2021-12-13,Nikkei 225,^N225,28640.490234375,0.7103284379750718,1.2171957602857586
2021-12-14,Nikkei 225,^N225,28432.640625,-0.7283656079192014,1.1605432023510156
2021-12-15,Nikkei 225,^N225,28459.720703125,0.09519759608487277,1.126974022048187
2021-12-16,Nikkei 225,^N225,29066.3203125,2.1090347371833573,1.0570453895598333
2021-12-17,Nikkei 225,^N225,28545.6796875,-1.8074526100972932,1.2896772691946257
2021-12-20,Nikkei 225,^N225,27937.810546875,-2.1524612136678556,1.3984716131538875
2021-12-21,Nikkei 225,^N225,28517.58984375,2.054009630890974,1.5484825504319943
2021-12-22,Nikkei 225,^N225,28562.2109375,0.15634638603732043,1.6144067583194532
2021-12-23,Nikkei 225,^N225,28798.369140625,0.8234210223793781,1.4626692763240434
2021-12-24,Nikkei 225,^N225,28782.58984375,-0.05480734447065316,1.3691840144069882
2021-12-27,Nikkei 225,^N225,28676.4609375,-0.36940751890224277,1.2571685793398126
2021-12-28,Nikkei 225,^N225,29069.16015625,1.360121391640412,1.175347973694547
2021-12-29,Nikkei 225,^N225,28906.880859375,-0.559816496069665,1.2126817899976077
2021-12-30,Nikkei 225,^N225,28791.7109375,-0.3992127753704722,1.152422829669541
2022-01-04,Nikkei 225,^N225,29301.7890625,1.756104326733876,1.0921101952006007
2022-01-05,Nikkei 225,^N225,29332.16015625,0.10359560244843635,1.2300970342458841
2022-01-06,Nikkei 225,^N225,28487.869140625,-2.92061778631858,1.1415460627762746
2022-01-07,Nikkei 225,^N225,28478.560546875,-0.03268098030346778,1.5874119722833193
2022-01-11,Nikkei 225,^N225,28222.48046875,-0.9032702562802086,1.4396633157350232
2022-01-12,Nikkei 225,^N225,28765.66015625,1.9063479926556326,1.368085388163345
2022-01-13,Nikkei 225,^N225,28489.130859375,-0.9659678856499099,1.4544292191114392
2022-01-14,Nikkei 225,^N225,28124.279296875,-1.2889405981770352,1.3869264709806375
2022-01-17,Nikkei 225,^N225,28333.51953125,0.7412304295531413,1.376875643665969
2022-01-18,Nikkei 225,^N225,28257.25,-0.26954776568821615,1.292194766772755
2022-01-19,Nikkei 225,^N225,27467.23046875,-2.8356387023382723,1.1992276256220846
2022-01-20,Nikkei 225,^N225,27772.9296875,1.106811923215112,1.5953954313598324
2022-01-21,Nikkei 225,^N225,27522.259765625,-0.9066670773178132,1.5052507103949802
2022-01-24,Nikkei 225,^N225,27588.369140625,0.23991526869551194,1.4213350458148943
2022-01-25,Nikkei 225,^N225,27131.33984375,-1.6704764448194354,1.3021641283929555
2022-01-26,Nikkei 225,^N225,27011.330078125,-0.4433101002884854,1.3798277081946226
2022-01-27,Nikkei 225,^N225,26170.30078125,-3.1631200669648862,1.280235501655922
2022-01-28,Nikkei 225,^N225,26717.33984375,2.068757712973479,1.735105297161433
2022-01-31,Nikkei 225,^N225,27001.98046875,1.0597427042283059,1.756023617950574
2022-02-01,Nikkei 225,^N225,27078.48046875,0.282911978555056,1.631483139696561
2022-02-02,Nikkei 225,^N225,27533.599609375,1.666772906044045,1.4793518236832695
2022-02-03,Nikkei 225,^N225,27241.310546875,-1.067247161196505,1.4924125490670634
2022-02-04,Nikkei 225,^N225,27439.990234375,0.7266855724729737,1.4292567226692807
2022-02-07,Nikkei 225,^N225,27248.869140625,-0.6989426145976196,1.333762109873795
2022-02-08,Nikkei 225,^N225,27284.51953125,0.13074703982969282,1.262164099367505
2022-02-09,Nikkei 225,^N225,27579.869140625,1.0766636414174968,1.1682235187082508
2022-02-10,Nikkei 225,^N225,27696.080078125,0.4204762120240346,1.1637383665546397
2022-02-14,Nikkei 225,^N225,27079.58984375,-2.251058791976668,1.096762144072871
2022-02-15,Nikkei 225,^N225,26865.189453125,-0.794892563592775,1.3755482351243118
2022-02-16,Nikkei 225,^N225,27460.400390625,2.1913604902611183,1.3051387936759073
2022-02-17,Nikkei 225,^N225,27232.869140625,-0.832031306846126,1.471365791013123
2022-02-18,Nikkei 225,^N225,27122.0703125,-0.4076868917675114,1.3862690010753114
2022-02-21,Nikkei 225,^N225,26910.869140625,-0.7817536844072492,1.2834835341795519
2022-02-22,Nikkei 225,^N225,26449.609375,-1.7288872506689756,1.2300303764386824
2022-02-24,Nikkei 225,^N225,25970.8203125,-1.8267777661227669,1.3402714862473029
2022-02-25,Nikkei 225,^N225,26476.5,1.9283935003281627,1.4382693033181224
2022-02-28,Nikkei 225,^N225,26526.8203125,0.1898761335011656,1.5095254927853818
2022-03-01,Nikkei 225,^N225,26844.720703125,1.1912871323403351,1.3749382773183318
2022-03-02,Nikkei 225,^N225,26393.029296875,-1.6969246262657833,1.3396512220784478
2022-03-03,Nikkei 225,^N225,26577.26953125,0.6956388067262509,1.4120489687705409
2022-03-04,Nikkei 225,^N225,25985.470703125,-2.251875885601251,1.3172531412005724
2022-03-07,Nikkei 225,^N225,25221.41015625,-2.9844319534683805,1.5163296410793066
2022-03-08,Nikkei 225,^N225,24790.94921875,-1.7214607475319,1.8277146233750332
2022-03-09,Nikkei 225,^N225,24717.529296875,-0.29659556463279557,1.7855158278563161
2022-03-10,Nikkei 225,^N225,25690.400390625,3.8604716409492923,1.6126369336940294
2022-03-11,Nikkei 225,^N225,25162.779296875,-2.0751505835390205,2.098225519092125
2022-03-14,Nikkei 225,^N225,25307.849609375,0.5748718221441962,2.0528983426661713
2022-03-15,Nikkei 225,^N225,25346.48046875,0.15252740211888494,1.8463517327423473
2022-03-16,Nikkei 225,^N225,25762.009765625,1.6261034171026978,1.6590252896998512
2022-03-17,Nikkei 225,^N225,26652.890625,3.39966939139682,1.6240936311779262
2022-03-18,Nikkei 225,^N225,26827.4296875,0.6527248945621622,1.9787178164069794
2022-03-22,Nikkei 225,^N225,27224.109375,1.4678094880970605,1.7872689596139375
2022-03-23,Nikkei 225,^N225,28040.16015625,2.953481907126587,1.7032803798568654
2022-03-24,Nikkei 225,^N225,28110.390625,0.2501507265566971,1.9184856742510599
2022-03-25,Nikkei 225,^N225,28149.83984375,0.14023840601673498,1.7217524354030507
2022-03-28,Nikkei 225,^N225,27943.890625,-0.7343071763589393,1.5531992788485052
2022-03-29,Nikkei 225,^N225,28252.419921875,1.0980521456373182,1.4440833121852592
2022-03-30,Nikkei 225,^N225,28027.25,-0.8001863680156873,1.3826161533796633
2022-03-31,Nikkei 225,^N225,27821.4296875,-0.7370675383853609,1.3113645201948196
2022-04-01,Nikkei 225,^N225,27665.98046875,-0.5603059324508664,1.2477760014568424
2022-04-04,Nikkei 225,^N225,27736.470703125,0.25446625887894925,1.1807294917632982
2022-04-05,Nikkei 225,^N225,27787.98046875,0.18553908886840276,1.103790071540186
2022-04-06,Nikkei 225,^N225,27350.30078125,-1.5876043670234097,1.0394333877472492
2022-04-07,Nikkei 225,^N225,26888.5703125,-1.7026225425759378,1.179234029444069
2022-04-08,Nikkei 225,^N225,26985.80078125,0.36095298132163833,1.299374301849642
2022-04-11,Nikkei 225,^N225,26821.51953125,-0.6106297786500292,1.204865682921957
2022-04-12,Nikkei 225,^N225,26334.98046875,-1.8306421605785772,1.150528255050289
2022-04-13,Nikkei 225,^N225,26843.490234375,1.9125230898787038,1.3076369758868247
2022-04-14,Nikkei 225,^N225,27172.0,1.216368914128907,1.4125925050172616
2022-04-15,Nikkei 225,^N225,27093.189453125,-0.29046467202782367,1.3725460040467132
2022-04-18,Nikkei 225,^N225,26799.7109375,-1.0891283064312418,1.2664255955712345
2022-04-19,Nikkei 225,^N225,26985.08984375,0.689338391656058,1.2547088457134363
2022-04-20,Nikkei 225,^N225,27217.849609375,0.8588508251262894,1.1888721336530812
2022-04-21,Nikkei 225,^N225,27553.060546875,1.2240626347200134,1.1527972125058956
2022-04-22,Nikkei 225,^N225,27105.259765625,-1.6385823713898517,1.1737365648374531
2022-04-25,Nikkei 225,^N225,26590.779296875,-1.9163283627124272,1.2822198125752997
2022-04-26,Nikkei 225,^N225,26700.109375,0.4103149121295502,1.4163597682030395
2022-04-27,Nikkei 225,^N225,26386.630859375,-1.1810186796596511,1.3036663011447966
2022-04-28,Nikkei 225,^N225,26847.900390625,1.7330145112021356,1.296684841736504
2022-05-02,Nikkei 225,^N225,26818.529296875,-0.10945798650485727,1.3689981832769047
2022-05-06,Nikkei 225,^N225,27003.560546875,0.6875689126312423,1.2579045297653169
2022-05-09,Nikkei 225,^N225,26319.33984375,-2.5664705198281013,1.1913002285046963
2022-05-10,Nikkei 225,^N225,26167.099609375,-0.5801142653581337,1.5164245731207546
2022-05-11,Nikkei 225,^N225,26213.640625,0.17770282613085442,1.4018328141117267
2022-05-12,Nikkei 225,^N225,25748.720703125,-1.7894965382351913,1.2847076608604293
2022-05-13,Nikkei 225,^N225,26427.650390625,2.6025880887729613,1.3912537124308955
2022-05-16,Nikkei 225,^N225,26547.05078125,0.45078345011493326,1.6260150300673604
2022-05-17,Nikkei 225,^N225,26659.75,0.423627752983613,1.4803869424212495
2022-05-18,Nikkei 225,^N225,26911.19921875,0.9387590439720483,1.3574735941241929
2022-05-19,Nikkei 225,^N225,26402.83984375,-1.9070953595912599,1.295399468955004
2022-05-20,Nikkei 225,^N225,26739.029296875,1.2652695270855219,1.423504884181591
2022-05-23,Nikkei 225,^N225,27001.51953125,0.9768873878993389,1.3877060987665755
2022-05-24,Nikkei 225,^N225,26748.140625,-0.9428181775581024,1.3237349725342047
2022-05-25,Nikkei 225,^N225,26677.80078125,-0.2633173418788104,1.280229380686281
2022-05-26,Nikkei 225,^N225,26604.83984375,-0.273863991144907,1.1891272784918052
2022-05-27,Nikkei 225,^N225,26781.6796875,0.6624911759971042,1.115010279557531
2022-05-30,Nikkei 225,^N225,27369.4296875,2.1708625686219563,1.074854751764273
2022-05-31,Nikkei 225,^N225,27279.80078125,-0.3280155487793479,1.3163038232627267
2022-06-01,Nikkei 225,^N225,27457.890625,0.6507050902586187,1.22169278773462
2022-06-02,Nikkei 225,^N225,27413.880859375,-0.16040952887550475,1.159083396871947
2022-06-03,Nikkei 225,^N225,27761.5703125,1.2603215669571455,1.0862453908427179
2022-06-06,Nikkei 225,^N225,27915.890625,0.5543381651321511,1.130204146326207
2022-06-07,Nikkei 225,^N225,27943.94921875,0.10046071090883402,1.0781774497524963
2022-06-08,Nikkei 225,^N225,28234.2890625,1.033647325674636,1.0174672917546124
2022-06-09,Nikkei 225,^N225,28246.529296875,0.04334297881012361,1.0435973143990083
2022-06-10,Nikkei 225,^N225,27824.2890625,-1.5061246776426174,0.9893393035106836
2022-06-13,Nikkei 225,^N225,26987.439453125,-3.053779419783531,1.1279825636585308
2022-06-14,Nikkei 225,^N225,26629.859375,-1.3338433209455047,1.6194697789269612
2022-06-15,Nikkei 225,^N225,26326.16015625,-1.1469991551654957,1.5648777799349305
2022-06-16,Nikkei 225,^N225,26431.19921875,0.39819734170531973,1.4969286329026854
2022-06-17,Nikkei 225,^N225,25963.0,-1.7872653416068474,1.370209974668099
2022-06-20,Nikkei 225,^N225,25771.220703125,-0.7414054865350295,1.451786833379511
2022-06-21,Nikkei 225,^N225,26246.310546875,1.8267035866816883,1.3617509116779178
2022-06-22,Nikkei 225,^N225,26149.55078125,-0.3693416738139277,1.434201003720255
2022-06-23,Nikkei 225,^N225,26171.25,0.08294681912399682,1.3211146538001328
2022-06-24,Nikkei 225,^N225,26491.970703125,1.2180214728484628,1.2166328129742559
2022-06-27,Nikkei 225,^N225,26871.26953125,1.421597392773144,1.2210528296001713
2022-06-28,Nikkei 225,^N225,27049.470703125,0.6609769075371474,1.2569898888631421
2022-06-29,Nikkei 225,^N225,26804.599609375,-0.9093937742891356,1.1883791016931666
2022-06-30,Nikkei 225,^N225,26393.0390625,-1.547319649630019,1.1700842116254935
2022-07-01,Nikkei 225,^N225,25935.619140625,-1.7483023208399118,1.2612421175143762
2022-07-04,Nikkei 225,^N225,26153.810546875,0.8377618403397236,1.366221101202713
2022-07-05,Nikkei 225,^N225,26423.470703125,1.0257758269007766,1.292198219189865
2022-07-06,Nikkei 225,^N225,26107.650390625,-1.2024267181146797,1.2535266306321233
2022-07-07,Nikkei 225,^N225,26490.529296875,1.455889429875512,1.2616501285826967
2022-07-08,Nikkei 225,^N225,26517.189453125,0.10058972212600992,1.2930176069381938
2022-07-11,Nikkei 225,^N225,26812.30078125,1.106758527809859,1.193453758235656
2022-07-12,Nikkei 225,^N225,26336.66015625,-1.7898875723922458,1.1872661509942204
2022-07-13,Nikkei 225,^N225,26478.76953125,0.5381371269265856,1.3235701750373745
2022-07-14,Nikkei 225,^N225,26643.390625,0.6197851150488987,1.2338334595716007
2022-07-15,Nikkei 225,^N225,26788.470703125,0.5430484024131488,1.1664394517988341
2022-07-19,Nikkei 225,^N225,26961.6796875,0.644498974150487,1.1064653393399
2022-07-20,Nikkei 225,^N225,27680.259765625,2.6302928249540614,1.0664973539298448
2022-07-21,Nikkei 225,^N225,27803.0,0.44244132416828563,1.4340579320162747
2022-07-22,Nikkei 225,^N225,27914.66015625,0.40080759105389774,1.3197968431288567
2022-07-25,Nikkei 225,^N225,27699.25,-0.7746667439471722,1.2233919727789204
2022-07-26,Nikkei 225,^N225,27655.2109375,-0.15911661335223926,1.1815607949637907
2022-07-27,Nikkei 225,^N225,27715.75,0.21866727828978583,1.1045489173250695
2022-07-28,Nikkei 225,^N225,27815.48046875,0.3591873442433169,1.0408102410796796
2022-07-29,Nikkei 225,^N225,27801.640625,-0.04976828632443642,0.9946742206229253
2022-08-01,Nikkei 225,^N225,27993.349609375,0.6871933770378646,0.950867658780435
2022-08-02,Nikkei 225,^N225,27594.73046875,-1.434213856409805,0.9492872137334005
2022-08-03,Nikkei 225,^N225,27741.900390625,0.5319090323201436,1.0857755866370689
2022-08-04,Nikkei 225,^N225,27932.19921875,0.6836197462446236,1.0410610937346612
2022-08-05,Nikkei 225,^N225,28175.869140625,0.868579015209825,1.0186536794154364
2022-08-08,Nikkei 225,^N225,28249.240234375,0.2600655485329284,1.0219681151555617
2022-08-09,Nikkei 225,^N225,27999.9609375,-0.8863447787437195,0.9755105918593089
2022-08-10,Nikkei 225,^N225,27819.330078125,-0.6472009464602024,1.0052181861535938
2022-08-12,Nikkei 225,^N225,28546.98046875,2.5820061972448016,0.9972228894586267
2022-08-15,Nikkei 225,^N225,28871.779296875,1.1313455526009264,1.3815764301831144
2022-08-16,Nikkei 225,^N225,28868.91015625,-0.009938019980459956,1.3370905553280574
2022-08-17,Nikkei 225,^N225,29222.76953125,1.218294095343353,1.2300384632815318
2022-08-18,Nikkei 225,^N225,28942.140625,-0.9649497712791444,1.2313086256091568
2022-08-19,Nikkei 225,^N225,28930.330078125,-0.0408157692092459,1.21060029702362
2022-08-22,Nikkei 225,^N225,28794.5,-0.4706131785384926,1.1258679694613376
2022-08-23,Nikkei 225,^N225,28452.75,-1.1939579972739978,1.0757750305042837
2022-08-24,Nikkei 225,^N225,28313.470703125,-0.4907128733808719,1.1279310381023302
2022-08-25,Nikkei 225,^N225,28479.009765625,0.5829628498275952,1.078966922457572
2022-08-26,Nikkei 225,^N225,28641.380859375,0.5685238819934213,1.03954803056158
2022-08-29,Nikkei 225,^N225,27878.9609375,-2.698023919572279,1.0072245550871106
2022-08-30,Nikkei 225,^N225,28195.580078125,1.129291474352101,1.4493614746478083
2022-08-31,Nikkei 225,^N225,28091.529296875,-0.3697148456442534,1.3905692062691752
2022-09-01,Nikkei 225,^N225,27661.470703125,-1.5427586805573767,1.2850125196581461
2022-09-02,Nikkei 225,^N225,27650.83984375,-0.0384393976702313,1.3431187649992267
2022-09-05,Nikkei 225,^N225,27619.609375,-0.11300965530480767,1.2353084317730583
2022-09-06,Nikkei 225,^N225,27626.509765625,0.024980544401032034,1.1474221365263568
2022-09-07,Nikkei 225,^N225,27430.30078125,-0.7127540192513493,1.0736030991109449
2022-09-08,Nikkei 225,^N225,28065.279296875,2.2884929829325884,1.057337595415115
2022-09-09,Nikkei 225,^N225,28214.75,0.5311690715995354,1.3357652857601743
2022-09-12,Nikkei 225,^N225,28542.109375,1.153562789621887,1.2434057407207462
2022-09-13,Nikkei 225,^N225,28614.630859375,0.25376367859699656,1.2322263241685403
2022-09-14,Nikkei 225,^N225,27818.619140625,-2.8212605756998244,1.1459556304418517
2022-09-15,Nikkei 225,^N225,27875.91015625,0.20573308206675023,1.561070085303395
2022-09-16,Nikkei 225,^N225,27567.650390625,-1.1119882597142805,1.4184771748244696
2022-09-20,Nikkei 225,^N225,27688.419921875,0.4371274427324323,1.3763402595236107
2022-09-21,Nikkei 225,^N225,27313.130859375,-1.3646702007566347,1.2717400469895197
2022-09-22,Nikkei 225,^N225,27153.830078125,-0.584946296728539,1.3017056049036533
2022-09-26,Nikkei 225,^N225,26431.55078125,-2.6959705515139376,1.226344856735905
2022-09-27,Nikkei 225,^N225,26571.869140625,0.5294703148868152,1.572480789335552
2022-09-28,Nikkei 225,^N225,26173.98046875,-1.5087299656647346,1.4393082071410845
2022-09-29,Nikkei 225,^N225,26422.05078125,0.9433112959962742,1.451992029073338
2022-09-30,Nikkei 225,^N225,25937.2109375,-1.8520265034402073,1.371913619560419
2022-10-03,Nikkei 225,^N225,26215.7890625,1.0683211877694276,1.465968011930422
2022-10-04,Nikkei 225,^N225,26992.2109375,2.9186475360381436,1.3966614454421378
2022-10-05,Nikkei 225,^N225,27120.529296875,0.47426391395894996,1.709735407828926
2022-10-06,Nikkei 225,^N225,27311.30078125,0.7009584841032535,1.5517343367929213
2022-10-07,Nikkei 225,^N225,27116.109375,-0.7172571412214168,1.432632911511611
2022-10-11,Nikkei 225,^N225,26401.25,-2.6716635640770647,1.3439850838980028
2022-10-12,Nikkei 225,^N225,26396.830078125,-0.01674273715561725,1.6379527230832054
2022-10-13,Nikkei 225,^N225,26237.419921875,-0.6057297051158983,1.4821499821070978
2022-10-14,Nikkei 225,^N225,27090.759765625,3.20060685912118,1.375418301110288
2022-10-17,Nikkei 225,^N225,26775.7890625,-1.1694615663753183,1.7729706577048656
2022-10-18,Nikkei 225,^N225,27156.140625,1.4105108818645462,1.667265701280712
2022-10-19,Nikkei 225,^N225,27257.380859375,0.3721146819223975,1.599890666765206
2022-10-20,Nikkei 225,^N225,27006.9609375,-0.9229696382430319,1.4554280578167091
2022-10-21,Nikkei 225,^N225,26890.580078125,-0.43186029663093706,1.3829094116968463
2022-10-24,Nikkei 225,^N225,26974.900390625,0.3130776172056926,1.282093972423542
2022-10-25,Nikkei 225,^N225,27250.279296875,1.0156952001189268,1.1888325196196903
2022-10-26,Nikkei 225,^N225,27431.83984375,0.6640606360081236,1.17149265373816
2022-10-27,Nikkei 225,^N225,27345.240234375,-0.31618947705993605,1.1199346930879013
2022-10-28,Nikkei 225,^N225,27105.19921875,-0.8816919498205067,1.0610225209604198
2022-10-31,Nikkei 225,^N225,27587.4609375,1.7635793057989346,1.0686990518618038
2022-11-01,Nikkei 225,^N225,27678.919921875,0.3309754192086345,1.2159345420615373
2022-11-02,Nikkei 225,^N225,27663.390625,-0.05612088519306724,1.1351744310493026
2022-11-04,Nikkei 225,^N225,27199.740234375,-1.6902477923210313,1.0643815060661832
2022-11-07,Nikkei 225,^N225,27527.640625,1.1983190470850502,1.2185282332313632
2022-11-08,Nikkei 225,^N225,27872.109375,1.243591133114741,1.2195737984496138
2022-11-09,Nikkei 225,^N225,27716.4296875,-0.5601157977400462,1.227144278300651
2022-11-10,Nikkei 225,^N225,27446.099609375,-0.9801299747598691,1.1640816043140678
2022-11-11,Nikkei 225,^N225,28263.5703125,2.9349640171799862,1.1607769183325187
2022-11-14,Nikkei 225,^N225,27963.470703125,-1.0674666623296858,1.5738830929162624
2022-11-15,Nikkei 225,^N225,27990.169921875,0.09543336404256308,1.494541057487699
2022-11-16,Nikkei 225,^N225,28028.30078125,0.13613675912758083,1.3613640261994238
2022-11-17,Nikkei 225,^N225,27930.5703125,-0.3492942806184729,1.250465746555071
2022-11-18,Nikkei 225,^N225,27899.76953125,-0.11033708360361771,1.1687766324500655
2022-11-21,Nikkei 225,^N225,27944.7890625,0.16123161194663282,1.0928304723692606
2022-11-22,Nikkei 225,^N225,28115.740234375,0.6098825819371712,1.030092305906162
2022-11-24,Nikkei 225,^N225,28383.08984375,0.9463969589150523,1.0032616690517633
2022-11-25,Nikkei 225,^N225,28283.029296875,-0.35315865067016006,1.0205488584921627
2022-11-28,Nikkei 225,^N225,28162.830078125,-0.42589271123372185,0.983727208413434
2022-11-29,Nikkei 225,^N225,28027.83984375,-0.4804729833436383,0.9598529375965389
2022-11-30,Nikkei 225,^N225,27968.990234375,-0.21018915163271146,0.9457489748775219
2022-12-01,Nikkei 225,^N225,28226.080078125,0.9149971198194606,0.916848743433607
2022-12-02,Nikkei 225,^N225,27777.900390625,-1.600562144312434,0.9519153547285667
2022-12-05,Nikkei 225,^N225,27820.400390625,0.1528823999322526,1.124337272969426
2022-12-06,Nikkei 225,^N225,27885.869140625,0.23504995287950692,1.0555391006881396
2022-12-07,Nikkei 225,^N225,27686.400390625,-0.7178746101496714,1.0016677638895888
2022-12-08,Nikkei 225,^N225,27574.4296875,-0.4052449310000483,1.0025790194037019
2022-12-09,Nikkei 225,^N225,27901.009765625,1.1773997793296687,0.973098448085999
2022-12-12,Nikkei 225,^N225,27842.330078125,-0.2105353189792325,1.033967134215572
2022-12-13,Nikkei 225,^N225,27954.849609375,0.40331674254687755,0.9869302073063685
2022-12-14,Nikkei 225,^N225,28156.2109375,0.7177272735878759,0.9542068461804757
2022-12-15,Nikkei 225,^N225,28051.69921875,-0.37187591177811896,0.9551116703659074
2022-12-16,Nikkei 225,^N225,27527.119140625,-1.8877539028801849,0.9334791475090151
2022-12-19,Nikkei 225,^N225,27237.640625,-1.0571806137493311,1.1825743022967496
2022-12-20,Nikkei 225,^N225,26568.029296875,-2.4891276389492845,1.185854159889962
2022-12-21,Nikkei 225,^N225,26387.720703125,-0.680980972017764,1.4924440070763128
2022-12-22,Nikkei 225,^N225,26507.869140625,0.45428605479571615,1.3897630137865074
2022-12-23,Nikkei 225,^N225,26235.25,-1.0337711266382499,1.2836694815769487
2022-12-26,Nikkei 225,^N225,26405.869140625,0.648237502842619,1.2604263111444074
2022-12-27,Nikkei 225,^N225,26447.869140625,0.15892918914062193,1.1901436977876896
2022-12-28,Nikkei 225,^N225,26340.5,-0.40679145968809394,1.1093665100283896
2022-12-29,Nikkei 225,^N225,26093.669921875,-0.9414925486892045,1.0580146250138645
2022-12-30,Nikkei 225,^N225,26094.5,0.0031810968897261205,1.0748009623561767
2023-01-04,Nikkei 225,^N225,25716.859375,-1.4577780520939498,1.0146934319424372
2023-01-05,Nikkei 225,^N225,25820.80078125,0.4033615296563653,1.1349129882681313
2023-01-06,Nikkei 225,^N225,25973.849609375,0.5909848697617903,1.0725387000233395
2023-01-10,Nikkei 225,^N225,26175.560546875,0.7735924254403059,1.0351062763984897
2023-01-11,Nikkei 225,^N225,26446.0,1.0278746253945314,1.0233841558610983
2023-01-12,Nikkei 225,^N225,26449.8203125,0.014444666834023678,1.0471617531975506
2023-01-13,Nikkei 225,^N225,26119.51953125,-1.2566455232761342,0.9923034230821047
2023-01-16,Nikkei 225,^N225,25822.3203125,-1.1443663259038672,1.0795085319365783
2023-01-17,Nikkei 225,^N225,26138.6796875,1.2176951332296682,1.1222744562806983
2023-01-18,Nikkei 225,^N225,26791.119140625,2.465425960658507,1.14990799595738
2023-01-19,Nikkei 225,^N225,26405.23046875,-1.450834290542602,1.438406161224353
2023-01-20,Nikkei 225,^N225,26553.529296875,0.5600554711332251,1.4417506049360285
2023-01-23,Nikkei 225,^N225,26906.0390625,1.3188092820058728,1.3324328731006623
2023-01-24,Nikkei 225,^N225,27299.189453125,1.45062495124062,1.324696311796174
2023-01-25,Nikkei 225,^N225,27395.009765625,0.35038600766128525,1.3394499240152502
2023-01-26,Nikkei 225,^N225,27362.75,-0.1178272065743613,1.2375219201764405
2023-01-27,Nikkei 225,^N225,27382.560546875,0.07237349662219117,1.1493501155700032
2023-01-30,Nikkei 225,^N225,27433.400390625,0.18549290191334222,1.0751745938593964
2023-01-31,Nikkei 225,^N225,27327.109375,-0.38820365100900034,1.0162660042961518
2023-02-01,Nikkei 225,^N225,27346.880859375,0.07232501287042226,0.9826759156752678
2023-02-02,Nikkei 225,^N225,27402.05078125,0.20153796209587682,0.9405256517872539
2023-02-03,Nikkei 225,^N225,27509.4609375,0.39121229730536555,0.9089676910406661
2023-02-06,Nikkei 225,^N225,27693.650390625,0.6673179544042895,0.892356698656505
2023-02-07,Nikkei 225,^N225,27685.470703125,-0.029540691141072273,0.9027029459609779
2023-02-08,Nikkei 225,^N225,27606.4609375,-0.2857914963641406,0.8776709262043357
2023-02-09,Nikkei 225,^N225,27584.349609375,-0.08012685115108553,0.8676496224899647
2023-02-10,Nikkei 225,^N225,27670.98046875,0.31356587766140365,0.8512051752310258
2023-02-13,Nikkei 225,^N225,27427.3203125,-0.8844619206005433,0.843378099139783
2023-02-14,Nikkei 225,^N225,27602.76953125,0.6376504698627272,0.9090389092248936
2023-02-15,Nikkei 225,^N225,27501.859375,-0.3662497000801679,0.912267409735219
2023-02-16,Nikkei 225,^N225,27696.439453125,0.7050249309804357,0.8997450567673732
2023-02-17,Nikkei 225,^N225,27513.130859375,-0.6640488825082613,0.9124096756380252
2023-02-20,Nikkei 225,^N225,27531.939453125,0.06833888802475485,0.928564106494837
2023-02-21,Nikkei 225,^N225,27473.099609375,-0.21394354843202734,0.8975363525589932
2023-02-22,Nikkei 225,^N225,27104.3203125,-1.3514193598920698,0.8792276020688662
2023-02-24,Nikkei 225,^N225,27453.48046875,1.2799816645850726,1.0216497274576948
2023-02-27,Nikkei 225,^N225,27423.9609375,-0.10758349274588852,1.0866761858724645
2023-02-28,Nikkei 225,^N225,27445.560546875,0.07873081414384586,1.0260169754968047
2023-03-01,Nikkei 225,^N225,27516.529296875,0.2582463281266101,0.9752616178845
2023-03-02,Nikkei 225,^N225,27498.869140625,-0.06420077781204014,0.9382182442500467
2023-03-03,Nikkei 225,^N225,27927.470703125,1.5465935761209693,0.9062457184722164
2023-03-06,Nikkei 225,^N225,28237.779296875,1.1049955307690595,1.0604582386806465
2023-03-07,Nikkei 225,^N225,28309.16015625,0.25246599720496476,1.0863095305987387
2023-03-08,Nikkei 225,^N225,28444.189453125,0.47584698557425753,1.0270029787482091
2023-03-09,Nikkei 225,^N225,28623.150390625,0.627194204749415,0.990454686697536
2023-03-10,Nikkei 225,^N225,28143.970703125,-1.6882697580859585,0.9738805939769035
2023-03-13,Nikkei 225,^N225,27832.9609375,-1.1112183423046318,1.1588126351210732
2023-03-14,Nikkei 225,^N225,27222.0390625,-2.2194058738628897,1.1759631077453945
2023-03-15,Nikkei 225,^N225,27229.48046875,0.027332226392751124,1.4166951277891933
2023-03-16,Nikkei 225,^N225,27010.609375,-0.8070498494960887,1.2961310897173288
2023-03-17,Nikkei 225,^N225,27333.7890625,1.189390283692937,1.242803065822237
2023-03-20,Nikkei 225,^N225,26945.669921875,-1.4301017831783724,1.2368513420747482
2023-03-22,Nikkei 225,^N225,27466.609375,1.9148448739832347,1.287306849213301
2023-03-23,Nikkei 225,^N225,27419.609375,-0.17126343391282717,1.3987410861992051
2023-03-24,Nikkei 225,^N225,27385.25,-0.12538807650823713,1.2840777589895884
2023-03-27,Nikkei 225,^N225,27476.869140625,0.333998129242552,1.1878858147832199
2023-03-28,Nikkei 225,^N225,27518.25,0.15048923552214433,1.1123810455313303
2023-03-29,Nikkei 225,^N225,27883.779296875,1.3195711620534567,1.0457822590344914
2023-03-30,Nikkei 225,^N225,27782.9296875,-0.3623340468637437,1.1110544434026692
2023-03-31,Nikkei 225,^N225,28041.48046875,0.9263067151335846,1.056520231538812
2023-04-03,Nikkei 225,^N225,28188.150390625,0.5216831491598128,1.0581766572548825
2023-04-04,Nikkei 225,^N225,28287.419921875,0.3515489367783786,1.0183754039581898
2023-04-05,Nikkei 225,^N225,27813.259765625,-1.6904303120467645,0.9764021248059341
2023-04-06,Nikkei 225,^N225,27472.630859375,-1.2322609355463143,1.160937633007934
2023-04-07,Nikkei 225,^N225,27518.310546875,0.16613535552778558,1.1970046333863265
2023-04-10,Nikkei 225,^N225,27633.66015625,0.418297936036538,1.115104836702713
2023-04-11,Nikkei 225,^N225,27923.369140625,1.0429341310553397,1.0573490280551041
2023-04-12,Nikkei 225,^N225,28082.69921875,0.5689758721851845,1.0747865870268403
2023-04-13,Nikkei 225,^N225,28156.970703125,0.2641250478744084,1.0351235937882153
2023-04-14,Nikkei 225,^N225,28493.470703125,1.188001185124854,0.9861848358889259
2023-04-17,Nikkei 225,^N225,28514.779296875,0.07475617912273691,1.0451919146878337
2023-04-18,Nikkei 225,^N225,28658.830078125,0.50390761625696,0.9906737676325149
2023-04-19,Nikkei 225,^N225,28606.759765625,-0.18185555057552705,0.9637841311714548
2023-04-20,Nikkei 225,^N225,28657.5703125,0.17745972105149832,0.9299171398316565
2023-04-21,Nikkei 225,^N225,28564.369140625,-0.3257535664921818,0.9000056926647864
2023-04-24,Nikkei 225,^N225,28593.51953125,0.10199954487344343,0.8874518421255028
2023-04-25,Nikkei 225,^N225,28620.0703125,0.09281285522710903,0.8654059094001276
2023-04-26,Nikkei 225,^N225,28416.470703125,-0.7139299492267881,0.8480999770531655
2023-04-27,Nikkei 225,^N225,28457.6796875,0.14491290438094495,0.8872764063765539
2023-04-28,Nikkei 225,^N225,28856.439453125,1.391511222421471,0.8658448781071777
2023-05-01,Nikkei 225,^N225,29123.1796875,0.9201237270609397,1.0005436260907652
2023-05-02,Nikkei 225,^N225,29157.94921875,0.11931661595259158,1.0149394136640255
2023-05-08,Nikkei 225,^N225,28949.880859375,-0.7161487474567352,0.9666958863500759
2023-05-09,Nikkei 225,^N225,29242.8203125,1.0067995528450169,0.9757946131132454
2023-05-10,Nikkei 225,^N225,29122.1796875,-0.41340117129404774,1.0087151089740645
2023-05-11,Nikkei 225,^N225,29126.720703125,0.015591764320888046,0.978526824942565
2023-05-12,Nikkei 225,^N225,29388.30078125,0.8940672461564603,0.9372638256441687
2023-05-15,Nikkei 225,^N225,29626.33984375,0.8067162687943608,0.96408462666004
2023-05-16,Nikkei 225,^N225,29842.990234375,0.7286154015913482,0.9729023770744378
2023-05-17,Nikkei 225,^N225,30093.58984375,0.8362207831783763,0.9705921873346377
2023-05-18,Nikkei 225,^N225,30573.9296875,1.5835487754504385,0.981465885141587
2023-05-19,Nikkei 225,^N225,30808.349609375,0.7638069626374033,1.1182698220343394
2023-05-22,Nikkei 225,^N225,31086.8203125,0.8998200744894547,1.087149594040283
2023-05-23,Nikkei 225,^N225,30957.76953125,-0.41599426373259973,1.078302851289294
2023-05-24,Nikkei 225,^N225,30682.6796875,-0.8925686738269434,1.0338349286006647
2023-05-25,Nikkei 225,^N225,30801.130859375,0.38530896952604365,1.0496659332842095
2023-05-26,Nikkei 225,^N225,30916.310546875,0.37324885346539105,1.0030723287268903
2023-05-29,Nikkei 225,^N225,31233.5390625,1.0208593347257988,0.965328224851727
2023-05-30,Nikkei 225,^N225,31328.16015625,0.30248911739914064,1.00310857643774
2023-05-31,Nikkei 225,^N225,30887.880859375,-1.415347680197776,0.9620440997563036
2023-06-01,Nikkei 225,^N225,31148.009765625,0.8386449465126233,1.0903414480637779
2023-06-02,Nikkei 225,^N225,31524.220703125,1.2005810343094225,1.0734846661450637
2023-06-05,Nikkei 225,^N225,32217.4296875,2.1751439164994224,1.1109731754512533
2023-06-06,Nikkei 225,^N225,32506.779296875,0.8941060586920457,1.3400731586638512
2023-06-07,Nikkei 225,^N225,31913.740234375,-1.8412015928754855,1.2767569677686714
2023-06-08,Nikkei 225,^N225,31641.26953125,-0.8574379060419801,1.3964775226183839
2023-06-09,Nikkei 225,^N225,32265.169921875,1.95260514759088,1.328458186261003
2023-06-12,Nikkei 225,^N225,32434.0,0.5218937477408758,1.4355924377313716
2023-06-13,Nikkei 225,^N225,33018.6484375,1.7865250724732107,1.3251334318259465
2023-06-14,Nikkei 225,^N225,33502.421875,1.454522497208366,1.3999014850069065
2023-06-15,Nikkei 225,^N225,33485.48828125,-0.05055716493078677,1.3972602973040382
2023-06-16,Nikkei 225,^N225,33706.078125,0.6566021543038758,1.2804927068700063
2023-06-19,Nikkei 225,^N225,33370.421875,-1.0008245860937848,1.2070466872438623
2023-06-20,Nikkei 225,^N225,33388.91015625,0.05538785712833061,1.196634675520667
2023-06-21,Nikkei 225,^N225,33575.140625,0.5562117186668658,1.113843216770644
2023-06-22,Nikkei 225,^N225,33264.87890625,-0.9283777872582277,1.065232856143278
2023-06-23,Nikkei 225,^N225,32781.5390625,-1.463662943263877,1.0783650292566136
2023-06-26,Nikkei 225,^N225,32698.810546875,-0.2526820951192832,1.1800808615474436
2023-06-27,Nikkei 225,^N225,32538.330078125,-0.49199211039372415,1.1067118810521834
2023-06-28,Nikkei 225,^N225,33193.98828125,1.9950002235873399,1.0621531554826584
2023-06-29,Nikkei 225,^N225,33234.140625,0.12088959692544421,1.2649798622852682
2023-06-30,Nikkei 225,^N225,33189.0390625,-0.13580069380445536,1.1704463450318339
2023-07-03,Nikkei 225,^N225,33753.328125,1.6859350876417878,1.0948199893362431
2023-07-04,Nikkei 225,^N225,33422.51953125,-0.9849113318624703,1.216967798328
2023-07-05,Nikkei 225,^N225,33338.69921875,-0.25110493221234265,1.2021325009749038
2023-07-06,Nikkei 225,^N225,32773.01953125,-1.7113259304490924,1.1246268261939836
2023-07-07,Nikkei 225,^N225,32388.419921875,-1.1804652529155746,1.2637481798817947
2023-07-10,Nikkei 225,^N225,32189.73046875,-0.6153476953903336,1.2660576846310232
2023-07-11,Nikkei 225,^N225,32203.5703125,0.0429853534301472,1.2000729034371456
2023-07-12,Nikkei 225,^N225,31943.9296875,-0.8095157032979472,1.1166646719272249
2023-07-13,Nikkei 225,^N225,32419.330078125,1.4772683607493065,1.1020398150723274
2023-07-14,Nikkei 225,^N225,32391.259765625,-0.08662261622038869,1.1803442614327886
2023-07-18,Nikkei 225,^N225,32493.890625,0.31634648096545703,1.1017895571602976
2023-07-19,Nikkei 225,^N225,32896.03125,1.2299928899908608,1.0417788586114345
2023-07-20,Nikkei 225,^N225,32490.51953125,-1.2403679745531804,1.0925906917214538
2023-07-21,Nikkei 225,^N225,32304.25,-0.5749539530009784,1.1482321927314645
2023-07-24,Nikkei 225,^N225,32700.939453125,1.2205006423659626,1.1021692839951014
2023-07-25,Nikkei 225,^N225,32682.509765625,-0.056374168717887585,1.135409899612793
2023-07-26,Nikkei 225,^N225,32668.33984375,-0.04336568592986367,1.0645772291946622
2023-07-27,Nikkei 225,^N225,32891.16015625,0.6797525010879824,1.0069271872104524
2023-07-28,Nikkei 225,^N225,32759.23046875,-0.4019164664210706,0.9917148550811676
2023-07-31,Nikkei 225,^N225,33172.21875,1.2527972240112817,0.9643140732888643
2023-08-01,Nikkei 225,^N225,33476.578125,0.9133292872419929,1.04094053425665
2023-08-02,Nikkei 225,^N225,32707.689453125,-2.3235832125465095,1.0446284814217428
2023-08-03,Nikkei 225,^N225,32159.279296875,-1.690916759452854,1.3637463652400836
2023-08-04,Nikkei 225,^N225,32192.75,0.10402377829858978,1.4284125175929407
2023-08-07,Nikkei 225,^N225,32254.560546875,0.19181736306013164,1.3060692221661916
2023-08-08,Nikkei 225,^N225,32377.2890625,0.37977766032462057,1.205408824988836
2023-08-09,Nikkei 225,^N225,32204.330078125,-0.5356304168039117,1.1286389312177978
2023-08-10,Nikkei 225,^N225,32473.650390625,0.8328085297360843,1.083180210810941
2023-08-14,Nikkei 225,^N225,32059.91015625,-1.2822658468051529,1.0672612369560701
2023-08-15,Nikkei 225,^N225,32238.890625,0.5567162337129616,1.137455472096229
2023-08-16,Nikkei 225,^N225,31766.8203125,-1.4751148471606967,1.0841596480345985
2023-08-17,Nikkei 225,^N225,31626.0,-0.44427915791196426,1.1864208687892497
2023-08-18,Nikkei 225,^N225,31450.759765625,-0.5556426356966071,1.122526582935744
2023-08-21,Nikkei 225,^N225,31565.640625,0.364606629162445,1.0800407106194037
2023-08-22,Nikkei 225,^N225,31856.7109375,0.9178857261415985,1.0263792683084778
2023-08-23,Nikkei 225,^N225,32010.259765625,0.48084047914453976,1.0341616909647116
2023-08-24,Nikkei 225,^N225,32287.2109375,0.8614736525139222,0.9964637559595036
2023-08-25,Nikkei 225,^N225,31624.279296875,-2.074604785739531,1.004218515229954
2023-08-28,Nikkei 225,^N225,32169.990234375,1.7108879931397425,1.2734567728790696
2023-08-29,Nikkei 225,^N225,32226.970703125,0.1769663747822392,1.3479592741840667
2023-08-30,Nikkei 225,^N225,32333.4609375,0.32989349124949996,1.2398779426919926
2023-08-31,Nikkei 225,^N225,32619.33984375,0.8802722864073687,1.1547451802523583
2023-09-01,Nikkei 225,^N225,32710.619140625,0.2794410334614028,1.1284261028765015
2023-09-04,Nikkei 225,^N225,32939.1796875,0.6963051659461428,1.061982230476197
2023-09-05,Nikkei 225,^N225,33036.76171875,0.2958111709421729,1.036243331211354
2023-09-06,Nikkei 225,^N225,33241.01953125,0.6163708419794744,0.98823992691861
2023-09-07,Nikkei 225,^N225,32991.078125,-0.7547476271286158,0.9711640127038059
2023-09-08,Nikkei 225,^N225,32606.83984375,-1.1715087540828506,0.9839962891972294
2023-09-11,Nikkei 225,^N225,32467.759765625,-0.42744877640021883,1.0579234326704428
2023-09-12,Nikkei 225,^N225,32776.37109375,0.9460272539440595,1.0184538358217805
2023-09-13,Nikkei 225,^N225,32706.51953125,-0.21334302236066804,1.0319279143617703
2023-09-14,Nikkei 225,^N225,33168.1015625,1.4014185676380464,0.985414889357102
2023-09-15,Nikkei 225,^N225,33533.08984375,1.0944090098824688,1.08366257113214
2023-09-19,Nikkei 225,^N225,33242.58984375,-0.8700827428024027,1.1020859804515477
2023-09-20,Nikkei 225,^N225,33023.78125,-0.6603934555654334,1.0984559009281691
2023-09-21,Nikkei 225,^N225,32571.029296875,-1.3804724471997432,1.0710551866143503
2023-09-22,Nikkei 225,^N225,32402.41015625,-0.5190413824466944,1.1586005272506084
2023-09-25,Nikkei 225,^N225,32678.619140625,0.8488207569985917,1.1057275287282575
2023-09-26,Nikkei 225,^N225,32315.05078125,-1.1187924981461705,1.0866016049273157
2023-09-27,Nikkei 225,^N225,32371.900390625,0.175768444736768,1.1232995656191325
2023-09-28,Nikkei 225,^N225,31872.51953125,-1.5546592783028501,1.0550856384347833
2023-09-29,Nikkei 225,^N225,31857.619140625,-0.04676089274866513,1.182774853021125
2023-10-02,Nikkei 225,^N225,31759.880859375,-0.30726878028506377,1.1031255358331176
2023-10-03,Nikkei 225,^N225,31237.939453125,-1.6570520903409047,1.0470065033035354
2023-10-04,Nikkei 225,^N225,30526.880859375,-2.302572907610667,1.1995521056554836
2023-10-05,Nikkei 225,^N225,31075.359375,1.7807566979314515,1.4525311611746752
2023-10-06,Nikkei 225,^N225,30994.669921875,-0.25999503944937885,1.4922717544187225
2023-10-10,Nikkei 225,^N225,31746.529296875,2.3968154181213563,1.3648139857207966
2023-10-11,Nikkei 225,^N225,31936.509765625,0.5966456222347816,1.5590761947721856
2023-10-12,Nikkei 225,^N225,32494.66015625,1.7325910850237491,1.4318989895559815
2023-10-13,Nikkei 225,^N225,32315.990234375,-0.5513611526101414,1.4682384444099614
2023-10-16,Nikkei 225,^N225,31659.029296875,-2.053876768062679,1.3600611971542387
2023-10-17,Nikkei 225,^N225,32040.2890625,1.1970750340028147,1.5001941247540849
2023-10-18,Nikkei 225,^N225,32042.25,0.006120036844059484,1.4393726175784263
2023-10-19,Nikkei 225,^N225,31430.619140625,-1.9272794804599869,1.315157282176399
2023-10-20,Nikkei 225,^N225,31259.359375,-0.5463718307780141,1.4415824929272552
2023-10-23,Nikkei 225,^N225,30999.55078125,-0.8346117888507365,1.337756592668489
2023-10-24,Nikkei 225,^N225,31062.349609375,0.20237488430989714,1.2789793757488936
2023-10-25,Nikkei 225,^N225,31269.919921875,0.6660148309590497,1.1832212322655276
2023-10-26,Nikkei 225,^N225,30601.779296875,-2.159845638085578,1.1294792710347403
2023-10-27,Nikkei 225,^N225,30991.689453125,1.2660932162877003,1.3724127657292395
2023-10-30,Nikkei 225,^N225,30696.9609375,-0.955542895819228,1.347937698404497
2023-10-31,Nikkei 225,^N225,30858.849609375,0.5259911084911195,1.3009008304245506
2023-11-01,Nikkei 225,^N225,31601.650390625,2.3785778266317337,1.2145250156983143
2023-11-02,Nikkei 225,^N225,31949.890625,1.0959410719522111,1.4564742707320337
2023-11-06,Nikkei 225,^N225,32708.48046875,2.3465628331987176,1.3922596625799475
2023-11-07,Nikkei 225,^N225,32271.8203125,-1.3439972542796497,1.5659014678011172
2023-11-08,Nikkei 225,^N225,32166.48046875,-0.3269482165384474,1.5241122762139672
2023-11-09,Nikkei 225,^N225,32646.4609375,1.4811524772587958,1.394000545239938
2023-11-10,Nikkei 225,^N225,32568.109375,-0.24028863434590875,1.3969783319717906
2023-11-13,Nikkei 225,^N225,32585.109375,0.052184683157463496,1.284751629260094
2023-11-14,Nikkei 225,^N225,32695.9296875,0.3395179382737368,1.1864416613719544
2023-11-15,Nikkei 225,^N225,33519.69921875,2.4882706618726047,1.1114264980430453
2023-11-16,Nikkei 225,^N225,33424.41015625,-0.28468263375174274,1.4212236210035942
2023-11-17,Nikkei 225,^N225,33585.19921875,0.4798994430357695,1.306558476372923
2023-11-20,Nikkei 225,^N225,33388.03125,-0.5887980525745462,1.2164711036708584
2023-11-21,Nikkei 225,^N225,33354.140625,-0.10155686265740371,1.1579088639106372
2023-11-22,Nikkei 225,^N225,33451.828125,0.29245162207178765,1.0837621903114367
2023-11-24,Nikkei 225,^N225,33625.53125,0.5179199506489596,1.0263060626882619
2023-11-27,Nikkei 225,^N225,33447.671875,-0.5303453051144658,0.9928717633916044
2023-11-28,Nikkei 225,^N225,33408.390625,-0.11750992520731529,0.9758719452238198
2023-11-29,Nikkei 225,^N225,33321.21875,-0.26126909899168993,0.9373679659640474
2023-11-30,Nikkei 225,^N225,33486.890625,0.495964385612524,0.9127441171273448
2023-12-01,Nikkei 225,^N225,33431.51171875,-0.16551177838248776,0.9024785552272336
2023-12-04,Nikkei 225,^N225,33231.26953125,-0.6007633825083403,0.8810351678629789
2023-12-05,Nikkei 225,^N225,32775.8203125,-1.3800228067111675,0.8976531524713272
2023-12-06,Nikkei 225,^N225,33445.8984375,2.0238103402393293,1.0399121049349613
2023-12-07,Nikkei 225,^N225,32858.30859375,-1.7724523164329042,1.2578199757267237
2023-12-08,Nikkei 225,^N225,32307.859375,-1.6894113245278675,1.3688053339575244
2023-12-11,Nikkei 225,^N225,32791.80078125,1.4867983025983023,1.431817971782015
2023-12-12,Nikkei 225,^N225,32843.69921875,0.15814139700598417,1.4267799002277177
2023-12-13,Nikkei 225,^N225,32926.3515625,0.25133745915706385,1.3052370389025276
2023-12-14,Nikkei 225,^N225,32686.25,-0.7318796344915057,1.2060510723855413
2023-12-15,Nikkei 225,^N225,32970.55078125,0.8660262295698828,1.1632642824836261
2023-12-18,Nikkei 225,^N225,32758.98046875,-0.6437625193790097,1.1334725795947613
2023-12-19,Nikkei 225,^N225,33219.390625,1.3956623120535028,1.096908916767991
2023-12-20,Nikkei 225,^N225,33675.94140625,1.3649917149242796,1.1615599569403352
2023-12-21,Nikkei 225,^N225,33140.46875,-1.602852111113684,1.2033228319227827
2023-12-22,Nikkei 225,^N225,33169.05078125,0.08620793280407213,1.2958253608284587
2023-12-25,Nikkei 225,^N225,33254.03125,0.2558764589570828,1.1956940745802298
2023-12-26,Nikkei 225,^N225,33305.8515625,0.15571037922708086,1.1160667438977643
2023-12-27,Nikkei 225,^N225,33681.23828125,1.1207850622049875,1.0488581849838514
2023-12-28,Nikkei 225,^N225,33539.62109375,-0.42134955825883225,1.080105630628423
2023-12-29,Nikkei 225,^N225,33464.171875,-0.22520889429191726,1.0356491497008737
2024-01-04,Nikkei 225,^N225,33288.2890625,-0.5269714915382195,0.9888951704556235
2024-01-05,Nikkei 225,^N225,33377.421875,0.26740243029834687,0.9724700668606201
2024-01-09,Nikkei 225,^N225,33763.1796875,1.149117071816974,0.9363291226863494
2024-01-10,Nikkei 225,^N225,34441.71875,1.9897733598368106,1.002805491994011
2024-01-11,Nikkei 225,^N225,35049.859375,1.7503017399745247,1.2261317749194969
2024-01-12,Nikkei 225,^N225,35577.109375,1.4930834616704303,1.32187405626041
2024-01-15,Nikkei 225,^N225,35901.7890625,0.9084692898838398,1.344356750386538
2024-01-16,Nikkei 225,^N225,35619.1796875,-0.7902880814233626,1.2816846236678117
2024-01-17,Nikkei 225,^N225,35477.75,-0.3978508626845567,1.2295026763027594
2024-01-18,Nikkei 225,^N225,35466.171875,-0.03264021722166888,1.1544448001475671
2024-01-19,Nikkei 225,^N225,35963.26953125,1.3918789557269662,1.0797786712532809
2024-01-22,Nikkei 225,^N225,36546.94921875,1.6099587198297627,1.1485438069401464
2024-01-23,Nikkei 225,^N225,36517.5703125,-0.0804190817150996,1.2389953594359415
2024-01-24,Nikkei 225,^N225,36226.48046875,-0.800316711348259,1.1498091751028165
2024-01-25,Nikkei 225,^N225,36236.46875,0.02756796796425931,1.1266824822071166
2024-01-26,Nikkei 225,^N225,35751.0703125,-1.3485828250789922,1.0566845573942758
2024-01-29,Nikkei 225,^N225,36026.94140625,0.7686823457905945,1.1423299130046147
2024-01-30,Nikkei 225,^N225,36065.859375,0.10796632148757368,1.106584286039953
2024-01-31,Nikkei 225,^N225,36286.7109375,0.6104890191682699,1.0405627468341176
2024-02-01,Nikkei 225,^N225,36011.4609375,-0.7614337201996335,1.0115332555391494
2024-02-02,Nikkei 225,^N225,36158.01953125,0.40615172581617287,1.0154149565321466
2024-02-05,Nikkei 225,^N225,36354.16015625,0.5409880221847629,0.9769282758392975
2024-02-06,Nikkei 225,^N225,36160.66015625,-0.5336852754735943,0.9558804169798882
2024-02-07,Nikkei 225,^N225,36119.921875,-0.1127226273469617,0.9475620815235861
2024-02-08,Nikkei 225,^N225,36863.28125,2.0371401924450083,0.9147807376456362
2024-02-09,Nikkei 225,^N225,36897.421875,0.09257131776578831,1.1847142226034364
2024-02-13,Nikkei 225,^N225,37963.96875,2.8495838400232287,1.1041989339610356
2024-02-14,Nikkei 225,^N225,37703.3203125,-0.6889356594200535,1.5176917449312308
2024-02-15,Nikkei 225,^N225,38157.94140625,1.1985736222371202,1.4111385076890002
2024-02-16,Nikkei 225,^N225,38487.23828125,0.859281438223114,1.369053005401708
2024-02-19,Nikkei 225,^N225,38470.37890625,-0.04381470187304615,1.2965599302056148
2024-02-20,Nikkei 225,^N225,38363.609375,-0.2779228369199416,1.1967746990315509
2024-02-21,Nikkei 225,^N225,38262.16015625,-0.26479154113854264,1.121425816734803
2024-02-22,Nikkei 225,^N225,39098.6796875,2.162727650731533,1.0596552834394248
2024-02-26,Nikkei 225,^N225,39233.7109375,0.3447651288933429,1.3047964455392902
2024-02-27,Nikkei 225,^N225,39239.51953125,0.014804013358293844,1.2086974086775626
2024-02-28,Nikkei 225,^N225,39208.03125,-0.08027856224330776,1.1238257901941024
2024-02-29,Nikkei 225,^N225,39166.19140625,-0.10676941041740662,1.0555624823228318
2024-03-01,Nikkei 225,^N225,39910.8203125,1.883356237457079,1.0008811060926113
2024-03-04,Nikkei 225,^N225,40109.23046875,0.4959021168307487,1.199040704448663
2024-03-05,Nikkei 225,^N225,40097.62890625,-0.028929103249630828,1.129706552793922
2024-03-06,Nikkei 225,^N225,40090.78125,-0.017078917647239678,1.0595619079130743
2024-03-07,Nikkei 225,^N225,39598.7109375,-1.2349848220610582,1.0025540992064024
2024-03-08,Nikkei 225,^N225,39688.94140625,0.22760292437613572,1.0826791671957396
2024-03-11,Nikkei 225,^N225,38820.48828125,-2.2124439144521446,1.0233461347778035
2024-03-12,Nikkei 225,^N225,38797.51171875,-0.05920421338121429,1.3212625971510192
2024-03-13,Nikkei 225,^N225,38695.96875,-0.2620685669352696,1.2174335828650795
2024-03-14,Nikkei 225,^N225,38807.37890625,0.28749786004720335,1.1375890941029492
2024-03-15,Nikkei 225,^N225,38707.640625,-0.2573393824706116,1.0696985847175875
2024-03-18,Nikkei 225,^N225,39740.44140625,2.633233169692417,1.0176345400609192
2024-03-19,Nikkei 225,^N225,40003.6015625,0.6600144707126887,1.407520577621031
2024-03-21,Nikkei 225,^N225,40815.66015625,2.0096346003144916,1.3108796344473757
2024-03-22,Nikkei 225,^N225,40888.4296875,0.17812951745916905,1.4352401925435336
2024-03-25,Nikkei 225,^N225,40414.12109375,-1.1667874382368382,1.3125857119884135
2024-03-26,Nikkei 225,^N225,40398.03125,-0.039820357448583366,1.3014519733538217
2024-03-27,Nikkei 225,^N225,40762.73046875,0.8987142695916717,1.2007762530773534
2024-03-28,Nikkei 225,^N225,40168.0703125,-1.4695785848523713,1.166620042531064
2024-03-29,Nikkei 225,^N225,40369.44140625,0.5000688724820179,1.2436721518372589
2024-04-01,Nikkei 225,^N225,39803.08984375,-1.4128554374174485,1.1662289040174127
2024-04-02,Nikkei 225,^N225,39838.91015625,0.08995332843309001,1.2327260777874431
2024-04-03,Nikkei 225,^N225,39451.8515625,-0.9763096225270829,1.1436211388669575
2024-04-04,Nikkei 225,^N225,39773.140625,0.8110845201292349,1.1446020555546481
2024-04-05,Nikkei 225,^N225,38992.078125,-1.9833325305466332,1.1127946573916883
2024-04-08,Nikkei 225,^N225,39347.0390625,0.9062225347250319,1.318330814778085
2024-04-09,Nikkei 225,^N225,39773.12890625,1.0770805318376375,1.2606283949991755
2024-04-10,Nikkei 225,^N225,39581.80859375,-0.48218973947022903,1.2352496111870754
2024-04-11,Nikkei 225,^N225,39442.62890625,-0.3522450416880929,1.1646664750917464
2024-04-12,Nikkei 225,^N225,39523.55078125,0.20495331962848695,1.0991541364468662
2024-04-15,Nikkei 225,^N225,39232.80078125,-0.7383565011142679,1.0361024850610596
2024-04-16,Nikkei 225,^N225,38471.19921875,-1.9603262428336876,1.031373896439908
2024-04-17,Nikkei 225,^N225,37961.80078125,-1.332947757531855,1.2610036966611717
2024-04-18,Nikkei 225,^N225,38079.69921875,0.3100899692189074,1.2883379149831715
2024-04-19,Nikkei 225,^N225,37068.3515625,-2.691776328656026,1.1938743883409317
2024-04-22,Nikkei 225,^N225,37438.609375,0.9938960219701087,1.5521209802225735
2024-04-23,Nikkei 225,^N225,37552.16015625,0.30283958610546335,1.458226104154477
2024-04-24,Nikkei 225,^N225,38460.078125,2.388986747093824,1.3345930844804366
2024-04-25,Nikkei 225,^N225,37628.48046875,-2.1859548546204977,1.5371004705252893
2024-04-26,Nikkei 225,^N225,37934.76171875,0.8106664523147344,1.6528260689202385
2024-04-30,Nikkei 225,^N225,38405.66015625,1.2336961166960592,1.5244972186853816
2024-05-01,Nikkei 225,^N225,38274.05078125,-0.3432707364844134,1.4633123492747695
2024-05-02,Nikkei 225,^N225,38236.0703125,-0.09928221606987364,1.3440488953696783
2024-05-07,Nikkei 225,^N225,38835.1015625,1.5545197991112758,1.2369870684171744
2024-05-08,Nikkei 225,^N225,38202.37109375,-1.6426932896045798,1.29216823372412
2024-05-09,Nikkei 225,^N225,38073.98046875,-0.3366462701084316,1.3672280737855385
2024-05-10,Nikkei 225,^N225,38229.109375,0.40661294398880443,1.2640953985730996
2024-05-13,Nikkei 225,^N225,38179.4609375,-0.12995517200291573,1.1778808140117776
2024-05-14,Nikkei 225,^N225,38356.05859375,0.4614797697557904,1.1007420490663122
2024-05-15,Nikkei 225,^N225,38385.73046875,0.07732912365234768,1.0483092051434861
2024-05-16,Nikkei 225,^N225,38920.26171875,1.3829193670177986,0.9931972014115446
2024-05-17,Nikkei 225,^N225,38787.37890625,-0.34200740353895753,1.0855056708144866
2024-05-20,Nikkei 225,^N225,39069.6796875,0.7251802816574227,1.0348064097180216
2024-05-21,Nikkei 225,^N225,38946.9296875,-0.3146768419547641,1.017962730630504
2024-05-22,Nikkei 225,^N225,38617.1015625,-0.8504718172265058,0.979330665795695
2024-05-23,Nikkei 225,^N225,39103.21875,1.2509560559346156,1.0029381056056927
2024-05-24,Nikkei 225,^N225,38646.109375,-1.1758677609725154,1.0681290343864633
2024-05-27,Nikkei 225,^N225,38900.01953125,0.6548645747686876,1.1192561166504111
2024-05-28,Nikkei 225,^N225,38855.37109375,-0.11484333638698274,1.0775460881779098
2024-05-29,Nikkei 225,^N225,38556.87109375,-0.7711996733373638,1.0188142016137598
2024-05-30,Nikkei 225,^N225,38054.12890625,-1.31247315472649,1.022177141394662
2024-05-31,Nikkei 225,^N225,38487.8984375,1.1334274515716558,1.1111090993217407
2024-06-03,Nikkei 225,^N225,38923.03125,1.124227282209489,1.1285317701120954
2024-06-04,Nikkei 225,^N225,38837.4609375,-0.22008694809763085,1.1402996437982587
2024-06-05,Nikkei 225,^N225,38490.171875,-0.8982336194035767,1.0730340420930826
2024-06-06,Nikkei 225,^N225,38703.51171875,0.5527405274230901,1.080068787908266
2024-06-07,Nikkei 225,^N225,38683.9296875,-0.05060777643546288,1.0380647072891542
2024-06-10,Nikkei 225,^N225,39038.16015625,0.9115373048006248,0.9856681819858026
2024-06-11,Nikkei 225,^N225,39134.7890625,0.24721839569696868,1.0026017655122772
2024-06-12,Nikkei 225,^N225,38876.7109375,-0.6616436461156283,0.9596108793736985
2024-06-13,Nikkei 225,^N225,38720.46875,-0.4027012303160049,0.9639424576710837
2024-06-14,Nikkei 225,^N225,38814.55859375,0.24270292578609798,0.9426181445091424
2024-06-17,Nikkei 225,^N225,38102.44140625,-1.8517038755762272,0.9118431562743716
2024-06-18,Nikkei 225,^N225,38482.109375,0.9915082748824133,1.160334811799862
2024-06-19,Nikkei 225,^N225,38570.76171875,0.2301079287747143,1.146320166104096
2024-06-20,Nikkei 225,^N225,38633.01953125,0.16128180508072631,1.0750462386075175
2024-06-21,Nikkei 225,^N225,38596.46875,-0.09465499459437865,1.015699355595733
2024-06-24,Nikkei 225,^N225,38804.6484375,0.5379255418052509,0.9685728323330457
2024-06-25,Nikkei 225,^N225,39173.1484375,0.9451478701709704,0.9491167039064263
2024-06-26,Nikkei 225,^N225,39667.0703125,1.252985709193588,0.9800152451219789
2024-06-27,Nikkei 225,^N225,39341.5390625,-0.8240446064592177,1.0521144942511127
2024-06-28,Nikkei 225,^N225,39583.078125,0.6120772585004985,1.0542754059407324
2024-07-01,Nikkei 225,^N225,39631.05859375,0.12114119172448312,1.0224571718535067
2024-07-02,Nikkei 225,^N225,40074.69140625,1.1131879285798618,0.9727487095349274
2024-07-03,Nikkei 225,^N225,40580.76171875,1.2549106953283484,1.023022853387165
2024-07-04,Nikkei 225,^N225,40913.6484375,0.8169604997016577,1.0832663261550137
2024-07-05,Nikkei 225,^N225,40912.37109375,-0.0031220967546374823,1.0655268929395063
2024-07-08,Nikkei 225,^N225,40780.69921875,-0.3223577924496013,1.0072430734605538
2024-07-09,Nikkei 225,^N225,41580.171875,1.941450490047103,0.9712823076980629
2024-07-10,Nikkei 225,^N225,41831.98828125,0.6037900728172119,1.1945436038997355
2024-07-11,Nikkei 225,^N225,42224.01953125,0.932792557624218,1.133532629653639
2024-07-12,Nikkei 225,^N225,41190.6796875,-2.477723273719512,1.118186872560424
2024-07-16,Nikkei 225,^N225,41275.078125,0.20468730102205512,1.4488914976851281
2024-07-17,Nikkei 225,^N225,41097.69140625,-0.4306932836295019,1.324437304511593
2024-07-18,Nikkei 225,^N225,40126.3515625,-2.3918685076836255,1.2339693791990194
2024-07-19,Nikkei 225,^N225,40063.7890625,-0.15603542332218723,1.496886272282065
2024-07-22,Nikkei 225,^N225,39599.0,-1.1669045033961822,1.3656146877764954
2024-07-23,Nikkei 225,^N225,39594.390625,-0.01164080731701489,1.3424958974563894
2024-07-24,Nikkei 225,^N225,39154.8515625,-1.1163120170305518,1.234540027106323
2024-07-25,Nikkei 225,^N225,37869.51171875,-3.3377988958594784,1.2341672197851365
2024-07-26,Nikkei 225,^N225,37667.41015625,-0.5351079703331152,1.7613023169467654
2024-07-29,Nikkei 225,^N225,38468.62890625,2.1047807021563614,1.6030115742337505
2024-07-30,Nikkei 225,^N225,38525.94921875,0.14889444032437638,1.6642622526797242
2024-07-31,Nikkei 225,^N225,39101.8203125,1.483700127882237,1.5046618329745993
2024-08-01,Nikkei 225,^N225,38126.328125,-2.5263950828172455,1.482459573891348
2024-08-02,Nikkei 225,^N225,35909.69921875,-5.989763815813376,1.6916384782941971
2024-08-05,Nikkei 225,^N225,31458.419921875,-13.234076084751933,2.8335928366853333
2024-08-06,Nikkei 225,^N225,34675.4609375,9.736558781039584,5.817377697711036
2024-08-07,Nikkei 225,^N225,35089.62109375,1.1873132219445637,6.376122546119348
2024-08-08,Nikkei 225,^N225,34831.1484375,-0.7393334923367689,5.603635424394114
2024-08-09,Nikkei 225,^N225,35025.0,0.5550035735861769,4.922118792394524
2024-08-13,Nikkei 225,^N225,36232.51171875,3.389473732341308,4.323332805515632
2024-08-14,Nikkei 225,^N225,36442.4296875,0.5776917008342153,4.020697231082683
2024-08-15,Nikkei 225,^N225,36726.640625,0.776864775440167,3.5408849027445366
2024-08-16,Nikkei 225,^N225,38062.671875,3.5731666750036695,3.1314315705014693
2024-08-19,Nikkei 225,^N225,37388.62109375,-1.7867651762056624,3.094600490182211
2024-08-20,Nikkei 225,^N225,38062.921875,1.787421985532589,2.826267448565462
2024-08-21,Nikkei 225,^N225,37951.80078125,-0.2923675020339189,2.5922833873123605
2024-08-22,Nikkei 225,^N225,38211.01171875,0.6806784828738088,2.301675006192822
2024-08-23,Nikkei 225,^N225,38364.26953125,0.4002806509589618,2.0629007757318467
2024-08-26,Nikkei 225,^N225,38110.21875,-0.6644090637962563,1.8483876805148705
2024-08-27,Nikkei 225,^N225,38288.62109375,0.4670297831381731,1.684027944995155
2024-08-28,Nikkei 225,^N225,38371.76171875,0.2169064503638296,1.5298008580143259
2024-08-29,Nikkei 225,^N225,38362.53125,-0.024058262446757794,1.3924171285910203
2024-08-30,Nikkei 225,^N225,38647.75,0.7407324048038788,1.2761768758703227
2024-09-02,Nikkei 225,^N225,38700.87109375,0.13735500736942186,1.2106234969492076
2024-09-03,Nikkei 225,^N225,38686.30859375,-0.03763543323511698,1.1258680746213268
2024-09-04,Nikkei 225,^N225,37047.609375,-4.3281928963677885,1.0565427462493546
2024-09-05,Nikkei 225,^N225,36657.08984375,-1.0596968439079646,1.9981518058429575
2024-09-06,Nikkei 225,^N225,36391.46875,-0.7272484757153919,1.8407771434593456
2024-09-09,Nikkei 225,^N225,36215.75,-0.4840265089036677,1.6820016462709917
2024-09-10,Nikkei 225,^N225,36159.16015625,-0.15637975967148776,1.5336807744345147
2024-09-11,Nikkei 225,^N225,35619.76953125,-1.5029501852591665,1.3964573495675492
2024-09-12,Nikkei 225,^N225,36833.26953125,3.350069247070131,1.4186834019008974
2024-09-13,Nikkei 225,^N225,36581.76171875,-0.6851697592505701,1.840220348252214
2024-09-17,Nikkei 225,^N225,36203.21875,-1.0401771887623923,1.678581341049156
2024-09-18,Nikkei 225,^N225,36380.171875,0.48758668905097835,1.5761781447667385
2024-09-19,Nikkei 225,^N225,37155.328125,2.108328530259307,1.4403079906957568
2024-09-20,Nikkei 225,^N225,37723.91015625,1.5186932253689278,1.5472096343171595
2024-09-24,Nikkei 225,^N225,37940.58984375,0.5727396065864809,1.5207693601952015
2024-09-25,Nikkei 225,^N225,37870.26171875,-0.18553582692977244,1.3986507952795946
2024-09-26,Nikkei 225,^N225,38925.62890625,2.748672159356147,1.2843974955364978
2024-09-27,Nikkei 225,^N225,39829.55859375,2.2956440414574786,1.5954409442684598
2024-09-30,Nikkei 225,^N225,37919.55078125,-4.9142484045678,1.6969238087782617
2024-10-01,Nikkei 225,^N225,38651.96875,1.9130880809781203,2.4888702234595885
2024-10-02,Nikkei 225,^N225,37808.76171875,-2.205684437304356,2.3282950051014444
2024-10-03,Nikkei 225,^N225,38552.05859375,1.946863193229298,2.254222660426923
2024-10-04,Nikkei 225,^N225,38635.62109375,0.2165177991704681,2.1426045885011233
2024-10-07,Nikkei 225,^N225,39332.73828125,1.7882530048959566,1.9125012431541888
2024-10-08,Nikkei 225,^N225,38937.5390625,-1.0098407482882266,1.8474649670987953
2024-10-09,Nikkei 225,^N225,39277.9609375,0.8704771421628621,1.7114267396525755
2024-10-10,Nikkei 225,^N225,39380.890625,0.2617117951892567,1.5778021810547591
2024-10-11,Nikkei 225,^N225,39605.80078125,0.5694902776683719,1.433673983070955
2024-10-15,Nikkei 225,^N225,39910.55078125,0.7665127640329672,1.326333219577735
2024-10-16,Nikkei 225,^N225,39180.30078125,-1.8466630153186614,1.2533882647855286
2024-10-17,Nikkei 225,^N225,38911.19140625,-0.6892183328416124,1.3813833969525264
2024-10-18,Nikkei 225,^N225,38981.75,0.18116818231561638,1.2998292693870548
2024-10-21,Nikkei 225,^N225,38954.6015625,-0.06966823068772499,1.2000556426393256
2024-10-22,Nikkei 225,^N225,38411.9609375,-1.4028011742254876,1.1176331147676435
2024-10-23,Nikkei 225,^N225,38104.859375,-0.8027077189694865,1.1959383275418436
2024-10-24,Nikkei 225,^N225,38143.2890625,0.1008016366077058,1.1630542687349603
2024-10-25,Nikkei 225,^N225,37913.921875,-0.6031456584009831,1.086525526921519
2024-10-28,Nikkei 225,^N225,38605.53125,1.8077186404159562,1.0559699963015492
2024-10-29,Nikkei 225,^N225,38903.6796875,0.7693276822784867,1.2172874512952132
2024-10-30,Nikkei 225,^N225,39277.390625,0.9560211502865457,1.1660893181647187
2024-10-31,Nikkei 225,^N225,39081.25,-0.5006238829107446,1.1463081619976514
2024-11-01,Nikkei 225,^N225,38053.671875,-2.6645231367668387,1.0944302687197722
2024-11-05,Nikkei 225,^N225,38474.8984375,1.1008459054551167,1.4872976836311043
2024-11-06,Nikkei 225,^N225,39480.671875,2.580519251055513,1.4174971063941713
2024-11-07,Nikkei 225,^N225,39381.41015625,-0.25173510161593526,1.6378930202302293
2024-11-08,Nikkei 225,^N225,39500.37109375,0.3016185126677229,1.4866320361073477
2024-11-11,Nikkei 225,^N225,39533.3203125,0.0833801890626873,1.3582832117758892
2024-11-12,Nikkei 225,^N225,39376.08984375,-0.3985093197872658,1.2475031998400592
2024-11-13,Nikkei 225,^N225,38721.66015625,-1.675963790874313,1.1691405810620366
2024-11-14,Nikkei 225,^N225,38535.69921875,-0.48140733296087035,1.2867755248621797
2024-11-15,Nikkei 225,^N225,38642.91015625,0.2778257015227936,1.2064704685291023
2024-11-18,Nikkei 225,^N225,38220.8515625,-1.0982102000303584,1.1255533431449487
2024-11-19,Nikkei 225,^N225,38414.4296875,0.5051943009872772,1.1489870151041546
2024-11-20,Nikkei 225,^N225,38352.33984375,-0.16176232937343826,1.0898544601936366
2024-11-21,Nikkei 225,^N225,38026.171875,-0.8540882615983847,1.030099011435621
2024-11-22,Nikkei 225,^N225,38283.8515625,0.675352084274472,1.041547119288693
2024-11-25,Nikkei 225,^N225,38780.140625,1.2880098979135113,1.0182337380799253
2024-11-26,Nikkei 225,^N225,38442.0,-0.8757664147848843,1.085652114499339
2024-11-27,Nikkei 225,^N225,38134.96875,-0.8018935726264331,1.0866381133122027
2024-11-28,Nikkei 225,^N225,38349.05859375,0.5598303602310395,1.0779269749055107
2024-11-29,Nikkei 225,^N225,38208.03125,-0.36842440996416315,1.0369048725174883
2024-12-02,Nikkei 225,^N225,38513.01953125,0.79506181087865,0.997685489811658
2024-12-03,Nikkei 225,^N225,39248.859375,1.8926029526468824,0.9970694778719341
2024-12-04,Nikkei 225,^N225,39276.390625,0.07012076020913582,1.198830530734404
2024-12-05,Nikkei 225,^N225,39395.6015625,0.3030583703951706,1.115673519914654
2024-12-06,Nikkei 225,^N225,39091.171875,-0.775751635227806,1.0524901923917538
2024-12-09,Nikkei 225,^N225,39160.5,0.1771927461179601,1.0484712017792548
2024-12-10,Nikkei 225,^N225,39367.578125,0.5274001603899237,0.994555541884458
2024-12-11,Nikkei 225,^N225,39372.23046875,0.011817005498215849,0.9686023501597941
2024-12-12,Nikkei 225,^N225,39849.140625,1.2040082388597995,0.9293792074734215
2024-12-13,Nikkei 225,^N225,39470.44140625,-0.9548766811356302,1.0074977526214517
2024-12-16,Nikkei 225,^N225,39457.48828125,-0.03282266535453715,1.03907262384737
2024-12-17,Nikkei 225,^N225,39364.6796875,-0.23548866779670163,0.9862233698988747
2024-12-18,Nikkei 225,^N225,39081.7109375,-0.7214353013518249,0.9499918706910632
2024-12-19,Nikkei 225,^N225,38813.578125,-0.6884469516956315,0.9638412154581671
2024-12-20,Nikkei 225,^N225,38701.8984375,-0.2881483020553688,0.9702903166049451
2024-12-23,Nikkei 225,^N225,39161.33984375,1.1801377612234987,0.9401007143838362
2024-12-24,Nikkei 225,^N225,39036.8515625,-0.3183919836926563,1.0108591111512375
2024-12-25,Nikkei 225,^N225,39130.4296875,0.23943053463852948,0.973912374396841
2024-12-26,Nikkei 225,^N225,39568.05859375,1.112177442793083,0.9365202932048672
2024-12-27,Nikkei 225,^N225,40281.16015625,1.786167811105166,0.9966993333619523
2024-12-30,Nikkei 225,^N225,39894.5390625,-0.9644420798439413,1.1734975001870338
2025-01-06,Nikkei 225,^N225,39307.05078125,-1.4835536951940398,1.1658508993906012
2025-01-07,Nikkei 225,^N225,40083.30078125,1.9555896231821635,1.245797438412982
2025-01-08,Nikkei 225,^N225,39981.05859375,-0.2554001402737427,1.3784693045258911
2025-01-09,Nikkei 225,^N225,39605.08984375,-0.9448165395697927,1.269941906324914
2025-01-10,Nikkei 225,^N225,39190.3984375,-1.0525862433436117,1.2381612838130946
2025-01-14,Nikkei 225,^N225,38474.30078125,-1.8441272742402148,1.2277787341422248
2025-01-15,Nikkei 225,^N225,38444.578125,-0.0772831277627617,1.3631535542752828
2025-01-16,Nikkei 225,^N225,38572.6015625,0.3324545404947088,1.2524759348333647
2025-01-17,Nikkei 225,^N225,38451.4609375,-0.3145529356725518,1.1651797280720277
2025-01-20,Nikkei 225,^N225,38902.5,1.1661824907962526,1.0975197467242022
2025-01-21,Nikkei 225,^N225,39027.98046875,0.3220320892060258,1.1233542477122112
2025-01-22,Nikkei 225,^N225,39646.25,1.5717529250936835,1.0594492111759959
2025-01-23,Nikkei 225,^N225,39958.87109375,0.7854336419606867,1.1689546254418497
2025-01-24,Nikkei 225,^N225,39931.98046875,-0.0673184112812919,1.129309420731423
2025-01-27,Nikkei 225,^N225,39565.80078125,-0.921238986767392,1.0597884440423218
2025-01-28,Nikkei 225,^N225,39016.87109375,-1.397098375757011,1.0732486191456234
2025-01-29,Nikkei 225,^N225,39414.78125,1.0146759842852404,1.1633641297056752
2025-01-30,Nikkei 225,^N225,39513.96875,0.25133440530371587,1.151664866914018
2025-01-31,Nikkei 225,^N225,39572.48828125,0.1479887812070757,1.079989061269595
2025-02-03,Nikkei 225,^N225,38520.08984375,-2.695421712456536,1.0194814148603475
2025-02-04,Nikkei 225,^N225,38798.37109375,0.7198344308639193,1.4551252365342542
2025-02-05,Nikkei 225,^N225,38831.48046875,0.08530063201508398,1.3544250791040553
2025-02-06,Nikkei 225,^N225,39066.53125,0.603485222360689,1.2443037083924084
2025-02-07,Nikkei 225,^N225,38787.01953125,-0.7180479680020113,1.1736837302917629
2025-02-10,Nikkei 225,^N225,38801.171875,0.03648066451997778,1.1362255429197496
2025-02-12,Nikkei 225,^N225,38963.69921875,0.41799742764645487,1.0644382243393657
2025-02-13,Nikkei 225,^N225,39461.46875,1.269429772496089,1.0166652353694063
2025-02-14,Nikkei 225,^N225,39149.4296875,-0.7938866176857573,1.081232873868187
2025-02-17,Nikkei 225,^N225,39174.25,0.06337882344098489,1.072780527447281
2025-02-18,Nikkei 225,^N225,39270.3984375,0.24513714463196834,1.012912808671133
2025-02-19,Nikkei 225,^N225,39164.609375,-0.2697497701554141,0.967779799715364
2025-02-20,Nikkei 225,^N225,38678.0390625,-1.2501544060141256,0.9371167639784669
2025-02-21,Nikkei 225,^N225,38776.94140625,0.25538034327592385,1.0398901560944696
2025-02-25,Nikkei 225,^N225,38237.7890625,-1.4001507204939756,0.9897166912357297
2025-02-26,Nikkei 225,^N225,38142.37109375,-0.24985027052082387,1.1059745319551837
2025-02-27,Nikkei 225,^N225,38256.171875,0.2979137061922543,1.0464955239795488
2025-02-28,Nikkei 225,^N225,37155.5,-2.919309480728316,0.9965388276390211
2025-03-03,Nikkei 225,^N225,37785.46875,1.6812795454388407,1.5105836610917938
2025-03-04,Nikkei 225,^N225,37331.1796875,-1.209571009122179,1.5185462163869095
2025-03-05,Nikkei 225,^N225,37418.23828125,0.2329346113445041,1.4682217155960022
2025-03-06,Nikkei 225,^N225,37704.9296875,0.7632606712633105,1.341156494700512
2025-03-07,Nikkei 225,^N225,36887.171875,-2.1927001907380728,1.2650910354431144
2025-03-10,Nikkei 225,^N225,37028.26953125,0.3817817358564568,1.4677813097528196
2025-03-11,Nikkei 225,^N225,36793.109375,-0.6371079900587162,1.3452605968713471
2025-03-12,Nikkei 225,^N225,36819.08984375,0.07058740291565613,1.2659911052547625
2025-03-13,Nikkei 225,^N225,36790.03125,-0.07895378949722698,1.1709677711418742
2025-03-14,Nikkei 225,^N225,37053.1015625,0.7125142594432532,1.0939768363748124
2025-03-17,Nikkei 225,^N225,37396.51953125,0.9225578301952808,1.0629223247510557
2025-03-18,Nikkei 225,^N225,37845.421875,1.193237871420827,1.0625799465763313
2025-03-19,Nikkei 225,^N225,37751.87890625,-0.24747713350929956,1.101742764568875
2025-03-21,Nikkei 225,^N225,37677.05859375,-0.19838629448880596,1.0429748426412537
2025-03-24,Nikkei 225,^N225,37608.48828125,-0.1821606783968477,0.9936589886078889
2025-03-25,Nikkei 225,^N225,37780.5390625,0.4564353355151596,0.9536416562565594
2025-03-26,Nikkei 225,^N225,38027.2890625,0.6509904782070919,0.9313923878776317
2025-03-27,Nikkei 225,^N225,37799.96875,-0.5995759310167159,0.9306635859636437
2025-03-28,Nikkei 225,^N225,37120.328125,-1.8143528452339908,0.9349935787847222
2025-03-31,Nikkei 225,^N225,35617.55859375,-4.132601226221233,1.1649333312030972
2025-04-01,Nikkei 225,^N225,35624.48046875,0.019431995807295266,1.9786388469387046
2025-04-02,Nikkei 225,^N225,35725.87109375,0.2842051679525781,1.7712420296003577
2025-04-03,Nikkei 225,^N225,34735.9296875,-2.8100517891580523,1.5974354210009427
2025-04-04,Nikkei 225,^N225,33780.578125,-2.788856328707112,1.8365492138624961
2025-04-07,Nikkei 225,^N225,31136.580078125,-8.150268935603577,1.9952941761996486
2025-04-08,Nikkei 225,^N225,33012.578125,5.850530785429875,3.699957178729231
2025-04-09,Nikkei 225,^N225,31714.029296875,-4.012949659767173,3.9825310487875285
2025-04-10,Nikkei 225,^N225,34609.0,8.735461629580676,3.852061638927969
2025-04-11,Nikkei 225,^N225,33585.578125,-3.0017011489828604,4.823595624423726
2025-04-14,Nikkei 225,^N225,33982.359375,1.174479570276965,4.40133207836533
2025-04-15,Nikkei 225,^N225,34267.5390625,0.8356974991896138,3.891083301182493
2025-04-16,Nikkei 225,^N225,33920.3984375,-1.01819658079787,3.4362248021571538
2025-04-17,Nikkei 225,^N225,34377.6015625,1.3388677697918183,3.05668224004559
2025-04-18,Nikkei 225,^N225,34730.28125,1.02067299680062,2.7464635868616716
2025-04-21,Nikkei 225,^N225,34279.921875,-1.3052150207888857,2.4608262160504975
2025-04-22,Nikkei 225,^N225,34220.6015625,-0.17319671252664648,2.2491422076783567
2025-04-23,Nikkei 225,^N225,34868.62890625,1.875969218503215,2.0045836567510786
2025-04-24,Nikkei 225,^N225,35039.1484375,0.48784234290391026,1.933256947047686
2025-04-25,Nikkei 225,^N225,35705.73828125,1.8845448848271218,1.7411626296367344
2025-04-28,Nikkei 225,^N225,35839.98828125,0.3752849094238897,1.7288036596693648
2025-04-30,Nikkei 225,^N225,36045.37890625,0.5714408702234053,1.564077648894197
2025-05-01,Nikkei 225,^N225,36452.30078125,1.1225908198369439,1.4345913011501519
2025-05-02,Nikkei 225,^N225,36830.69140625,1.0326925156849853,1.3780036228971952
2025-05-07,Nikkei 225,^N225,36779.66015625,-0.1386523962791486,1.3222868032534298
2025-05-08,Nikkei 225,^N225,36928.62890625,0.40421221201842883,1.2197890021179378
2025-05-09,Nikkei 225,^N225,37503.328125,1.5442577690844672,1.1415255502893242
2025-05-12,Nikkei 225,^N225,37644.26171875,0.3750852403241467,1.2212565694250184
2025-05-13,Nikkei 225,^N225,38183.26171875,1.4216713242465318,1.1413663574947013
2025-05-14,Nikkei 225,^N225,38128.12890625,-0.14449434518475357,1.1984455762263946
2025-05-15,Nikkei 225,^N225,37755.51171875,-0.9820830400247615,1.1179462910199616
2025-05-16,Nikkei 225,^N225,37753.71875,-0.004749005490367608,1.1258860724365987
2025-05-19,Nikkei 225,^N225,37498.62890625,-0.6779610969083194,1.0562158693837667
2025-05-20,Nikkei 225,^N225,37529.48828125,0.08226083206395174,1.0399937988406511
2025-05-21,Nikkei 225,^N225,37298.98046875,-0.6160985129850971,0.9865216634894279
2025-05-22,Nikkei 225,^N225,36985.87109375,-0.8430015613571484,0.9794881736751228
2025-05-23,Nikkei 225,^N225,37160.46875,0.47095508512100537,1.0020128982341148
2025-05-26,Nikkei 225,^N225,37531.53125,0.9935884771014258,0.9703732834896814
2025-05-27,Nikkei 225,^N225,37724.109375,0.5117983017948191,1.0027570987219467
2025-05-28,Nikkei 225,^N225,37722.3984375,-0.004535498195679111,0.9738625684160553
2025-05-29,Nikkei 225,^N225,38432.98046875,1.8661916309326898,0.93369254128963
2025-05-30,Nikkei 225,^N225,37965.1015625,-1.2248599529748105,1.1526625366985972
2025-06-02,Nikkei 225,^N225,37470.671875,-1.3108814166638894,1.1896399536980593
2025-06-03,Nikkei 225,^N225,37446.80859375,-0.06370551147139025,1.2315795182947578
2025-06-04,Nikkei 225,^N225,37747.44921875,0.7996414506216354,1.1434313748011076
2025-06-05,Nikkei 225,^N225,37554.48828125,-0.5125003851429,1.1106584420796441
2025-06-06,Nikkei 225,^N225,37741.609375,0.4970283581485546,1.0669514418281574
2025-06-09,Nikkei 225,^N225,38088.5703125,0.9151062550341038,1.0236138481336914
2025-06-10,Nikkei 225,^N225,38211.51171875,0.32225787803312755,1.031701114156187
2025-06-11,Nikkei 225,^N225,38421.19140625,0.5472342804422325,0.9856937718339365
2025-06-12,Nikkei 225,^N225,38173.08984375,-0.6478353897090727,0.9632305331113495
2025-06-13,Nikkei 225,^N225,37834.25,-0.8916035981158643,0.9651242666947288
2025-06-16,Nikkei 225,^N225,38311.328125,1.2530848918219206,0.9983035479153807
2025-06-17,Nikkei 225,^N225,38536.73828125,0.5866401413648248,1.0651834564875513
2025-06-18,Nikkei 225,^N225,38885.1484375,0.9000362119055083,1.028932972508274
2025-06-19,Nikkei 225,^N225,38488.33984375,-1.0257055264915493,1.0337812728780407
2025-06-20,Nikkei 225,^N225,38403.23046875,-0.2213751375139239,1.069415340658269
2025-06-23,Nikkei 225,^N225,38354.08984375,-0.12804155099122028,1.01581339759089
2025-06-24,Nikkei 225,^N225,38790.55859375,1.1315714470109484,0.9695273188148782
2025-06-25,Nikkei 225,^N225,38942.0703125,0.389828345583787,1.0236999834311635
2025-06-26,Nikkei 225,^N225,39584.578125,1.636443585898384,0.9826050141716242
2025-06-27,Nikkei 225,^N225,40150.7890625,1.4202491943310136,1.1305008487688544
2025-06-30,Nikkei 225,^N225,40487.390625,0.8348489978818208,1.1902975981231791
2025-07-01,Nikkei 225,^N225,39986.328125,-1.245298422966279,1.1513249208512502
2025-07-02,Nikkei 225,^N225,39762.48046875,-0.5613832935665641,1.1920944128131732
2025-07-03,Nikkei 225,^N225,39785.8984375,0.0588773014573718,1.1360297644715365
2025-07-04,Nikkei 225,^N225,39810.87890625,0.06276754010343666,1.0642741488118763
2025-07-07,Nikkei 225,^N225,39587.6796875,-0.5622263442660369,1.0060344206880842
2025-07-08,Nikkei 225,^N225,39688.80859375,0.25512976999237935,0.9891164964832345
2025-07-09,Nikkei 225,^N225,39821.28125,0.33322256103254233,0.9491250968422256
2025-07-10,Nikkei 225,^N225,39646.359375,-0.4402349336984912,0.9206609920599322
2025-07-11,Nikkei 225,^N225,39569.6796875,-0.19359642909897445,0.9120011716327364
2025-07-14,Nikkei 225,^N225,39459.62109375,-0.2785262271386202,0.8896211105415279
2025-07-15,Nikkei 225,^N225,39678.01953125,0.5519471903031814,0.8764671681653379
2025-07-16,Nikkei 225,^N225,39663.3984375,-0.03685614472193066,0.8793175979724526
2025-07-17,Nikkei 225,^N225,39901.19140625,0.5977374538733926,0.8594562999778051
2025-07-18,Nikkei 225,^N225,39819.109375,-0.2059251143094798,0.8707282016754487
2025-07-22,Nikkei 225,^N225,39774.921875,-0.11103220642461054,0.8580130123267573
2025-07-23,Nikkei 225,^N225,41171.3203125,3.450529499082222,0.8445385251522907
2025-07-24,Nikkei 225,^N225,41826.33984375,1.5784375839354325,1.5808630109305426
2025-07-25,Nikkei 225,^N225,41456.23046875,-0.8888097716207355,1.5559988073365802
2025-07-28,Nikkei 225,^N225,40998.26953125,-1.1108323903707529,1.4606731847697243
2025-07-29,Nikkei 225,^N225,40674.55078125,-0.7927250314162748,1.409497738241395
2025-07-30,Nikkei 225,^N225,40654.69921875,-0.04881776948444383,1.332303445395656
2025-07-31,Nikkei 225,^N225,41069.8203125,1.0159121557016704,1.226453030063155
2025-08-01,Nikkei 225,^N225,40799.6015625,-0.6601237069284949,1.200775062379185
2025-08-04,Nikkei 225,^N225,40290.69921875,-1.255166203721103,1.1518604290168155
2025-08-05,Nikkei 225,^N225,40549.5390625,0.6403759657260366,1.1941677815744385
2025-08-06,Nikkei 225,^N225,40794.859375,0.6031664403723269,1.1361164964281105
2025-08-07,Nikkei 225,^N225,41059.1484375,0.6457594147882162,1.0866377618470051
2025-08-08,Nikkei 225,^N225,41820.48046875,1.8372510995991576,1.050923050430321
2025-08-12,Nikkei 225,^N225,42718.171875,2.1238217643004376,1.2206679606597908
2025-08-13,Nikkei 225,^N225,43274.671875,1.2943118163086353,1.3990952559012368
2025-08-14,Nikkei 225,^N225,42649.26171875,-1.455755515191015,1.3726879650877992
2025-08-15,Nikkei 225,^N225,43378.30859375,1.694955061712733,1.39278648507628
2025-08-18,Nikkei 225,^N225,43714.30859375,0.7715962106981777,1.4323989449329453
2025-08-19,Nikkei 225,^N225,43546.2890625,-0.38509875799253024,1.3400046883505905
2025-08-20,Nikkei 225,^N225,42888.55078125,-1.5219579944636408,1.2441269155037864
2025-08-21,Nikkei 225,^N225,42610.171875,-0.65119075775808,1.309470213638685
2025-08-22,Nikkei 225,^N225,42633.2890625,0.05423803260082849,1.2382301249242749
2025-08-25,Nikkei 225,^N225,42807.8203125,0.40854219714692164,1.148041631662508
2025-08-26,Nikkei 225,^N225,42394.3984375,-0.9704562291506846,1.0834246635973819
2025-08-27,Nikkei 225,^N225,42520.26953125,0.2964651195199508,1.0981128046526207
2025-08-28,Nikkei 225,^N225,42828.7890625,0.7229625730552414,1.038039850888204
2025-08-29,Nikkei 225,^N225,42718.46875,-0.2579167970457874,1.020244862433299
2025-09-01,Nikkei 225,^N225,42188.7890625,-1.2476826420998677,0.9781077037443932
2025-09-02,Nikkei 225,^N225,42310.48828125,0.28804815075886836,1.0678628415673592
2025-09-03,Nikkei 225,^N225,41938.890625,-0.8821431583456274,1.0133330396782325
2025-09-04,Nikkei 225,^N225,42580.26953125,1.5177415796152616,1.032807897521323
2025-09-05,Nikkei 225,^N225,43018.75,1.0245077722760954,1.139579797667008
2025-09-08,Nikkei 225,^N225,43643.80859375,1.4425362992952273,1.1346708914915702
2025-09-09,Nikkei 225,^N225,43459.2890625,-0.4236813896049796,1.1973505566854594
2025-09-10,Nikkei 225,^N225,43837.671875,0.8668919927139029,1.1299809647519812
2025-09-11,Nikkei 225,^N225,44372.5,1.2126371991785234,1.1075578592615596
2025-09-12,Nikkei 225,^N225,44768.12109375,0.8876395216622868,1.1381484260789247
2025-09-16,Nikkei 225,^N225,44902.26953125,0.2992036426803679,1.1163341504509592
2025-09-17,Nikkei 225,^N225,44790.37890625,-0.24949800232629826,1.0528809141729574
2025-09-18,Nikkei 225,^N225,45303.4296875,1.1389380363400647,1.0037801585419792
2025-09-19,Nikkei 225,^N225,45045.80859375,-0.5702799422438787,1.0498030525755593
2025-09-22,Nikkei 225,^N225,45493.66015625,0.9893038281806099,1.0240240758209862
2025-09-24,Nikkei 225,^N225,45630.30859375,0.2999178850631168,1.0421061953394366
2025-09-25,Nikkei 225,^N225,45754.9296875,0.2727380774935284,0.9930982397806939
2025-09-26,Nikkei 225,^N225,45354.98828125,-0.8779372960336929,0.9529160068185157
2025-09-29,Nikkei 225,^N225,45043.75,-0.6885925997911713,0.9872883617916716
2025-09-30,Nikkei 225,^N225,44932.62890625,-0.2470007164014021,0.9881490383545508
2025-10-01,Nikkei 225,^N225,44550.8515625,-0.8532964033769019,0.9520674719876607
2025-10-02,Nikkei 225,^N225,44936.73046875,0.8624242363366008,0.9830881429024652
2025-10-03,Nikkei 225,^N225,45769.5,1.8362419563535681,0.9942198632038779
2025-10-06,Nikkei 225,^N225,47944.76171875,4.643162028619052,1.1835937659544227
2025-10-07,Nikkei 225,^N225,47950.87890625,0.01275800957891704,2.1246079769450366
2025-10-08,Nikkei 225,^N225,47734.98828125,-0.45124948477131,1.896003733126315
2025-10-09,Nikkei 225,^N225,48580.44140625,1.7556373751041576,1.712224130033025
2025-10-10,Nikkei 225,^N225,48088.80078125,-1.0171691693546592,1.6855579975426276
2025-10-14,Nikkei 225,^N225,46847.3203125,-2.6155508134708683,1.5794039614747968
2025-10-15,Nikkei 225,^N225,47672.671875,1.746450717137904,1.7780136749722701
2025-10-16,Nikkei 225,^N225,48277.73828125,1.2612232210830854,1.7353963407645778
2025-10-17,Nikkei 225,^N225,47582.1484375,-1.4512891189649935,1.6360605304546092
2025-10-20,Nikkei 225,^N225,49185.5,3.314120654463082,1.5946762256355305
2025-10-21,Nikkei 225,^N225,49316.05859375,0.2650895520224239,1.937677076707414
2025-10-22,Nikkei 225,^N225,49307.7890625,-0.016769841100128247,1.7383695028215442
2025-10-23,Nikkei 225,^N225,48641.609375,-1.3602737133226128,1.5670737525254996
2025-10-24,Nikkei 225,^N225,49299.6484375,1.3437625348052151,1.527366558363801
2025-10-27,Nikkei 225,^N225,50512.3203125,2.430032317244013,1.4800680223898663
2025-10-28,Nikkei 225,^N225,50219.1796875,-0.5820253893167759,1.6448971436540765
2025-10-29,Nikkei 225,^N225,51307.6484375,2.1442814195195226,1.5085472702139666
2025-10-30,Nikkei 225,^N225,51325.609375,0.03500022909950218,1.6033977152683827
2025-10-31,Nikkei 225,^N225,52411.33984375,2.0933141442279535,1.4527823318456428
2025-11-04,Nikkei 225,^N225,51497.19921875,-1.759555505688759,1.5529962272426903
2025-11-05,Nikkei 225,^N225,50212.26953125,-2.526801228207276,1.5811423758250587
2025-11-06,Nikkei 225,^N225,50883.6796875,1.3282827512151485,1.7586576627213804
2025-11-07,Nikkei 225,^N225,50276.37109375,-1.2007030152451748,1.6627899214630342
2025-11-10,Nikkei 225,^N225,50911.76171875,1.2558764720806082,1.5819888720155675
2025-11-11,Nikkei 225,^N225,50842.9296875,-0.13529015870918926,1.5119450407545343
2025-11-12,Nikkei 225,^N225,51063.30859375,0.43251375679389525,1.3777691495624038
2025-11-13,Nikkei 225,^N225,51281.828125,0.4270253972308069,1.2727027841863978
2025-11-14,Nikkei 225,^N225,50376.53125,-1.78110450132678,1.1859283111500931
2025-11-17,Nikkei 225,^N225,50323.91015625,-0.10451016461257012,1.3207494034016902
2025-11-18,Nikkei 225,^N225,48702.98046875,-3.2740086374861477,1.2177691527485264
2025-11-19,Nikkei 225,^N225,48537.69921875,-0.33994293272865406,1.7333821306479922
2025-11-20,Nikkei 225,^N225,49823.94140625,2.6154820157398007,1.5701766294411075
2025-11-21,Nikkei 225,^N225,48625.87890625,-2.4339742668265885,1.7489823260529405
2025-11-25,Nikkei 225,^N225,48659.51953125,0.06915863404195477,1.8564527500913666
2025-11-26,Nikkei 225,^N225,49559.0703125,1.8317834448831505,1.6671298601818696
2025-11-27,Nikkei 225,^N225,50167.1015625,1.2194166745869595,1.6631956311842349
2025-11-28,Nikkei 225,^N225,50253.91015625,0.17288934633761244,1.5728056556016066
2025-12-01,Nikkei 225,^N225,49303.28125,-1.909772233758389,1.42784040063326
2025-12-02,Nikkei 225,^N225,49303.44921875,0.0003406841484476786,1.5177200120989507
2025-12-03,Nikkei 225,^N225,49864.6796875,1.1318887769041552,1.380823659605007
2025-12-04,Nikkei 225,^N225,51028.421875,2.30698389221633,1.336565241138039
2025-12-05,Nikkei 225,^N225,50491.87109375,-1.0570414277751183,1.5191454154830355
2025-12-08,Nikkei 225,^N225,50581.94140625,0.1782268504856077,1.4493866644432578
2025-12-09,Nikkei 225,^N225,50655.1015625,0.1445324099565326,1.324406626610985
2025-12-10,Nikkei 225,^N225,50602.80078125,-0.10330213186406922,1.219873801523776
2025-12-11,Nikkei 225,^N225,50148.8203125,-0.901193521887933,1.1345296635460753
2025-12-12,Nikkei 225,^N225,50836.55078125,1.3620608482938223,1.1274365083310784
2025-12-15,Nikkei 225,^N225,50168.109375,-1.3236046020793424,1.1777625518393389
2025-12-16,Nikkei 225,^N225,49383.2890625,-1.5767464535061393,1.2250480645740798
2025-12-17,Nikkei 225,^N225,49512.28125,0.2608655984136732,1.3061743772909757
2025-12-18,Nikkei 225,^N225,49001.5,-1.0369834975051617,1.2070812514844154
2025-12-19,Nikkei 225,^N225,49507.2109375,1.026742458306984,1.2016916271523503
2025-12-22,Nikkei 225,^N225,50402.390625,1.7920272518077596,1.1828901183162501
2025-12-23,Nikkei 225,^N225,50412.87109375,0.020791432981503988,1.3000915382383393
2025-12-24,Nikkei 225,^N225,50344.1015625,-0.13650577248540685,1.199187920251554
2025-12-25,Nikkei 225,^N225,50407.7890625,0.1264244434276307,1.118342650668388
2025-12-26,Nikkei 225,^N225,50750.390625,0.6773606909245444,1.0503073284168245
2025-12-29,Nikkei 225,^N225,50526.921875,-0.4413014270404858,1.0252755330239942
2025-12-30,Nikkei 225,^N225,50339.48046875,-0.37166314582588456,0.9936771219286618
2026-01-05,Nikkei 225,^N225,51832.80078125,2.923349937373132,0.9637208228914002
2026-01-06,Nikkei 225,^N225,52518.078125,1.313428698078134,1.4652321073228323
2026-01-07,Nikkei 225,^N225,51961.98046875,-1.0645149229500106,1.4270442332603877
2026-01-08,Nikkei 225,^N225,51117.26171875,-1.6390063450527848,1.376976248140743
2026-01-09,Nikkei 225,^N225,51939.890625,1.5964857554806144,1.4283762252908532
2026-01-13,Nikkei 225,^N225,53549.16015625,3.05130129768596,1.4419891012798305
2026-01-14,Nikkei 225,^N225,54341.23046875,1.4683134213456128,1.7728926578745894
2026-01-15,Nikkei 225,^N225,54110.5,-0.425499557945308,1.6918320796207746
2026-01-16,Nikkei 225,^N225,53936.171875,-0.3226906914335359,1.5389269825334826
2026-01-19,Nikkei 225,^N225,53583.5703125,-0.6558848065619571,1.4062001974585716
2026-01-20,Nikkei 225,^N225,52991.1015625,-1.1118492659143442,1.3171479415187435
2026-01-21,Nikkei 225,^N225,52774.640625,-0.40932202667267603,1.2971289858905217
2026-01-22,Nikkei 225,^N225,53688.890625,1.7175317478617558,1.2103178585053398
2026-01-23,Nikkei 225,^N225,53846.87109375,0.29381961847612104,1.3040984079999955
2026-01-26,Nikkei 225,^N225,52885.25,-1.8019825798463174,1.206340300323925
2026-01-27,Nikkei 225,^N225,53333.5390625,0.844091197296315,1.3392837060990008
2026-01-28,Nikkei 225,^N225,53358.7109375,0.0471859492456872,1.2710934489483732
2026-01-29,Nikkei 225,^N225,53375.6015625,0.031649850447124095,1.175151340717427
2026-01-30,Nikkei 225,^N225,53322.8515625,-0.09887679296696206,1.0962527788233394
2026-02-02,Nikkei 225,^N225,52655.1796875,-1.2600360676755074,1.0335683078883249
2026-02-03,Nikkei 225,^N225,54720.66015625,3.8476724129820283,1.109312146036347
2026-02-04,Nikkei 225,^N225,54293.359375,-0.7839413158949426,1.82782369707134
2026-02-05,Nikkei 225,^N225,53818.0390625,-0.879321481430928,1.6754360216253346
2026-02-06,Nikkei 225,^N225,54253.6796875,0.80621089341264,1.557428372083208
2026-02-09,Nikkei 225,^N225,56363.94140625,3.815879881114803,1.4453811990280372
2026-02-10,Nikkei 225,^N225,57650.5390625,2.2569980005970436,1.989751465725728
2026-02-12,Nikkei 225,^N225,57639.83984375,-0.01856047118966586,1.9830269497158661
2026-02-13,Nikkei 225,^N225,56941.96875,-1.2181335445070829,1.7751486926307383
2026-02-16,Nikkei 225,^N225,56806.41015625,-0.23834828984643508,1.6746869369600363
2026-02-17,Nikkei 225,^N225,56566.48828125,-0.42324441989496364,1.5172133416356226
2026-02-18,Nikkei 225,^N225,57143.83984375,1.0154865146340342,1.3928288426058557
2026-02-19,Nikkei 225,^N225,57467.828125,0.5653685178701906,1.3321319545903725
2026-02-20,Nikkei 225,^N225,56825.69921875,-1.1236605912792186,1.2425733191634079
2026-02-24,Nikkei 225,^N225,57321.08984375,0.8679941667208979,1.2413909055567325
2026-02-25,Nikkei 225,^N225,58583.12109375,2.1778003046273753,1.1953042452466456
2026-02-26,Nikkei 225,^N225,58753.390625,0.2902244975093282,1.3950303258746157
2026-02-27,Nikkei 225,^N225,58850.26953125,0.1647549541154092,1.2815785077826167
2026-03-02,Nikkei 225,^N225,58057.23828125,-1.3567022834561016,1.1847001433578972
2026-03-03,Nikkei 225,^N225,56279.05078125,-3.1107024732342836,1.2359716591233862
2026-03-04,Nikkei 225,^N225,54245.5390625,-3.6801606322272917,1.6950952915655586
2026-03-05,Nikkei 225,^N225,55278.05859375,1.8855299560579297,2.12461723457816
2026-03-06,Nikkei 225,^N225,55620.83984375,0.618188902623551,2.030151492905968
2026-03-09,Nikkei 225,^N225,52728.71875,-5.33976934286855,1.8290672673039035
2026-03-10,Nikkei 225,^N225,54248.390625,2.8413071146895064,2.6904404292285884
2026-03-11,Nikkei 225,^N225,55025.37109375,1.4221045401468402,2.6255482966468136
2026-03-12,Nikkei 225,^N225,54452.9609375,-1.0457144565446441,2.388845006926969
2026-03-13,Nikkei 225,^N225,53819.609375,-1.1699339635105943,2.166273514681542
2026-03-16,Nikkei 225,^N225,53751.1484375,-0.12728542242381735,1.9908011153277807
2026-03-17,Nikkei 225,^N225,53700.390625,-0.09447573616583327,1.7829445317269097
2026-03-18,Nikkei 225,^N225,55239.3984375,2.825616280478016,1.6056605195117604
2026-03-19,Nikkei 225,^N225,53372.53125,-3.438022095001969,1.8221960848470309
2026-03-23,Nikkei 225,^N225,51515.48828125,-3.5413711770964085,2.1406751539037625
2026-03-24,Nikkei 225,^N225,52252.28125,1.4201044398193474,2.379224734164745
2026-03-25,Nikkei 225,^N225,53749.62109375,2.8253067385401565,2.1826914254306926
2026-03-26,Nikkei 225,^N225,53603.6484375,-0.27194839402699955,2.233774160660628
2026-03-27,Nikkei 225,^N225,53373.0703125,-0.4310816124595718,1.9935184856125134
2026-03-30,Nikkei 225,^N225,51885.8515625,-2.8260174078100775,1.793965740808493
2026-03-31,Nikkei 225,^N225,51063.71875,-1.5971903276906119,1.9739003518346359
2026-04-01,Nikkei 225,^N225,53739.6796875,5.107740261389537,1.883136446761298
2026-04-02,Nikkei 225,^N225,52463.26953125,-2.403834599081911,2.617830268639951
2026-04-03,Nikkei 225,^N225,53123.48828125,1.2505874189827182,2.5141652422856735
2026-04-06,Nikkei 225,^N225,53413.6796875,0.5447716125082991,2.280428161374041
2026-04-07,Nikkei 225,^N225,53429.55859375,0.029723745970855475,2.0389377367332924
2026-04-08,Nikkei 225,^N225,56308.421875,5.247998867014125,1.822703805862499
2026-04-09,Nikkei 225,^N225,55895.3203125,-0.7363451895447071,2.628066157000972
2026-04-10,Nikkei 225,^N225,56924.109375,1.8238304924274473,2.3491548990527034
2026-04-13,Nikkei 225,^N225,56502.76953125,-0.742931103785871,2.2031675627542
2026-04-14,Nikkei 225,^N225,57877.390625,2.403716304551118,1.9880339168873633
2026-04-15,Nikkei 225,^N225,58134.23828125,0.4427971201467429,2.0079218575866036
2026-04-16,Nikkei 225,^N225,59518.33984375,2.3529708275489725,1.8029265724961554
2026-04-17,Nikkei 225,^N225,58475.8984375,-1.7669820901513589,1.8597986621612428
2026-04-20,Nikkei 225,^N225,58824.890625,0.5950398458972828,1.8176725291618059
2026-04-21,Nikkei 225,^N225,59349.171875,0.8873092431677776,1.6483334436700918
2026-04-22,Nikkei 225,^N225,59585.859375,0.3980119397397175,1.5270622941041547
2026-04-23,Nikkei 225,^N225,59140.23046875,-0.7506875692643078,1.3953686421503273
2026-04-24,Nikkei 225,^N225,59716.1796875,0.9691588801633344,1.3168084400521531
2026-04-27,Nikkei 225,^N225,60537.359375,1.3657684565078654,1.2663307128625159
2026-04-28,Nikkei 225,^N225,59917.4609375,-1.0292720682448575,1.2816353255783042
2026-04-30,Nikkei 225,^N225,59284.921875,-1.0612958981671028,1.2582408588538172
2026-05-01,Nikkei 225,^N225,59513.12109375,0.384180570188164,1.2444821448427221
2026-05-07,Nikkei 225,^N225,62833.83984375,5.429696853711796,1.1607742298434298
2026-05-08,Nikkei 225,^N225,62713.6484375,-0.1914676981813912,2.3871885580903793
2026-05-11,Nikkei 225,^N225,62417.87890625,-0.47273471097977193,2.123326734658981
2026-05-12,Nikkei 225,^N225,62742.5703125,0.5188414337879976,1.9060418991634691
2026-05-13,Nikkei 225,^N225,63272.109375,0.8404452255891925,1.7193727094250435
2026-05-14,Nikkei 225,^N225,62654.05078125,-0.9816285289055315,1.5819970397476377
2026-05-15,Nikkei 225,^N225,61409.2890625,-2.0067225201170658,1.4914487500975508
2026-05-18,Nikkei 225,^N225,60815.94921875,-0.9709034124785632,1.583066986481451
2026-05-19,Nikkei 225,^N225,60550.58984375,-0.4372865863999209,1.491164071600449
2026-05-20,Nikkei 225,^N225,59804.41015625,-1.2399804714775087,1.3719404684304337
2026-05-21,Nikkei 225,^N225,61684.140625,3.094745108784025,1.3579826269044268
2026-05-22,Nikkei 225,^N225,63339.0703125,2.647550551406397,1.7333609231428777
2026-05-25,Nikkei 225,^N225,65158.19140625,2.8315663880865927,1.8699077563867763
2026-05-26,Nikkei 225,^N225,64996.08984375,-0.24909153161711828,2.0067453719624937
2026-05-27,Nikkei 225,^N225,64999.41015625,0.005108349905569298,1.7990554501805098
2026-05-28,Nikkei 225,^N225,64693.12109375,-0.47233195155289565,1.618427312934241
2026-05-29,Nikkei 225,^N225,66329.5,2.497986962210952,1.4798623135027438
2026-06-01,Nikkei 225,^N225,66934.328125,0.9077216022504331,1.6602690490595298
2026-06-02,Nikkei 225,^N225,66734.2421875,-0.29937641507409296,1.5386656692256833
2026-06-03,Nikkei 225,^N225,68402.1328125,2.468580829809497,1.4050487583057307
2026-06-04,Nikkei 225,^N225,67470.6875,-1.371076131030513,1.6028982048448195
2026-06-05,Nikkei 225,^N225,66588.1171875,-1.316710328198134,1.557035578349135
2026-06-08,Nikkei 225,^N225,64024.6015625,-3.925873210817876,1.5132784078522659
2026-06-09,Nikkei 225,^N225,65416.62890625,2.1509081853736234,2.0890592833932575
2026-06-10,Nikkei 225,^N225,64179.26953125,-1.9096236711574122,2.04214231253308
2026-06-11,Nikkei 225,^N225,64217.26953125,0.05919162835219538,1.9827925850851085
2026-06-12,Nikkei 225,^N225,66020.0390625,2.768614776474543,1.7747521846501586
2026-06-15,Nikkei 225,^N225,69317.5,4.873908146761252,1.9256256848318851
2026-06-16,Nikkei 225,^N225,69404.5,0.12543073399502447,2.5720839049758584
2026-06-17,Nikkei 225,^N225,69902.25,0.7146130653717719,2.280512312022891
2026-06-18,Nikkei 225,^N225,71053.4921875,1.6335166898283404,2.046551122332697
2026-06-19,Nikkei 225,^N225,71250.0625,0.27626918801573197,1.933425030550601
2026-06-22,Nikkei 225,^N225,72353.9609375,1.5374502127697198,1.7349728557843056
2026-06-23,Nikkei 225,^N225,69788.3828125,-3.6102637903629997,1.6709587204385479
2026-06-24,Nikkei 225,^N225,69174.96875,-0.8828486645338529,2.0907586703608745
2026-06-25,Nikkei 225,^N225,72366.34375,4.5102252056707925,1.902971298775082
2026-06-26,Nikkei 225,^N225,69360.8828125,-4.241826560828699,2.4539377622835064
2026-06-29,Nikkei 225,^N225,69468.109375,0.15447289810630593,2.7608697512096456
2026-06-30,Nikkei 225,^N225,70062.3203125,0.8517346805122727,2.4434653655556553
2026-07-01,Nikkei 225,^N225,70474.9609375,0.5872346570765075,2.1926624577439813
2026-07-02,Nikkei 225,^N225,68733.1484375,-2.502588986039811,1.965776760023056
2026-07-03,Nikkei 225,^N225,69744.0703125,1.4600810781708162,2.0286648950217527
2026-07-06,Nikkei 225,^N225,69737.6875,-0.009152182485472338,1.8977099298648819
2026-07-07,Nikkei 225,^N225,68256.9609375,-2.146146119940795,1.7023766804958915
2026-07-08,Nikkei 225,^N225,66819.046875,-2.1291247863272744,1.7644313273207457
2026-07-09,Nikkei 225,^N225,67743.8515625,1.3745531037361758,1.8071807499587471
2026-07-10,Nikkei 225,^N225,68557.7265625,1.1942410119619495,1.7075862395540322
2026-07-13,Nikkei 225,^N225,67242.7265625,-1.936725648792148,1.6058941358178282
2026-07-14,Nikkei 225,^N225,67743.5,0.7419656769480198,1.6530732191230246
2026-07-15,Nikkei 225,^N225,68751.5078125,1.4770153926590979,1.5195741395995104
2026-07-16,Nikkei 225,^N225,66835.5390625,-2.8263707161523044,1.4930312244734736
2026-07-17,Nikkei 225,^N225,64141.12109375,-4.114928799573647,1.7723127604127247
2026-07-21,Nikkei 225,^N225,66232.1875,3.208088782323948,2.2922850340467176
2026-07-22,Nikkei 225,^N225,66115.6015625,-0.17618120934645987,2.3914914586079785
2026-07-23,Nikkei 225,^N225,66422.6015625,0.4632634845094685,2.126760273459301
2026-07-24,Nikkei 225,^N225,64611.1484375,-2.7650411211128656,1.9048404040773346
2026-07-27,Nikkei 225,^N225,64931.19140625,0.4941143108686319,2.0384603489761517
2026-07-28,Nikkei 225,^N225,62364.921875,-4.032514756848826,1.8307509726725943
2026-07-29,Nikkei 225,^N225,61434.19140625,-1.5036424414800464,2.3041778255451537
2026-07-30,Nikkei 225,^N225,61867.4296875,0.7027321462576452,2.139775484270555
2026-07-31,Nikkei 225,^N225,64362.01953125,3.9529835383822487,1.9263380908335443
2026-08-03,Nikkei 225,^N225,63754.8984375,-0.9477680980717551,2.315595302258538
2026-08-04,Nikkei 225,^N225,63957.53125,0.3173269556180358,2.097031697954429
2026-08-05,Nikkei 225,^N225,66300.4375,3.5977207085304386,1.8753537980928423
2026-08-06,Nikkei 225,^N225,65683.2578125,-0.9352430762797681,2.1909690181145107
2026-08-07,Nikkei 225,^N225,65606.7109375,-0.11660736064218469,1.991155447796455
2026-08-10,Nikkei 225,^N225,66970.21875,2.057003271037061,1.7830867706018911
2026-08-12,Nikkei 225,^N225,67524.0625,0.8235991530979092,1.7902947476201045
2026-08-13,Nikkei 225,^N225,68308.59375,1.1551566398559032,1.6397279939790488
2026-08-14,Nikkei 225,^N225,68713.796875,0.5914424705805388,1.5465004702893679
2026-08-17,Nikkei 225,^N225,69220.25,0.7343442933699151,1.421133166264972
2026-08-18,Nikkei 225,^N225,67460.7265625,-2.574785002682489,1.327729818816138
2026-08-19,Nikkei 225,^N225,65326.421875,-3.214902250782714,1.602759004016104
2026-08-20,Nikkei 225,^N225,66216.7890625,1.3537464666136145,1.9424630341266031
2026-08-21,Nikkei 225,^N225,66016.359375,-0.30314613750039854,1.815140881347856
2026-08-24,Nikkei 225,^N225,65528.08984375,-0.742367734352456,1.6379206110760425
2026-08-25,Nikkei 225,^N225,65856.4296875,0.4998161556013514,1.5145466414327502
2026-08-26,Nikkei 225,^N225,66262.15625,0.6141873757462335,1.3894952162227971
2026-08-27,Nikkei 225,^N225,66131.9765625,-0.19665483158242125,1.2928565939487746
2026-08-31,Nikkei 225,^N225,66311.9296875,0.2717425676005192,1.1970916104820948
2026-09-01,Nikkei 225,^N225,66215.34375,-0.1457601172878853,1.1176867550959715
2018-01-03,FTSE 100,^FTSE,7671.10009765625,0.3002769986503395,0.9759799271904164
2018-01-04,FTSE 100,^FTSE,7695.89990234375,0.3227673093981309,0.8898214174374631
2018-01-05,FTSE 100,^FTSE,7724.2001953125,0.36705760097497375,0.8209035796402672
2018-01-08,FTSE 100,^FTSE,7696.5,-0.35926027683643724,0.7686513077655241
2018-01-09,FTSE 100,^FTSE,7731.0,0.4472540270345604,0.7291948754387899
2018-01-10,FTSE 100,^FTSE,7748.5,0.2261055906915388,0.7039420166729059
2018-01-11,FTSE 100,^FTSE,7762.89990234375,0.18566868975238293,0.6659630072631396
2018-01-12,FTSE 100,^FTSE,7778.60009765625,0.20204228231932575,0.6339464797585933
2018-01-15,FTSE 100,^FTSE,7769.10009765625,-0.1222045841242192,0.6097413135272877
2018-01-16,FTSE 100,^FTSE,7755.89990234375,-0.17005086626014077,0.5886520472927624
2018-01-17,FTSE 100,^FTSE,7725.39990234375,-0.39402427245072147,0.5747444701003732
2018-01-18,FTSE 100,^FTSE,7701.0,-0.31633981805061495,0.5845357706774047
2018-01-19,FTSE 100,^FTSE,7730.7998046875,0.3862134307860643,0.583128973353801
2018-01-22,FTSE 100,^FTSE,7715.39990234375,-0.1994005999977233,0.5861340241374727
2018-01-23,FTSE 100,^FTSE,7731.7998046875,0.21233503568964807,0.5746195202801037
2018-01-24,FTSE 100,^FTSE,7643.39990234375,-1.1499151636778393,0.564666248301534
2018-01-25,FTSE 100,^FTSE,7615.7998046875,-0.36175065907624315,0.7365270488764615
2018-01-26,FTSE 100,^FTSE,7665.5,0.6504730774020473,0.704193546557937
2018-01-29,FTSE 100,^FTSE,7671.5,0.07824216347511737,0.7119182387630792
2018-01-30,FTSE 100,^FTSE,7588.0,-1.0944111330355,0.6669780423965708
2018-01-31,FTSE 100,^FTSE,7533.60009765625,-0.7195023896292341,0.783910005069977
2018-02-01,FTSE 100,^FTSE,7490.39990234375,-0.5750840571455029,0.7872524231419158
2018-02-02,FTSE 100,^FTSE,7443.39990234375,-0.6294467020337535,0.7681292522614633
2018-02-05,FTSE 100,^FTSE,7335.0,-1.4670308989737535,0.7613076530014279
2018-02-06,FTSE 100,^FTSE,7141.39990234375,-2.6748589707608517,0.9408316691930142
2018-02-07,FTSE 100,^FTSE,7279.39990234375,1.9139605926898895,1.4142137516719768
2018-02-08,FTSE 100,^FTSE,7170.7001953125,-1.5045121720769217,1.481400380837913
2018-02-09,FTSE 100,^FTSE,7092.39990234375,-1.097953166191168,1.453576521579933
2018-02-12,FTSE 100,^FTSE,7177.10009765625,1.1871640924312032,1.365108966553165
2018-02-13,FTSE 100,^FTSE,7168.0,-0.12687396832387066,1.3039182320985498
2018-02-14,FTSE 100,^FTSE,7214.0,0.6396906808719294,1.1577351255390596
2018-02-15,FTSE 100,^FTSE,7234.7998046875,0.2879106823620248,1.0658651854773211
2018-02-16,FTSE 100,^FTSE,7294.7001953125,0.8245394541166462,0.9632480856949782
2018-02-19,FTSE 100,^FTSE,7247.7001953125,-0.6463879742348411,0.9349310666993554
2018-02-20,FTSE 100,^FTSE,7246.7998046875,-0.0124238935619303,0.8921660190817153
2018-02-21,FTSE 100,^FTSE,7281.60009765625,0.4790666523446063,0.8127565075658019
2018-02-22,FTSE 100,^FTSE,7252.39990234375,-0.4018196587466605,0.7726015867245069
2018-02-23,FTSE 100,^FTSE,7244.39990234375,-0.11036919761426844,0.7363489349539786
2018-02-26,FTSE 100,^FTSE,7289.60009765625,0.6219945099321222,0.6880652042545757
2018-02-27,FTSE 100,^FTSE,7282.5,-0.09744783758716125,0.6955704890377927
2018-02-28,FTSE 100,^FTSE,7231.89990234375,-0.6972427794346814,0.6551453006744724
2018-03-01,FTSE 100,^FTSE,7175.60009765625,-0.7815386604818286,0.6895657881853773
2018-03-02,FTSE 100,^FTSE,7069.89990234375,-1.4840073728368708,0.7297293223017919
2018-03-05,FTSE 100,^FTSE,7116.0,0.6499448079669179,0.9267411583334099
2018-03-06,FTSE 100,^FTSE,7146.7998046875,0.4318906944622114,0.8821514584877874
2018-03-07,FTSE 100,^FTSE,7157.7998046875,0.15379671530286743,0.8231599724891727
2018-03-08,FTSE 100,^FTSE,7203.2001953125,0.632275494372081,0.7584522776136027
2018-03-09,FTSE 100,^FTSE,7224.5,0.2952628606568197,0.7497889488998287
2018-03-12,FTSE 100,^FTSE,7214.7998046875,-0.13435827087118213,0.7066219830090918
2018-03-13,FTSE 100,^FTSE,7138.7998046875,-1.0589777102383735,0.6652178017706858
2018-03-14,FTSE 100,^FTSE,7132.7001953125,-0.08547958864042471,0.7740472263771839
2018-03-15,FTSE 100,^FTSE,7139.7998046875,0.09948656452021254,0.7176541448881368
2018-03-16,FTSE 100,^FTSE,7164.10009765625,0.33977190154494963,0.6719666694889384
2018-03-19,FTSE 100,^FTSE,7042.89990234375,-1.7062453113080522,0.6490608228909299
2018-03-20,FTSE 100,^FTSE,7061.2998046875,0.2609139570372676,0.9494973594936732
2018-03-21,FTSE 100,^FTSE,7039.0,-0.3163028245978694,0.8660116594747337
2018-03-22,FTSE 100,^FTSE,6952.60009765625,-1.2350410242090604,0.8033830886564992
2018-03-23,FTSE 100,^FTSE,6921.89990234375,-0.4425420075113706,0.9071420352870302
2018-03-26,FTSE 100,^FTSE,6888.7001953125,-0.4807867978081859,0.8470630000275395
2018-03-27,FTSE 100,^FTSE,7000.10009765625,1.6042032287545638,0.8031858847296617
2018-03-28,FTSE 100,^FTSE,7044.7001953125,0.6351140157958568,0.9956113012394723
2018-03-29,FTSE 100,^FTSE,7056.60009765625,0.1687774165691991,0.9348515000451255
2018-04-03,FTSE 100,^FTSE,7030.5,-0.3705535893169909,0.8502252901787164
2018-04-04,FTSE 100,^FTSE,7034.0,0.049770700305629134,0.7949915767653435
2018-04-05,FTSE 100,^FTSE,7199.5,2.3256045114397494,0.7334913943268261
2018-04-06,FTSE 100,^FTSE,7183.60009765625,-0.2210915409410319,1.1855791591358675
2018-04-09,FTSE 100,^FTSE,7194.7998046875,0.15578519685597314,1.0612646386153328
2018-04-10,FTSE 100,^FTSE,7266.7998046875,0.9957486979741859,0.9544376732765595
2018-04-11,FTSE 100,^FTSE,7257.10009765625,-0.13356892485560934,0.9567165685847997
2018-04-12,FTSE 100,^FTSE,7258.2998046875,0.016530127203573386,0.8681130015437638
2018-04-13,FTSE 100,^FTSE,7264.60009765625,0.08676357210131158,0.7929470121324242
2018-04-16,FTSE 100,^FTSE,7198.2001953125,-0.9182228549251548,0.7323008516193454
2018-04-17,FTSE 100,^FTSE,7226.10009765625,0.3868463158779534,0.7871211081272343
2018-04-18,FTSE 100,^FTSE,7317.2998046875,1.2541895720422858,0.7434424588459129
2018-04-19,FTSE 100,^FTSE,7328.89990234375,0.1584042320036616,0.8649620041719512
2018-04-20,FTSE 100,^FTSE,7368.2001953125,0.5348046400786899,0.7926277768631507
2018-04-23,FTSE 100,^FTSE,7398.89990234375,0.41578578130714305,0.7631321753207654
2018-04-24,FTSE 100,^FTSE,7425.39990234375,0.3575214826522455,0.7271963387828045
2018-04-25,FTSE 100,^FTSE,7379.2998046875,-0.6227785442323608,0.693654787435724
2018-04-26,FTSE 100,^FTSE,7421.39990234375,0.5688948770528057,0.7047387891317107
2018-04-27,FTSE 100,^FTSE,7502.2001953125,1.0828631427672875,0.7002598588777598
2018-04-30,FTSE 100,^FTSE,7509.2998046875,0.09458894719838185,0.7950332102353457
2018-05-01,FTSE 100,^FTSE,7520.39990234375,0.14770886831794172,0.7341312064049565
2018-05-02,FTSE 100,^FTSE,7543.2001953125,0.30272060108753607,0.6864840292101604
2018-05-03,FTSE 100,^FTSE,7502.7001953125,-0.5383539271749171,0.6573052648922183
2018-05-04,FTSE 100,^FTSE,7567.10009765625,0.8546934017189756,0.664999014772374
2018-05-08,FTSE 100,^FTSE,7565.7998046875,-0.01718498080780506,0.7208352459878724
2018-05-09,FTSE 100,^FTSE,7662.5,1.2700235263110926,0.6737353919294338
2018-05-10,FTSE 100,^FTSE,7701.0,0.5011889294783245,0.8253542520290169
2018-05-11,FTSE 100,^FTSE,7724.60009765625,0.3059863593033896,0.7848814821282811
2018-05-14,FTSE 100,^FTSE,7711.0,-0.17621732993227113,0.7353032345862981
2018-05-15,FTSE 100,^FTSE,7723.0,0.15550087363038756,0.6899022883755098
2018-05-16,FTSE 100,^FTSE,7734.2001953125,0.1449188356383857,0.6515544748215744
2018-05-17,FTSE 100,^FTSE,7788.0,0.6932009566442687,0.6209236191606069
2018-05-18,FTSE 100,^FTSE,7778.7998046875,-0.118202796967104,0.65890315579198
2018-05-21,FTSE 100,^FTSE,7859.2001953125,1.028278540174199,0.6268728899813253
2018-05-22,FTSE 100,^FTSE,7877.5,0.23257497072677324,0.734350980961656
2018-05-23,FTSE 100,^FTSE,7788.39990234375,-1.1375159928643797,0.6904392474681922
2018-05-24,FTSE 100,^FTSE,7716.7001953125,-0.9248597901052591,0.8096228083936201
2018-05-25,FTSE 100,^FTSE,7730.2998046875,0.17608095926391343,0.8431623804929003
2018-05-29,FTSE 100,^FTSE,7632.60009765625,-1.271908620952722,0.775466946422641
2018-05-30,FTSE 100,^FTSE,7689.60009765625,0.7440219057087916,0.8979946953572151
2018-05-31,FTSE 100,^FTSE,7678.2001953125,-0.14836091330518997,0.8726361245716497
2018-06-01,FTSE 100,^FTSE,7701.7998046875,0.3068872288260138,0.7996179540948248
2018-06-04,FTSE 100,^FTSE,7741.2998046875,0.5115564509550197,0.7471464675529482
2018-06-05,FTSE 100,^FTSE,7686.7998046875,-0.7065060257238187,0.7251494233981476
2018-06-06,FTSE 100,^FTSE,7712.39990234375,0.332486385354791,0.7416950475290487
2018-06-07,FTSE 100,^FTSE,7704.39990234375,-0.1037828968321719,0.702984849908432
2018-06-08,FTSE 100,^FTSE,7681.10009765625,-0.3028802768776373,0.6612340782282817
2018-06-11,FTSE 100,^FTSE,7737.39990234375,0.7302922451023264,0.6402861090042282
2018-06-12,FTSE 100,^FTSE,7703.7998046875,-0.4352012968674046,0.6793355648136472
2018-06-13,FTSE 100,^FTSE,7703.7001953125,-0.0012929985397036603,0.6678477746381981
2018-06-14,FTSE 100,^FTSE,7765.7998046875,0.8028694263252589,0.6314606040380526
2018-06-15,FTSE 100,^FTSE,7633.89990234375,-1.7130610391813406,0.6872149765770219
2018-06-18,FTSE 100,^FTSE,7631.2998046875,-0.034065688380024994,0.9715014639521752
2018-06-19,FTSE 100,^FTSE,7603.89990234375,-0.35969245447375897,0.8783279380888348
2018-06-20,FTSE 100,^FTSE,7627.39990234375,0.3085753540188918,0.8166338019175714
2018-06-21,FTSE 100,^FTSE,7556.39990234375,-0.935214088689662,0.7609018354481932
2018-06-22,FTSE 100,^FTSE,7682.2998046875,1.652408269069916,0.810638087841867
2018-06-25,FTSE 100,^FTSE,7509.7998046875,-2.271014781232239,1.0136923383478456
2018-06-26,FTSE 100,^FTSE,7537.89990234375,0.37348074279588417,1.324045882691543
2018-06-27,FTSE 100,^FTSE,7621.7001953125,1.105585187155178,1.1827254219481351
2018-06-28,FTSE 100,^FTSE,7615.60009765625,-0.08006796302293395,1.1490004577974844
2018-06-29,FTSE 100,^FTSE,7636.89990234375,0.27929609616119677,1.0267237414121215
2018-07-02,FTSE 100,^FTSE,7547.89990234375,-1.172238294850203,0.9304686928006094
2018-07-03,FTSE 100,^FTSE,7593.2998046875,0.5996887866293932,0.9801986708609461
2018-07-04,FTSE 100,^FTSE,7573.10009765625,-0.26637460577738636,0.9185178324220633
2018-07-05,FTSE 100,^FTSE,7603.2001953125,0.3966729248075396,0.8426839793722338
2018-07-06,FTSE 100,^FTSE,7617.7001953125,0.1905275511200344,0.7885043669493436
2018-07-09,FTSE 100,^FTSE,7688.0,0.918615916251575,0.7317745931399804
2018-07-10,FTSE 100,^FTSE,7692.0,0.05201560585419429,0.7803479272595705
2018-07-11,FTSE 100,^FTSE,7592.0,-1.308576641890724,0.7216528275709131
2018-07-12,FTSE 100,^FTSE,7651.2998046875,0.7780481207376511,0.8734835444949097
2018-07-13,FTSE 100,^FTSE,7661.89990234375,0.13844395099820161,0.8590309064362633
2018-07-16,FTSE 100,^FTSE,7600.5,-0.804594742304765,0.7871972008232998
2018-07-17,FTSE 100,^FTSE,7626.2998046875,0.33887395523528596,0.8043026028258489
2018-07-18,FTSE 100,^FTSE,7676.2998046875,0.6534860639529683,0.7531949420892635
2018-07-19,FTSE 100,^FTSE,7684.0,0.10026101124900322,0.7489438111194543
2018-07-20,FTSE 100,^FTSE,7678.7998046875,-0.06769853903225709,0.6970550240136778
2018-07-23,FTSE 100,^FTSE,7655.7998046875,-0.29997545202427034,0.6555404002632617
2018-07-24,FTSE 100,^FTSE,7709.10009765625,0.6937956915988863,0.6356371754030347
2018-07-25,FTSE 100,^FTSE,7658.2998046875,-0.6611460408068481,0.6694205170890438
2018-07-26,FTSE 100,^FTSE,7663.2001953125,0.0639675069947998,0.6934138634198759
2018-07-27,FTSE 100,^FTSE,7701.2998046875,0.4959443843500111,0.6520208227915458
2018-07-30,FTSE 100,^FTSE,7700.89990234375,-0.005192795203967648,0.6508540617024663
2018-07-31,FTSE 100,^FTSE,7748.7998046875,0.6200774996237612,0.6180670868112529
2018-08-01,FTSE 100,^FTSE,7652.89990234375,-1.2453319250784745,0.6442253587622387
2018-08-02,FTSE 100,^FTSE,7575.89990234375,-1.0112504881860218,0.8093961443532416
2018-08-03,FTSE 100,^FTSE,7659.10009765625,1.092235279870657,0.8605435044207154
2018-08-06,FTSE 100,^FTSE,7663.7998046875,0.0613422682203435,0.9070442331948394
2018-08-07,FTSE 100,^FTSE,7718.5,0.7112125830182947,0.8251191205047955
2018-08-08,FTSE 100,^FTSE,7776.7001953125,0.7512064157989329,0.8120077898389182
2018-08-09,FTSE 100,^FTSE,7741.7998046875,-0.4497915322335899,0.8083092376665837
2018-08-10,FTSE 100,^FTSE,7667.0,-0.9708788898654674,0.7693382286063932
2018-08-13,FTSE 100,^FTSE,7642.5,-0.3200629793905563,0.8239782097868007
2018-08-14,FTSE 100,^FTSE,7611.60009765625,-0.40513625072140513,0.7698918554971924
2018-08-15,FTSE 100,^FTSE,7497.89990234375,-1.5050443965172633,0.7345559065540875
2018-08-16,FTSE 100,^FTSE,7556.39990234375,0.7771905066446649,0.9355788473619309
2018-08-17,FTSE 100,^FTSE,7558.60009765625,0.02911274003363218,0.9064912175803879
2018-08-20,FTSE 100,^FTSE,7591.2998046875,0.4316828232788339,0.8244617858506433
2018-08-21,FTSE 100,^FTSE,7565.7001953125,-0.3377928840381017,0.7771241287498062
2018-08-22,FTSE 100,^FTSE,7574.2001953125,0.11228608740836421,0.7340105387236164
2018-08-23,FTSE 100,^FTSE,7563.2001953125,-0.14533541628480862,0.6853499824585711
2018-08-24,FTSE 100,^FTSE,7577.5,0.18889230689289604,0.6488205227456362
2018-08-28,FTSE 100,^FTSE,7617.2001953125,0.5225543793686782,0.6206645542787425
2018-08-29,FTSE 100,^FTSE,7563.2001953125,-0.7114466862615743,0.6311736570239868
2018-08-30,FTSE 100,^FTSE,7516.0,-0.6260325329671801,0.675302918933746
2018-08-31,FTSE 100,^FTSE,7432.39990234375,-1.118527331401964,0.6918079244622295
2018-09-03,FTSE 100,^FTSE,7504.60009765625,0.9667370639233397,0.8057709759776764
2018-09-04,FTSE 100,^FTSE,7457.89990234375,-0.6242318724522633,0.8424524657279744
2018-09-05,FTSE 100,^FTSE,7383.2998046875,-1.0053193465033416,0.817279010229845
2018-09-06,FTSE 100,^FTSE,7319.0,-0.8746960067787413,0.864864371725204
2018-09-07,FTSE 100,^FTSE,7277.7001953125,-0.5658801556991833,0.8740484620117593
2018-09-10,FTSE 100,^FTSE,7279.2998046875,0.021977184604438094,0.834252595300579
2018-09-11,FTSE 100,^FTSE,7273.5,-0.07970706767626012,0.7652822749070517
2018-09-12,FTSE 100,^FTSE,7313.39990234375,0.5470662323270759,0.7104479026919793
2018-09-13,FTSE 100,^FTSE,7281.60009765625,-0.4357636863037584,0.7016015911198407
2018-09-14,FTSE 100,^FTSE,7304.0,0.30715116010551213,0.6849147900224644
2018-09-17,FTSE 100,^FTSE,7302.10009765625,-0.02601519011609099,0.6564229713913277
2018-09-18,FTSE 100,^FTSE,7300.2001953125,-0.026021959778255166,0.6226409033519932
2018-09-19,FTSE 100,^FTSE,7331.10009765625,0.42238143793689176,0.5961230588751517
2018-09-20,FTSE 100,^FTSE,7367.2998046875,0.49256763269980297,0.5999634850141279
2018-09-21,FTSE 100,^FTSE,7490.2001953125,1.6544263017967964,0.6117959442425946
2018-09-24,FTSE 100,^FTSE,7458.39990234375,-0.42546246111712094,0.903980253974268
2018-09-25,FTSE 100,^FTSE,7507.60009765625,0.6574952900722408,0.842930280378837
2018-09-26,FTSE 100,^FTSE,7511.5,0.05193257127302786,0.8178928941635681
2018-09-27,FTSE 100,^FTSE,7545.39990234375,0.450291359360655,0.752106373751752
2018-09-28,FTSE 100,^FTSE,7510.2001953125,-0.46759705277548136,0.7220677909900786
2018-10-01,FTSE 100,^FTSE,7495.7001953125,-0.19325737390580855,0.7043679037979919
2018-10-02,FTSE 100,^FTSE,7474.60009765625,-0.28189296427925115,0.6662241370665306
2018-10-03,FTSE 100,^FTSE,7510.2998046875,0.47647665055823296,0.6423759512326572
2018-10-04,FTSE 100,^FTSE,7418.2998046875,-1.2325491621059115,0.6411337454739269
2018-10-05,FTSE 100,^FTSE,7318.5,-1.3544505147001118,0.8040584611280142
2018-10-08,FTSE 100,^FTSE,7233.2998046875,-1.1710052370961677,0.9374145645978691
2018-10-09,FTSE 100,^FTSE,7237.60009765625,0.05943366513978532,0.9848749844452083
2018-10-10,FTSE 100,^FTSE,7145.7001953125,-1.2778868697587598,0.889341845434208
2018-10-11,FTSE 100,^FTSE,7006.89990234375,-1.961544061815168,0.9751444324431563
2018-10-12,FTSE 100,^FTSE,6995.89990234375,-0.15711146936521203,1.2098505095311467
2018-10-15,FTSE 100,^FTSE,7029.2001953125,0.4748679911523723,1.0794261719062341
2018-10-16,FTSE 100,^FTSE,7059.39990234375,0.42871191000166675,0.9867348594163525
2018-10-17,FTSE 100,^FTSE,7054.60009765625,-0.0680148061857011,0.907370850009747
2018-10-18,FTSE 100,^FTSE,7027.0,-0.39200279525317683,0.8259131959901242
2018-10-19,FTSE 100,^FTSE,7049.7998046875,0.32393477127019565,0.7775128857529997
2018-10-22,FTSE 100,^FTSE,7042.7998046875,-0.09934292848345905,0.7307176778395935
2018-10-23,FTSE 100,^FTSE,6955.2001953125,-1.2516181304031093,0.6832180293558685
2018-10-24,FTSE 100,^FTSE,6963.0,0.11208066265133709,0.834644679201958
2018-10-25,FTSE 100,^FTSE,7004.10009765625,0.5885289859680398,0.7666625267447962
2018-10-26,FTSE 100,^FTSE,6939.60009765625,-0.9251555777737508,0.7499341791658122
2018-10-29,FTSE 100,^FTSE,7026.2998046875,1.24160736406278,0.8008709714620016
2018-10-30,FTSE 100,^FTSE,7035.89990234375,0.1365376590813483,0.8994680294583288
2018-10-31,FTSE 100,^FTSE,7128.10009765625,1.3019132677181133,0.8202344298005425
2018-11-01,FTSE 100,^FTSE,7114.7001953125,-0.1881639287461212,0.9269073026597503
2018-11-02,FTSE 100,^FTSE,7094.10009765625,-0.2899627226087276,0.8455843913447887
2018-11-05,FTSE 100,^FTSE,7103.7998046875,0.13663582088927484,0.7850602546984863
2018-11-06,FTSE 100,^FTSE,7040.7001953125,-0.8922199860707636,0.7270754615135802
2018-11-07,FTSE 100,^FTSE,7117.2998046875,1.0820787793573317,0.7780968275600625
2018-11-08,FTSE 100,^FTSE,7140.7001953125,0.32824255344738873,0.847261705975196
2018-11-09,FTSE 100,^FTSE,7105.2998046875,-0.4969881158212175,0.786881373903721
2018-11-12,FTSE 100,^FTSE,7053.10009765625,-0.7373706620239062,0.7579133493501021
2018-11-13,FTSE 100,^FTSE,7053.7998046875,0.009920068004554139,0.771013755496763
2018-11-14,FTSE 100,^FTSE,7033.7998046875,-0.2839378459260189,0.713951244049554
2018-11-15,FTSE 100,^FTSE,7038.0,0.059696634339978516,0.6798024258272745
2018-11-16,FTSE 100,^FTSE,7013.89990234375,-0.34301584061733337,0.641156300612531
2018-11-19,FTSE 100,^FTSE,7000.89990234375,-0.1855182223032159,0.628639660724367
2018-11-20,FTSE 100,^FTSE,6947.89990234375,-0.7599256681382727,0.6064586869363439
2018-11-21,FTSE 100,^FTSE,7050.2001953125,1.4616571330426709,0.6678062858726568
2018-11-22,FTSE 100,^FTSE,6960.2998046875,-1.2833464114486048,0.875351356185015
2018-11-23,FTSE 100,^FTSE,6952.89990234375,-0.10637241177189338,0.9669172823474987
2018-11-26,FTSE 100,^FTSE,7036.0,1.1881002188285805,0.8757848886910228
2018-11-27,FTSE 100,^FTSE,7016.89990234375,-0.27183157284618176,0.9383115484972212
2018-11-28,FTSE 100,^FTSE,7004.5,-0.17687114928186531,0.8591584366409729
2018-11-29,FTSE 100,^FTSE,7039.0,0.4913314971961569,0.7897588753342152
2018-11-30,FTSE 100,^FTSE,6980.2001953125,-0.8388516986149952,0.7558918100495661
2018-12-03,FTSE 100,^FTSE,7062.39990234375,1.1707325612807296,0.7879461784723187
2018-12-04,FTSE 100,^FTSE,7022.7998046875,-0.5622952150934779,0.8740790610149816
2018-12-05,FTSE 100,^FTSE,6921.7998046875,-1.4486147906410451,0.8338383834646027
2018-12-06,FTSE 100,^FTSE,6704.10009765625,-3.1956529092347807,0.9808969035983113
2018-12-07,FTSE 100,^FTSE,6778.10009765625,1.0977546995317056,1.6118383749707486
2018-12-10,FTSE 100,^FTSE,6721.5,-0.8385497186104374,1.4880046945410739
2018-12-11,FTSE 100,^FTSE,6806.89990234375,1.2625445339566,1.3599679727926364
2018-12-12,FTSE 100,^FTSE,6880.2001953125,1.0710960426058236,1.3121640338003158
2018-12-13,FTSE 100,^FTSE,6877.5,-0.03925358612022478,1.2444827512383168
2018-12-14,FTSE 100,^FTSE,6845.2001953125,-0.4707508562665552,1.1063523878320143
2018-12-17,FTSE 100,^FTSE,6773.2001953125,-1.0574027608804215,1.0110473018681119
2018-12-18,FTSE 100,^FTSE,6701.60009765625,-1.0627359215581222,1.015948081316456
2018-12-19,FTSE 100,^FTSE,6765.89990234375,0.9548957604900821,1.0205872024195568
2018-12-20,FTSE 100,^FTSE,6711.89990234375,-0.8013220219156736,0.9996202470684412
2018-12-21,FTSE 100,^FTSE,6721.2001953125,0.13846832655346475,0.9642917598985858
2018-12-24,FTSE 100,^FTSE,6686.0,-0.5250951082913957,0.873632131376053
2018-12-27,FTSE 100,^FTSE,6584.7001953125,-1.5266982265460527,0.8290862732092078
2018-12-28,FTSE 100,^FTSE,6734.0,2.242051500643605,0.9987632692388022
2018-12-31,FTSE 100,^FTSE,6728.10009765625,-0.08765204059812959,1.2971746510882207
2019-01-02,FTSE 100,^FTSE,6734.2001953125,0.09062489977189614,1.1513185123834864
2019-01-03,FTSE 100,^FTSE,6692.7001953125,-0.6181639983127596,1.0283588795956746
2019-01-04,FTSE 100,^FTSE,6837.39990234375,2.1390118782479206,0.9626653980271515
2019-01-07,FTSE 100,^FTSE,6810.89990234375,-0.38832724486486114,1.2453526206627794
2019-01-08,FTSE 100,^FTSE,6861.60009765625,0.7416409245037059,1.1197369076191046
2019-01-09,FTSE 100,^FTSE,6906.60009765625,0.653682538012923,1.0466786990464783
2019-01-10,FTSE 100,^FTSE,6942.89990234375,0.5242050299472112,0.9777835516311342
2019-01-11,FTSE 100,^FTSE,6918.2001953125,-0.3563892187559148,0.9086472126984304
2019-01-14,FTSE 100,^FTSE,6855.0,-0.9177335404123355,0.8408216954976379
2019-01-15,FTSE 100,^FTSE,6895.0,0.5818198230986837,0.8643430092421983
2019-01-16,FTSE 100,^FTSE,6862.7001953125,-0.46955324762869566,0.824755428452384
2019-01-17,FTSE 100,^FTSE,6834.89990234375,-0.4059153565883378,0.7843937908033274
2019-01-18,FTSE 100,^FTSE,6968.2998046875,1.9329439352560485,0.7460207873442288
2019-01-21,FTSE 100,^FTSE,6970.60009765625,0.033005373533612214,1.061899544376078
2019-01-22,FTSE 100,^FTSE,6901.39990234375,-0.9977042868388963,0.9531860354733686
2019-01-23,FTSE 100,^FTSE,6842.89990234375,-0.8512671303821051,0.9618941956659246
2019-01-24,FTSE 100,^FTSE,6819.0,-0.34987705802649316,0.9430258980073464
2019-01-25,FTSE 100,^FTSE,6809.2001953125,-0.1438165896619381,0.8681879778964791
2019-01-28,FTSE 100,^FTSE,6747.10009765625,-0.9161870230530056,0.7958256427363881
2019-01-29,FTSE 100,^FTSE,6833.89990234375,1.2782709165941597,0.8315645146469387
2019-01-30,FTSE 100,^FTSE,6941.60009765625,1.5636802988096221,0.928741431459487
2019-01-31,FTSE 100,^FTSE,6968.89990234375,0.392506951386018,1.0637398259928708
2019-02-01,FTSE 100,^FTSE,7020.2001953125,0.7334356402612485,0.9676754165626247
2019-02-04,FTSE 100,^FTSE,7034.10009765625,0.19780290140456458,0.925223558970455
2019-02-05,FTSE 100,^FTSE,7177.39990234375,2.0167422386299094,0.8433256291799635
2019-02-06,FTSE 100,^FTSE,7173.10009765625,-0.05992550526006113,1.1406287100494907
2019-02-07,FTSE 100,^FTSE,7093.60009765625,-1.1144948979151081,1.0194200485872584
2019-02-08,FTSE 100,^FTSE,7071.2001953125,-0.31627584650273377,1.0329492676013496
2019-02-11,FTSE 100,^FTSE,7129.10009765625,0.8154788562718451,0.9394316389741498
2019-02-12,FTSE 100,^FTSE,7133.10009765625,0.05609232867431757,0.9152265024435042
2019-02-13,FTSE 100,^FTSE,7190.7998046875,0.8056467793776889,0.831802018602997
2019-02-14,FTSE 100,^FTSE,7197.0,0.08618684969849966,0.8320467220592096
2019-02-15,FTSE 100,^FTSE,7236.7001953125,0.55010558472528,0.7640506650826195
2019-02-18,FTSE 100,^FTSE,7219.5,-0.2379629943783712,0.7429207657537916
2019-02-19,FTSE 100,^FTSE,7179.2001953125,-0.5597714984224567,0.6994467960318568
2019-02-20,FTSE 100,^FTSE,7228.60009765625,0.6857409864258202,0.6994589110026053
2019-02-21,FTSE 100,^FTSE,7167.39990234375,-0.8502440122232002,0.7141059660036208
2019-02-22,FTSE 100,^FTSE,7178.60009765625,0.15614383923168162,0.760501020541834
2019-02-25,FTSE 100,^FTSE,7183.7001953125,0.07102062715009794,0.7079151798470603
2019-02-26,FTSE 100,^FTSE,7151.10009765625,-0.4548393167983278,0.6636708333397993
2019-02-27,FTSE 100,^FTSE,7107.2001953125,-0.6157822483865871,0.6583820831483099
2019-02-28,FTSE 100,^FTSE,7074.7001953125,-0.45833147883076464,0.6778082783309904
2019-03-01,FTSE 100,^FTSE,7106.7001953125,0.45129611223231336,0.6695014497148377
2019-03-04,FTSE 100,^FTSE,7134.39990234375,0.3890112670070778,0.6585596737577577
2019-03-05,FTSE 100,^FTSE,7183.39990234375,0.6844653783335986,0.643408384199828
2019-03-06,FTSE 100,^FTSE,7196.0,0.17525211019577824,0.6733119714858775
2019-03-07,FTSE 100,^FTSE,7157.60009765625,-0.5350573193322106,0.6392546065521256
2019-03-08,FTSE 100,^FTSE,7104.2998046875,-0.7474535859168796,0.6512127917600904
2019-03-11,FTSE 100,^FTSE,7130.60009765625,0.369518901789867,0.6961972121322031
2019-03-12,FTSE 100,^FTSE,7151.2001953125,0.2884806049660682,0.6705378924698205
2019-03-13,FTSE 100,^FTSE,7159.2001953125,0.1118068064487332,0.6437883508813699
2019-03-14,FTSE 100,^FTSE,7185.39990234375,0.36529057605427795,0.6137674121319527
2019-03-15,FTSE 100,^FTSE,7228.2998046875,0.5952674177079231,0.6069043910389239
2019-03-18,FTSE 100,^FTSE,7299.2001953125,0.9760929760536996,0.6321664476494743
2019-03-19,FTSE 100,^FTSE,7324.0,0.3391846946263044,0.7253648902141562
2019-03-20,FTSE 100,^FTSE,7291.0,-0.45159159879712973,0.6906681194601578
2019-03-21,FTSE 100,^FTSE,7355.2998046875,0.8780404422491728,0.6784390604711077
2019-03-22,FTSE 100,^FTSE,7207.60009765625,-2.028507682719649,0.7349096327085258
2019-03-25,FTSE 100,^FTSE,7177.60009765625,-0.4170959470139124,1.097183896902141
2019-03-26,FTSE 100,^FTSE,7196.2998046875,0.2601898956839932,0.9992160353848912
2019-03-27,FTSE 100,^FTSE,7194.2001953125,-0.029180492545854975,0.9068529021258444
2019-03-28,FTSE 100,^FTSE,7234.2998046875,0.5558403523245659,0.8249552461776238
2019-03-29,FTSE 100,^FTSE,7279.2001953125,0.6187416387856359,0.7908229382598835
2019-04-01,FTSE 100,^FTSE,7317.39990234375,0.5234067383343088,0.7725235817265674
2019-04-02,FTSE 100,^FTSE,7391.10009765625,1.0021526617506993,0.7461753233611789
2019-04-03,FTSE 100,^FTSE,7418.2998046875,0.3673307196082831,0.8078437804506796
2019-04-04,FTSE 100,^FTSE,7401.89990234375,-0.22131832717633415,0.7582536250948052
2019-04-05,FTSE 100,^FTSE,7446.89990234375,0.6061114481436647,0.7106375286122417
2019-04-08,FTSE 100,^FTSE,7451.89990234375,0.0671195029568139,0.7099938652871207
2019-04-09,FTSE 100,^FTSE,7425.60009765625,-0.3535517672037969,0.6652746473250045
2019-04-10,FTSE 100,^FTSE,7421.89990234375,-0.04984267235705886,0.6481543592362937
2019-04-11,FTSE 100,^FTSE,7418.0,-0.052559686509923154,0.6164925524774773
2019-04-12,FTSE 100,^FTSE,7437.10009765625,0.2571521976424407,0.5917582233259334
2019-04-15,FTSE 100,^FTSE,7436.89990234375,-0.0026918826476318714,0.5807334755286919
2019-04-16,FTSE 100,^FTSE,7469.89990234375,0.44275168836165335,0.5633788352325784
2019-04-17,FTSE 100,^FTSE,7471.2998046875,0.01873882118292869,0.5783978083721444
2019-04-18,FTSE 100,^FTSE,7459.89990234375,-0.15269911035318273,0.5615269860032642
2019-04-23,FTSE 100,^FTSE,7523.10009765625,0.8436303830784198,0.5530958420469287
2019-04-24,FTSE 100,^FTSE,7471.7998046875,-0.6842392206978687,0.6437446893880602
2019-04-25,FTSE 100,^FTSE,7434.10009765625,-0.5058371203855216,0.6791130343623277
2019-04-26,FTSE 100,^FTSE,7428.2001953125,-0.07939420597580238,0.6766629245467561
2019-04-29,FTSE 100,^FTSE,7440.7001953125,0.1681362120450558,0.6396465607969796
2019-04-30,FTSE 100,^FTSE,7418.2001953125,-0.3028490211997692,0.6125318278584568
2019-05-01,FTSE 100,^FTSE,7385.2998046875,-0.44449548815421736,0.6029615692863135
2019-05-02,FTSE 100,^FTSE,7351.2998046875,-0.46143698315361803,0.6117666388914546
2019-05-03,FTSE 100,^FTSE,7380.60009765625,0.39778075873080354,0.6205245848069092
2019-05-07,FTSE 100,^FTSE,7260.5,-1.6406252363481144,0.6154270377871837
2019-05-08,FTSE 100,^FTSE,7271.0,0.14451366792656017,0.9114585733887745
2019-05-09,FTSE 100,^FTSE,7207.39990234375,-0.8785571219544153,0.8302865741911128
2019-05-10,FTSE 100,^FTSE,7203.2998046875,-0.05690352099811946,0.849311913736752
2019-05-13,FTSE 100,^FTSE,7163.7001953125,-0.5512592699464136,0.7781653836169501
2019-05-14,FTSE 100,^FTSE,7241.60009765625,1.0815555403603128,0.7579793294052491
2019-05-15,FTSE 100,^FTSE,7297.0,0.7621114840949517,0.8333922573978177
2019-05-16,FTSE 100,^FTSE,7353.5,0.7713085574748035,0.8261494507059062
2019-05-17,FTSE 100,^FTSE,7348.60009765625,-0.06665581777607343,0.8221686637043017
2019-05-20,FTSE 100,^FTSE,7310.89990234375,-0.5143460339883887,0.7562225347402559
2019-05-21,FTSE 100,^FTSE,7328.89990234375,0.2459051258972167,0.7363621679472898
2019-05-22,FTSE 100,^FTSE,7334.2001953125,0.07229430562833983,0.6927960715253095
2019-05-23,FTSE 100,^FTSE,7231.0,-1.417102696302841,0.6516471497978669
2019-05-24,FTSE 100,^FTSE,7277.7001953125,0.6437565869283901,0.8623663882418098
2019-05-28,FTSE 100,^FTSE,7269.0,-0.11961745595989726,0.8310669700538978
2019-05-29,FTSE 100,^FTSE,7185.2998046875,-1.1581485371959133,0.7647898636452853
2019-05-30,FTSE 100,^FTSE,7218.2001953125,0.4568396271032782,0.863052057946129
2019-05-31,FTSE 100,^FTSE,7161.7001953125,-0.7858231171695707,0.8101983503087071
2019-06-03,FTSE 100,^FTSE,7184.7998046875,0.322024596060011,0.8179433022788241
2019-06-04,FTSE 100,^FTSE,7214.2998046875,0.4097484158616993,0.7628822558795291
2019-06-05,FTSE 100,^FTSE,7220.2001953125,0.08175400538483757,0.7264202366153638
2019-06-06,FTSE 100,^FTSE,7259.89990234375,0.5483360782756463,0.678631475581886
2019-06-07,FTSE 100,^FTSE,7331.89990234375,0.9868636535959041,0.6778094557377539
2019-06-10,FTSE 100,^FTSE,7375.5,0.5929018816308584,0.7579799674491515
2019-06-11,FTSE 100,^FTSE,7398.5,0.31135804224859953,0.7438978588389236
2019-06-12,FTSE 100,^FTSE,7367.60009765625,-0.4185255042816749,0.7031077826252361
2019-06-13,FTSE 100,^FTSE,7368.60009765625,0.01357201976475153,0.6841097251068241
2019-06-14,FTSE 100,^FTSE,7345.7998046875,-0.3099047377817854,0.6443109825327106
2019-06-17,FTSE 100,^FTSE,7357.2998046875,0.15642963253448272,0.6278826317437713
2019-06-18,FTSE 100,^FTSE,7443.0,1.158100231496384,0.6028590247511044
2019-06-19,FTSE 100,^FTSE,7403.5,-0.5321132011138374,0.7525759894155875
2019-06-20,FTSE 100,^FTSE,7424.39990234375,0.2818998822750274,0.7358541882369702
2019-06-21,FTSE 100,^FTSE,7407.5,-0.22788597238019292,0.6946568380854016
2019-06-24,FTSE 100,^FTSE,7416.7001953125,0.12412401846297882,0.6606425417939809
2019-06-25,FTSE 100,^FTSE,7422.39990234375,0.07682012081637879,0.6273733228373957
2019-06-26,FTSE 100,^FTSE,7416.39990234375,-0.08086907844244706,0.6001138460836334
2019-06-27,FTSE 100,^FTSE,7402.2998046875,-0.19030147300735933,0.5797364683320987
2019-06-28,FTSE 100,^FTSE,7425.60009765625,0.3142766312189238,0.5691528001773457
2019-07-01,FTSE 100,^FTSE,7497.5,0.9636128984958248,0.5683711559994841
2019-07-02,FTSE 100,^FTSE,7559.2001953125,0.8195758682973064,0.6816754876459269
2019-07-03,FTSE 100,^FTSE,7609.2998046875,0.6605767419905817,0.7254362008774272
2019-07-04,FTSE 100,^FTSE,7603.60009765625,-0.07493255506219043,0.7292569511927595
2019-07-05,FTSE 100,^FTSE,7553.10009765625,-0.666374424804772,0.6814019774760655
2019-07-08,FTSE 100,^FTSE,7549.2998046875,-0.05032700860176931,0.702977772510656
2019-07-09,FTSE 100,^FTSE,7536.5,-0.16969345907718036,0.6599081152902335
2019-07-10,FTSE 100,^FTSE,7530.7001953125,-0.07698583544080151,0.6299621858594555
2019-07-11,FTSE 100,^FTSE,7509.7998046875,-0.2779216658749917,0.6028491868574412
2019-07-12,FTSE 100,^FTSE,7506.0,-0.05061075424599437,0.5933608913279919
2019-07-15,FTSE 100,^FTSE,7531.7001953125,0.3418105162481311,0.5737588284616367
2019-07-16,FTSE 100,^FTSE,7577.2001953125,0.6022958173018012,0.5744623987950442
2019-07-17,FTSE 100,^FTSE,7535.5,-0.5518577170734673,0.610253247215365
2019-07-18,FTSE 100,^FTSE,7493.10009765625,-0.5642576762246776,0.6326748390154245
2019-07-19,FTSE 100,^FTSE,7508.7001953125,0.2079764158256836,0.6508640647720789
2019-07-22,FTSE 100,^FTSE,7514.89990234375,0.08253291278883523,0.623247209704431
2019-07-23,FTSE 100,^FTSE,7556.89990234375,0.5573336862420675,0.5969970037426873
2019-07-24,FTSE 100,^FTSE,7501.5,-0.7358039718981857,0.6190602494666282
2019-07-25,FTSE 100,^FTSE,7489.10009765625,-0.16543574094534108,0.6715945390386275
2019-07-26,FTSE 100,^FTSE,7549.10009765625,0.7979720658070732,0.6389183082436304
2019-07-29,FTSE 100,^FTSE,7686.60009765625,1.8050202019496808,0.6913749964110174
2019-07-30,FTSE 100,^FTSE,7646.7998046875,-0.5191331682048883,0.9927303534821551
2019-07-31,FTSE 100,^FTSE,7586.7998046875,-0.7877364746692095,0.9233169615011202
2019-08-01,FTSE 100,^FTSE,7584.89990234375,-0.02504534614278242,0.9034608964009455
2019-08-02,FTSE 100,^FTSE,7407.10009765625,-2.3720403056175954,0.8221288828212081
2019-08-05,FTSE 100,^FTSE,7223.89990234375,-2.504405311272251,1.254228302559991
2019-08-06,FTSE 100,^FTSE,7171.7001953125,-0.7252206988489718,1.5357012188332277
2019-08-07,FTSE 100,^FTSE,7198.7001953125,0.37577285304841723,1.3876590241761857
2019-08-08,FTSE 100,^FTSE,7285.89990234375,1.2040478840791735,1.2361846671141037
2019-08-09,FTSE 100,^FTSE,7253.89990234375,-0.44017183313158625,1.2067987099716864
2019-08-12,FTSE 100,^FTSE,7226.7001953125,-0.37567143401116,1.09130077062791
2019-08-13,FTSE 100,^FTSE,7250.89990234375,0.3343058159650525,0.991362296845786
2019-08-14,FTSE 100,^FTSE,7147.89990234375,-1.4306992015146847,0.9044477464094133
2019-08-15,FTSE 100,^FTSE,7067.0,-1.1382531901123372,1.0221518140231307
2019-08-16,FTSE 100,^FTSE,7117.2001953125,0.707835538415047,1.0395660170203362
2019-08-19,FTSE 100,^FTSE,7189.7001953125,1.0135056317665203,0.9785834507729071
2019-08-20,FTSE 100,^FTSE,7125.0,-0.9039747255817687,0.977952999991788
2019-08-21,FTSE 100,^FTSE,7204.0,1.1026701158995067,0.9639274588300315
2019-08-22,FTSE 100,^FTSE,7128.2001953125,-1.0577651777463615,0.9837581968234007
2019-08-23,FTSE 100,^FTSE,7095.0,-0.4668464924240112,0.9957764718170504
2019-08-27,FTSE 100,^FTSE,7089.60009765625,-0.07613753743402896,0.9207013813085605
2019-08-28,FTSE 100,^FTSE,7114.7001953125,0.3534158425848588,0.8370249145375454
2019-08-29,FTSE 100,^FTSE,7184.2998046875,0.9734968743943639,0.7804894958911535
2019-08-30,FTSE 100,^FTSE,7207.2001953125,0.31824910472710854,0.8258324078531184
2019-09-02,FTSE 100,^FTSE,7281.89990234375,1.0311250302327934,0.7689504177926516
2019-09-03,FTSE 100,^FTSE,7268.2001953125,-0.18831088429198672,0.8298306283424598
2019-09-04,FTSE 100,^FTSE,7311.2998046875,0.5912374899649464,0.7664639673500742
2019-09-05,FTSE 100,^FTSE,7271.2001953125,-0.5499703130253053,0.75014692928819
2019-09-06,FTSE 100,^FTSE,7282.2998046875,0.1525352874169883,0.73637451772241
2019-09-09,FTSE 100,^FTSE,7235.7998046875,-0.6405818979036582,0.6884444631950369
2019-09-10,FTSE 100,^FTSE,7268.0,0.44402499552571584,0.7037923813470084
2019-09-11,FTSE 100,^FTSE,7338.0,0.9585175399166701,0.6839731333350745
2019-09-12,FTSE 100,^FTSE,7344.7001953125,0.09126653392694806,0.7558260481377481
2019-09-13,FTSE 100,^FTSE,7367.5,0.30994443573533204,0.7024091795487085
2019-09-16,FTSE 100,^FTSE,7321.39990234375,-0.6276882451615506,0.6703223860139411
2019-09-17,FTSE 100,^FTSE,7320.39990234375,-0.013659522939590829,0.688447195471605
2019-09-18,FTSE 100,^FTSE,7314.10009765625,-0.08609525541221075,0.647874017607256
2019-09-19,FTSE 100,^FTSE,7356.39990234375,0.5766663973103547,0.6171373054987727
2019-09-20,FTSE 100,^FTSE,7344.89990234375,-0.15644878341944946,0.6366107152997317
2019-09-23,FTSE 100,^FTSE,7326.10009765625,-0.2562853926468378,0.6110866602788431
2019-09-24,FTSE 100,^FTSE,7291.39990234375,-0.47477695221225247,0.5978332828325846
2019-09-25,FTSE 100,^FTSE,7290.0,-0.019201206433194784,0.6121392398114954
2019-09-26,FTSE 100,^FTSE,7351.10009765625,0.8346429154780566,0.5878534510044926
2019-09-27,FTSE 100,^FTSE,7426.2001953125,1.0164338917011406,0.6644296126234368
2019-09-30,FTSE 100,^FTSE,7408.2001953125,-0.24267929083752193,0.7558787912856644
2019-10-01,FTSE 100,^FTSE,7360.2998046875,-0.6486854940277453,0.7100542674228495
2019-10-02,FTSE 100,^FTSE,7122.5,-3.284187885377854,0.7209784723283337
2019-10-03,FTSE 100,^FTSE,7077.60009765625,-0.6323906404954727,1.538999935421498
2019-10-04,FTSE 100,^FTSE,7155.39990234375,1.093242177447351,1.3822125179435683
2019-10-07,FTSE 100,^FTSE,7197.89990234375,0.5922000485577783,1.3031541515255314
2019-10-08,FTSE 100,^FTSE,7143.2001953125,-0.7628420681717429,1.1805556711075516
2019-10-09,FTSE 100,^FTSE,7166.5,0.325650781782727,1.1018680054384737
2019-10-10,FTSE 100,^FTSE,7186.39990234375,0.2772946962689815,0.9950295502293833
2019-10-11,FTSE 100,^FTSE,7247.10009765625,0.8411064976638016,0.9042451504026308
2019-10-14,FTSE 100,^FTSE,7213.5,-0.464713191677113,0.8924348025322393
2019-10-15,FTSE 100,^FTSE,7211.60009765625,-0.02634161762316012,0.8374836831631552
2019-10-16,FTSE 100,^FTSE,7168.0,-0.606417855482988,0.7681156449319679
2019-10-17,FTSE 100,^FTSE,7182.2998046875,0.19929631596902198,0.7579196522693028
2019-10-18,FTSE 100,^FTSE,7150.60009765625,-0.4423355906173043,0.7075804723800221
2019-10-21,FTSE 100,^FTSE,7163.60009765625,0.18163786165885654,0.6902616407780908
2019-10-22,FTSE 100,^FTSE,7212.5,0.6802970291483135,0.652915648618876
2019-10-23,FTSE 100,^FTSE,7260.7001953125,0.6660637987236484,0.6794042505800489
2019-10-24,FTSE 100,^FTSE,7328.2998046875,0.9267268925215788,0.696201274828764
2019-10-25,FTSE 100,^FTSE,7324.5,-0.051864555898184506,0.7573207262966719
2019-10-28,FTSE 100,^FTSE,7331.2998046875,0.09279336871461652,0.7034706724301327
2019-10-29,FTSE 100,^FTSE,7306.2998046875,-0.3415863936130137,0.6605101432595247
2019-10-30,FTSE 100,^FTSE,7330.7998046875,0.3347660880153924,0.6433123217216333
2019-10-31,FTSE 100,^FTSE,7248.39990234375,-1.130388243579361,0.6265176451086268
2019-11-01,FTSE 100,^FTSE,7302.39990234375,0.7422306489328179,0.7678817207611971
2019-11-04,FTSE 100,^FTSE,7369.7001953125,0.9173978439362074,0.7738945914994754
2019-11-05,FTSE 100,^FTSE,7388.10009765625,0.24935846145943685,0.8099329509863168
2019-11-06,FTSE 100,^FTSE,7396.7001953125,0.11633702797197998,0.7518896074607507
2019-11-07,FTSE 100,^FTSE,7406.39990234375,0.13104969034127834,0.6997969749631457
2019-11-08,FTSE 100,^FTSE,7359.39990234375,-0.6366083700498848,0.6585678791199696
2019-11-11,FTSE 100,^FTSE,7328.5,-0.4207537923765159,0.6814016923464067
2019-11-12,FTSE 100,^FTSE,7365.39990234375,0.5022489625881477,0.667734407335818
2019-11-13,FTSE 100,^FTSE,7351.2001953125,-0.19297543377696513,0.6634711334702998
2019-11-14,FTSE 100,^FTSE,7292.7998046875,-0.797605848565297,0.6340288945772674
2019-11-15,FTSE 100,^FTSE,7302.89990234375,0.13839828814141697,0.6943149875194194
2019-11-18,FTSE 100,^FTSE,7307.7001953125,0.06570973278829939,0.6544484694857007
2019-11-19,FTSE 100,^FTSE,7323.7998046875,0.22006787919934823,0.6211909318119134
2019-11-20,FTSE 100,^FTSE,7262.5,-0.8405170110936666,0.6008723827335912
2019-11-21,FTSE 100,^FTSE,7238.60009765625,-0.3296291153530362,0.6812082908188766
2019-11-22,FTSE 100,^FTSE,7326.7998046875,1.2111000822152107,0.6581376632192866
2019-11-25,FTSE 100,^FTSE,7396.2998046875,0.9441016915005207,0.8001828950634017
2019-11-26,FTSE 100,^FTSE,7403.10009765625,0.09189958366171425,0.8339869593228193
2019-11-27,FTSE 100,^FTSE,7429.7998046875,0.36000695809761396,0.7657274106677524
2019-11-28,FTSE 100,^FTSE,7416.39990234375,-0.1805163105297325,0.7242117200877135
2019-11-29,FTSE 100,^FTSE,7346.5,-0.9469741740089077,0.6812858364949697
2019-12-02,FTSE 100,^FTSE,7285.89990234375,-0.8283049197100212,0.7584252605978781
2019-12-03,FTSE 100,^FTSE,7158.7998046875,-1.7598618258503507,0.787768236213487
2019-12-04,FTSE 100,^FTSE,7188.5,0.41401850022495523,1.0409541565226867
2019-12-05,FTSE 100,^FTSE,7137.89990234375,-0.7063925118524494,0.950503606929445
2019-12-06,FTSE 100,^FTSE,7239.7001953125,1.4161194291018475,0.9124283288027761
2019-12-09,FTSE 100,^FTSE,7233.89990234375,-0.08014997291780901,1.016161384407162
2019-12-10,FTSE 100,^FTSE,7213.7998046875,-0.2782465171886628,0.9159893160041656
2019-12-11,FTSE 100,^FTSE,7216.2998046875,0.03464979581124794,0.8413378237344217
2019-12-12,FTSE 100,^FTSE,7273.5,0.7895277121328093,0.7710984187785823
2019-12-13,FTSE 100,^FTSE,7353.39990234375,1.092517178748409,0.7842778852958088
2019-12-16,FTSE 100,^FTSE,7519.10009765625,2.228368491725341,0.8538201675533869
2019-12-17,FTSE 100,^FTSE,7525.2998046875,0.08241880596688844,1.2129056863650396
2019-12-18,FTSE 100,^FTSE,7540.7998046875,0.20576002907759516,1.0799193014001176
2019-12-19,FTSE 100,^FTSE,7573.7998046875,0.43666459302578176,0.9714563464904478
2019-12-20,FTSE 100,^FTSE,7582.5,0.11480633637788173,0.8956059935933983
2019-12-23,FTSE 100,^FTSE,7623.60009765625,0.5405751307481665,0.8165531750151458
2019-12-24,FTSE 100,^FTSE,7632.2001953125,0.11274529558722435,0.7824491541428863
2019-12-27,FTSE 100,^FTSE,7644.89990234375,0.166258123274865,0.7243356103651645
2019-12-30,FTSE 100,^FTSE,7587.10009765625,-0.7589296496044895,0.6793348161040932
2019-12-31,FTSE 100,^FTSE,7542.39990234375,-0.5909028768616764,0.7181787339060163
2020-01-02,FTSE 100,^FTSE,7604.2998046875,0.8173430270931092,0.7180358965352194
2020-01-03,FTSE 100,^FTSE,7622.39990234375,0.23774168440731103,0.7507958091278655
2020-01-06,FTSE 100,^FTSE,7575.2998046875,-0.6198339138238751,0.7038270511564534
2020-01-07,FTSE 100,^FTSE,7573.89990234375,-0.018481535326131393,0.7117793471546424
2020-01-08,FTSE 100,^FTSE,7574.89990234375,0.013202366053377546,0.6665064819913192
2020-01-09,FTSE 100,^FTSE,7598.10009765625,0.30580917937186314,0.630360163335153
2020-01-10,FTSE 100,^FTSE,7587.89990234375,-0.13433684770802756,0.6140718670135152
2020-01-13,FTSE 100,^FTSE,7617.60009765625,0.39065118652192865,0.5925282084112772
2020-01-14,FTSE 100,^FTSE,7622.39990234375,0.06298956491086471,0.5936327979163503
2020-01-15,FTSE 100,^FTSE,7642.7998046875,0.267273470104179,0.5736366801581481
2020-01-16,FTSE 100,^FTSE,7609.7998046875,-0.43271379747018557,0.5677433616132014
2020-01-17,FTSE 100,^FTSE,7674.60009765625,0.8479322922486432,0.5844120239782236
2020-01-20,FTSE 100,^FTSE,7651.39990234375,-0.30275627083184986,0.6650617626512061
2020-01-21,FTSE 100,^FTSE,7610.7001953125,-0.5333447330089669,0.6432336710322397
2020-01-22,FTSE 100,^FTSE,7571.89990234375,-0.5111163725233681,0.65388366565811
2020-01-23,FTSE 100,^FTSE,7507.7001953125,-0.851482725012076,0.658552475482892
2020-01-24,FTSE 100,^FTSE,7586.0,1.0375256704598712,0.722289808974839
2020-01-27,FTSE 100,^FTSE,7412.10009765625,-2.3190630124171108,0.7992912524769819
2020-01-28,FTSE 100,^FTSE,7480.7001953125,0.921258346179954,1.2253173822165209
2020-01-29,FTSE 100,^FTSE,7483.60009765625,0.038757607415895734,1.1542304583498832
2020-01-30,FTSE 100,^FTSE,7382.0,-1.3669368070686971,1.0303643712919481
2020-01-31,FTSE 100,^FTSE,7286.0,-1.3089906021434672,1.0932977617130173
2020-02-03,FTSE 100,^FTSE,7326.2998046875,0.551588831367944,1.1259133563699086
2020-02-04,FTSE 100,^FTSE,7439.7998046875,1.5373353610812046,1.0313818534035943
2020-02-05,FTSE 100,^FTSE,7482.5,0.5723020233853404,1.1259686633144157
2020-02-06,FTSE 100,^FTSE,7504.7998046875,0.2975829059876034,1.0333538086700345
2020-02-07,FTSE 100,^FTSE,7466.7001953125,-0.5089629178151256,0.9368786525440134
2020-02-10,FTSE 100,^FTSE,7446.89990234375,-0.26553353279030745,0.8775021195187982
2020-02-11,FTSE 100,^FTSE,7499.39990234375,0.7025179021679762,0.8092800367323786
2020-02-12,FTSE 100,^FTSE,7534.39990234375,0.4656183225550947,0.7986743594810959
2020-02-13,FTSE 100,^FTSE,7452.0,-1.099673480642771,0.7601189425828346
2020-02-14,FTSE 100,^FTSE,7409.10009765625,-0.5773465117201226,0.8461644562271118
2020-02-17,FTSE 100,^FTSE,7433.2998046875,0.3260891585492587,0.8139216866923169
2020-02-18,FTSE 100,^FTSE,7382.0,-0.6925274599826281,0.7599482360993348
2020-02-19,FTSE 100,^FTSE,7457.0,1.010858395385128,0.7650164585981133
2020-02-20,FTSE 100,^FTSE,7436.60009765625,-0.2739420283537797,0.8227643074907319
2020-02-21,FTSE 100,^FTSE,7403.89990234375,-0.44068930607767953,0.7656148700146734
2020-02-24,FTSE 100,^FTSE,7156.7998046875,-3.3943948811376856,0.734945138409697
2020-02-25,FTSE 100,^FTSE,7017.89990234375,-1.959891233558153,1.5854813584556329
2020-02-26,FTSE 100,^FTSE,7042.5,0.34992066980059633,1.6222024878753774
2020-02-27,FTSE 100,^FTSE,6796.39990234375,-3.5570174907745056,1.4328353878957283
2020-02-28,FTSE 100,^FTSE,6580.60009765625,-3.2267104430200533,1.9608638042761293
2020-03-02,FTSE 100,^FTSE,6654.89990234375,1.1227469333377371,2.188496467206834
2020-03-03,FTSE 100,^FTSE,6718.2001953125,0.946687982039407,1.9654351966952097
2020-03-04,FTSE 100,^FTSE,6815.60009765625,1.4393826103072271,1.7626118568466649
2020-03-05,FTSE 100,^FTSE,6705.39990234375,-1.630095932446629,1.6568677421047697
2020-03-06,FTSE 100,^FTSE,6462.60009765625,-3.6881428649195414,1.6107980770298107
2020-03-09,FTSE 100,^FTSE,5965.7998046875,-7.99885992203766,2.1018769148421352
2020-03-10,FTSE 100,^FTSE,5960.2001953125,-0.09390591625848543,3.829273252307197
2020-03-11,FTSE 100,^FTSE,5876.5,-1.4142723739894336,3.3218735012071443
2020-03-12,FTSE 100,^FTSE,5237.5,-11.511706134251476,2.9458951755778098
2020-03-13,FTSE 100,^FTSE,5366.10009765625,2.425712063565477,5.469913227231217
2020-03-16,FTSE 100,^FTSE,5151.10009765625,-4.089110282450115,4.844100243557907
2020-03-17,FTSE 100,^FTSE,5294.89990234375,2.7533771630901427,4.536395479285387
2020-03-18,FTSE 100,^FTSE,5080.60009765625,-4.13146906167654,4.095739962089683
2020-03-19,FTSE 100,^FTSE,5151.60009765625,1.387798091931991,3.954275906797921
2020-03-20,FTSE 100,^FTSE,5190.7998046875,0.7580425261405566,3.4772787184357496
2020-03-23,FTSE 100,^FTSE,4993.89990234375,-3.867064218111693,3.0341303844440324
2020-03-24,FTSE 100,^FTSE,5446.0,8.66642461784135,3.0986368411294984
2020-03-25,FTSE 100,^FTSE,5688.2001953125,4.351249371166688,4.5171170734500485
2020-03-26,FTSE 100,^FTSE,5815.7001953125,2.216730267806355,4.316444650214542
2020-03-27,FTSE 100,^FTSE,5510.2998046875,-5.3942157942636015,3.8539165740068704
2020-03-30,FTSE 100,^FTSE,5563.7001953125,0.964435696911714,4.039838142487101
2020-03-31,FTSE 100,^FTSE,5672.0,1.9278399562045578,3.5256659277034537
2020-04-01,FTSE 100,^FTSE,5454.60009765625,-3.908248195262942,3.163123314060495
2020-04-02,FTSE 100,^FTSE,5480.2001953125,0.4682325006783117,3.2024996566946142
2020-04-03,FTSE 100,^FTSE,5415.5,-1.1876419990324294,2.7878675590820823
2020-04-06,FTSE 100,^FTSE,5582.39990234375,3.03535616631212,2.476495443487327
2020-04-07,FTSE 100,^FTSE,5704.5,2.163656309751083,2.5011084274055437
2020-04-08,FTSE 100,^FTSE,5677.7001953125,-0.47090815048793644,2.3569418857114237
2020-04-09,FTSE 100,^FTSE,5842.7001953125,2.864679664530101,2.064411511978536
2020-04-14,FTSE 100,^FTSE,5791.2998046875,-0.8836294493759667,2.1632886601471517
2020-04-15,FTSE 100,^FTSE,5597.7001953125,-3.400092372021035,1.9255226187932768
2020-04-16,FTSE 100,^FTSE,5628.39990234375,0.5469358600601382,2.2112801277456016
2020-04-17,FTSE 100,^FTSE,5787.0,2.778883001036192,1.942179240228224
2020-04-20,FTSE 100,^FTSE,5812.7998046875,0.444832629268177,2.056418047094678
2020-04-21,FTSE 100,^FTSE,5641.0,-3.0000994126544,1.8056821744611458
2020-04-22,FTSE 100,^FTSE,5770.60009765625,2.2714723414233973,2.0255813865708427
2020-04-23,FTSE 100,^FTSE,5826.60009765625,0.9657578434570269,2.007140590570048
2020-04-24,FTSE 100,^FTSE,5752.2001953125,-1.2851232323376038,1.79917435588342
2020-04-27,FTSE 100,^FTSE,5846.7998046875,1.631204534470676,1.6684729594501309
2020-04-28,FTSE 100,^FTSE,5958.5,1.8924301920749897,1.61434781050311
2020-04-29,FTSE 100,^FTSE,6115.2998046875,2.59750241379777,1.6228406094735615
2020-04-30,FTSE 100,^FTSE,5901.2001953125,-3.5638042528345792,1.7907770098195641
2020-05-01,FTSE 100,^FTSE,5763.10009765625,-2.368021183571045,2.171766798982209
2020-05-04,FTSE 100,^FTSE,5753.7998046875,-0.16150691712564225,2.1428943769152458
2020-05-05,FTSE 100,^FTSE,5849.39990234375,1.6478603034665085,1.87223284472276
2020-05-06,FTSE 100,^FTSE,5853.7998046875,0.07519144612064821,1.7763025659294882
2020-05-07,FTSE 100,^FTSE,5936.0,1.3944516217817338,1.557472156414464
2020-05-11,FTSE 100,^FTSE,5939.7001953125,0.06231540660994739,1.4878333989977315
2020-05-12,FTSE 100,^FTSE,5994.7998046875,0.9233734277206196,1.3119430840094266
2020-05-13,FTSE 100,^FTSE,5904.10009765625,-1.5245352843864524,1.2236497485276052
2020-05-14,FTSE 100,^FTSE,5741.5,-2.7926541130412375,1.2657636772331782
2020-05-15,FTSE 100,^FTSE,5799.7998046875,1.0102900289369998,1.6279362681351333
2020-05-18,FTSE 100,^FTSE,6048.60009765625,4.20034559276008,1.49038008937275
2020-05-19,FTSE 100,^FTSE,6002.2001953125,-0.7700755222000311,2.1921040902065925
2020-05-20,FTSE 100,^FTSE,6067.2001953125,1.0771144600971283,1.9410984431836382
2020-05-21,FTSE 100,^FTSE,6015.2998046875,-0.8591054804705678,1.755385396968428
2020-05-22,FTSE 100,^FTSE,5993.2998046875,-0.3664044989180937,1.5825332842496616
2020-05-26,FTSE 100,^FTSE,6067.7998046875,1.2353922929523975,1.4014172254511768
2020-05-27,FTSE 100,^FTSE,6144.2998046875,1.252872202503852,1.3400035657908989
2020-05-28,FTSE 100,^FTSE,6218.7998046875,1.2052139695940767,1.2950800975109935
2020-05-29,FTSE 100,^FTSE,6076.60009765625,-2.313158558055761,1.2523406287715169
2020-06-01,FTSE 100,^FTSE,6166.39990234375,1.466983829496904,1.4804683577741171
2020-06-02,FTSE 100,^FTSE,6220.10009765625,0.8670816091301603,1.4404044061213968
2020-06-03,FTSE 100,^FTSE,6382.39990234375,2.575818737575908,1.3207449267258073
2020-06-04,FTSE 100,^FTSE,6341.39990234375,-0.6444638006712466,1.5881297672947803
2020-06-05,FTSE 100,^FTSE,6484.2998046875,2.2284291556820435,1.4241497211333132
2020-06-08,FTSE 100,^FTSE,6472.60009765625,-0.1805942825713558,1.5629898929103732
2020-06-09,FTSE 100,^FTSE,6335.7001953125,-2.137756185893558,1.3780750653343703
2020-06-10,FTSE 100,^FTSE,6329.10009765625,-0.10422743511249166,1.5168806537556212
2020-06-11,FTSE 100,^FTSE,6076.7001953125,-4.069624377032177,1.3373948976648438
2020-06-12,FTSE 100,^FTSE,6105.2001953125,0.4679081437851451,2.08265355313448
2020-06-15,FTSE 100,^FTSE,6064.7001953125,-0.6655789811070179,1.8290121557460446
2020-06-16,FTSE 100,^FTSE,6242.7998046875,2.894365916128727,1.6275300280027027
2020-06-17,FTSE 100,^FTSE,6253.2998046875,0.1680524771629166,1.8717081480969326
2020-06-18,FTSE 100,^FTSE,6224.10009765625,-0.46804238967617096,1.6399691520603723
2020-06-19,FTSE 100,^FTSE,6292.60009765625,1.0945486080036204,1.4552949086747273
2020-06-22,FTSE 100,^FTSE,6244.60009765625,-0.7657249431430202,1.361547909582847
2020-06-23,FTSE 100,^FTSE,6320.10009765625,1.2017940346398248,1.248616374856309
2020-06-24,FTSE 100,^FTSE,6123.7001953125,-3.1568525369870315,1.2159469816247823
2020-06-25,FTSE 100,^FTSE,6147.10009765625,0.38139208771443833,1.7148458070408976
2020-06-26,FTSE 100,^FTSE,6159.2998046875,0.19826612371485197,1.5126555091014238
2020-06-29,FTSE 100,^FTSE,6225.7998046875,1.0738813763788713,1.3350573457559891
2020-06-30,FTSE 100,^FTSE,6169.7001953125,-0.9051670752674212,1.2629733626663329
2020-07-01,FTSE 100,^FTSE,6158.0,-0.1898196523319129,1.1862857324631937
2020-07-02,FTSE 100,^FTSE,6240.39990234375,1.3292217739612866,1.0607090627715288
2020-07-03,FTSE 100,^FTSE,6157.2998046875,-1.340592919192929,1.0999808229607304
2020-07-06,FTSE 100,^FTSE,6285.89990234375,2.067067629528019,1.1373396914949148
2020-07-07,FTSE 100,^FTSE,6189.89990234375,-1.539009864482388,1.3313385740030952
2020-07-08,FTSE 100,^FTSE,6156.2001953125,-0.5459179896433852,1.3475281170423616
2020-07-09,FTSE 100,^FTSE,6049.60009765625,-1.746756550688744,1.216029010413992
2020-07-10,FTSE 100,^FTSE,6095.39990234375,0.7542202024987787,1.3104566494655552
2020-07-13,FTSE 100,^FTSE,6176.2001953125,1.3168854919126005,1.202266973382644
2020-07-14,FTSE 100,^FTSE,6179.7998046875,0.05826496401475367,1.2016201821989998
2020-07-15,FTSE 100,^FTSE,6292.7001953125,1.8104385548483037,1.0702245373171546
2020-07-16,FTSE 100,^FTSE,6250.7001953125,-0.6696773706593717,1.2198790965592445
2020-07-17,FTSE 100,^FTSE,6290.2998046875,0.6315244555498367,1.1228244470550681
2020-07-20,FTSE 100,^FTSE,6261.5,-0.4588960256825203,1.0366960748245246
2020-07-21,FTSE 100,^FTSE,6269.7001953125,0.13087647400364943,0.9531839251605121
2020-07-22,FTSE 100,^FTSE,6207.10009765625,-1.0034723884661645,0.8642827706387924
2020-07-23,FTSE 100,^FTSE,6211.39990234375,0.06924837716830723,0.898023772072836
2020-07-24,FTSE 100,^FTSE,6123.7998046875,-1.4203510674079212,0.8177900550719788
2020-07-27,FTSE 100,^FTSE,6104.89990234375,-0.3091075559167322,0.9632858948885598
2020-07-28,FTSE 100,^FTSE,6129.2998046875,0.3988807650591397,0.8818666002346963
2020-07-29,FTSE 100,^FTSE,6131.5,0.03588991535909969,0.8201082082312553
2020-07-30,FTSE 100,^FTSE,5990.0,-2.334800609258636,0.7538031612969562
2020-07-31,FTSE 100,^FTSE,5897.7998046875,-1.5512045225317905,1.20893573057672
2020-08-03,FTSE 100,^FTSE,6032.89990234375,2.264844073051897,1.2609344773501154
2020-08-04,FTSE 100,^FTSE,6036.0,0.0513733273043826,1.4641419886680684
2020-08-05,FTSE 100,^FTSE,6104.7001953125,1.1317457394303787,1.2917919900798938
2020-08-06,FTSE 100,^FTSE,6026.89990234375,-1.2826232142700178,1.2378263307618256
2020-08-07,FTSE 100,^FTSE,6032.2001953125,0.0879052875776054,1.2278109574333973
2020-08-10,FTSE 100,^FTSE,6050.60009765625,0.3045637786042832,1.0925063938611739
2020-08-11,FTSE 100,^FTSE,6154.2998046875,1.6993535937981363,0.986153442698961
2020-08-12,FTSE 100,^FTSE,6280.10009765625,2.023492671331084,1.1361599255533688
2020-08-13,FTSE 100,^FTSE,6185.60009765625,-1.51618936507667,1.3188470494624902
2020-08-14,FTSE 100,^FTSE,6090.0,-1.5575944097745875,1.3336738099534493
2020-08-17,FTSE 100,^FTSE,6127.39990234375,0.6122418758081949,1.3530366867078236
2020-08-18,FTSE 100,^FTSE,6076.60009765625,-0.832515537377887,1.223498421120434
2020-08-19,FTSE 100,^FTSE,6112.0,0.5808706758111626,1.1451024489376271
2020-08-20,FTSE 100,^FTSE,6013.2998046875,-1.6280401630552888,1.0497676742975206
2020-08-21,FTSE 100,^FTSE,6001.89990234375,-0.18975807381416132,1.1680873474929916
2020-08-24,FTSE 100,^FTSE,6104.7001953125,1.6982928804381459,1.0454913479886747
2020-08-25,FTSE 100,^FTSE,6037.0,-1.1151798485617093,1.1749048062975038
2020-08-26,FTSE 100,^FTSE,6045.60009765625,0.14235510633593407,1.1499782177451026
2020-08-27,FTSE 100,^FTSE,6000.0,-0.7571281649594752,1.0281282304104802
2020-08-28,FTSE 100,^FTSE,5963.60009765625,-0.6085127280561764,0.9801744101306779
2020-09-01,FTSE 100,^FTSE,5862.10009765625,-1.716642412115199,0.9231476765442583
2020-09-02,FTSE 100,^FTSE,5941.0,1.3369551547263825,1.10913205812053
2020-09-03,FTSE 100,^FTSE,5850.89990234375,-1.528199049990775,1.136718508674142
2020-09-04,FTSE 100,^FTSE,5799.10009765625,-0.8892728935702365,1.2044375990071476
2020-09-07,FTSE 100,^FTSE,5937.39990234375,2.356856072802671,1.13760335364405
2020-09-08,FTSE 100,^FTSE,5930.2998046875,-0.11965416514794214,1.4130510660952302
2020-09-09,FTSE 100,^FTSE,6012.7998046875,1.3815728739681177,1.2497107403577188
2020-09-10,FTSE 100,^FTSE,6003.2998046875,-0.15812122549228036,1.2494941228341485
2020-09-11,FTSE 100,^FTSE,6032.10009765625,0.47859395077018974,1.1127204913440936
2020-09-14,FTSE 100,^FTSE,6026.2998046875,-0.09620336799365248,1.0143178035651867
2020-09-15,FTSE 100,^FTSE,6105.5,1.305681296387462,0.9147803906958443
2020-09-16,FTSE 100,^FTSE,6078.5,-0.44320492772289555,0.991745352517518
2020-09-17,FTSE 100,^FTSE,6049.89990234375,-0.4716228174981296,0.915305782930323
2020-09-18,FTSE 100,^FTSE,6007.10009765625,-0.7099607607583991,0.8564339553351564
2020-09-21,FTSE 100,^FTSE,5804.2998046875,-3.4343130703934577,0.8404144141600637
2020-09-22,FTSE 100,^FTSE,5829.5,0.4332244863997303,1.6389556297489747
2020-09-23,FTSE 100,^FTSE,5899.2998046875,1.1902433306161697,1.4508244021580252
2020-09-24,FTSE 100,^FTSE,5822.7998046875,-1.3052454531713664,1.371863016413298
2020-09-25,FTSE 100,^FTSE,5842.7001953125,0.3411840029052371,1.334005878182208
2020-09-28,FTSE 100,^FTSE,5927.89990234375,1.447695008697103,1.1894375494990284
2020-09-29,FTSE 100,^FTSE,5897.5,-0.5141469981987612,1.2181133184473272
2020-09-30,FTSE 100,^FTSE,5866.10009765625,-0.5338497850429391,1.1064723728877977
2020-10-01,FTSE 100,^FTSE,5879.5,0.22816898320705548,1.0168135686441773
2020-10-02,FTSE 100,^FTSE,5902.10009765625,0.38365120509080697,0.9199704246181877
2020-10-05,FTSE 100,^FTSE,5942.89990234375,0.6888976959697146,0.849658312997894
2020-10-06,FTSE 100,^FTSE,5949.89990234375,0.11771829885844909,0.8274819912633328
2020-10-07,FTSE 100,^FTSE,5946.2998046875,-0.06052517366565979,0.7609620725998517
2020-10-08,FTSE 100,^FTSE,5978.0,0.5316919317879254,0.7065587415420426
2020-10-09,FTSE 100,^FTSE,6016.7001953125,0.645290486162331,0.6966289009589549
2020-10-12,FTSE 100,^FTSE,6001.39990234375,-0.2546209652214415,0.7055136908021478
2020-10-13,FTSE 100,^FTSE,5969.7001953125,-0.5296051468256735,0.6709953660341555
2020-10-14,FTSE 100,^FTSE,5935.10009765625,-0.58128140295306,0.6738945658545645
2020-10-15,FTSE 100,^FTSE,5832.5,-1.7438168659920095,0.6836883309992197
2020-10-16,FTSE 100,^FTSE,5919.60009765625,1.4823170629211901,0.9793174086335983
2020-10-19,FTSE 100,^FTSE,5884.7001953125,-0.5913100000235261,1.0773105338559008
2020-10-20,FTSE 100,^FTSE,5889.2001953125,0.07644026312139118,0.9989807539154923
2020-10-21,FTSE 100,^FTSE,5776.5,-1.9322235232701601,0.9012058315143072
2020-10-22,FTSE 100,^FTSE,5785.7001953125,0.15914267351924138,1.157468815563988
2020-10-23,FTSE 100,^FTSE,5860.2998046875,1.2811373813573113,1.0347814159082631
2020-10-26,FTSE 100,^FTSE,5792.0,-1.1723108406286542,1.0712223292839027
2020-10-27,FTSE 100,^FTSE,5729.0,-1.0936659656973546,1.082383977544691
2020-10-28,FTSE 100,^FTSE,5582.7998046875,-2.5850587758775134,1.0759953829046418
2020-10-29,FTSE 100,^FTSE,5581.7998046875,-0.017913763818810935,1.4561424958047664
2020-10-30,FTSE 100,^FTSE,5577.2998046875,-0.08065167265201012,1.2850017198842671
2020-11-02,FTSE 100,^FTSE,5655.0,1.3835356265126109,1.140954828268149
2020-11-03,FTSE 100,^FTSE,5786.7998046875,2.3039318453831115,1.1694909282209436
2020-11-04,FTSE 100,^FTSE,5883.2998046875,1.6538367753069494,1.4172727420365847
2020-11-05,FTSE 100,^FTSE,5906.2001953125,0.38848839096949916,1.4280367241202554
2020-11-06,FTSE 100,^FTSE,5910.0,0.06431517333265191,1.2707587550026114
2020-11-09,FTSE 100,^FTSE,6186.2998046875,4.5691306702407175,1.1284201360448498
2020-11-10,FTSE 100,^FTSE,6296.89990234375,1.7720295173417,2.1593763771680274
2020-11-11,FTSE 100,^FTSE,6382.10009765625,1.3439778810305114,2.023637087659617
2020-11-12,FTSE 100,^FTSE,6338.89990234375,-0.6791975691294638,1.8542565225121788
2020-11-13,FTSE 100,^FTSE,6316.39990234375,-0.3555826263236028,1.6497564760856975
2020-11-16,FTSE 100,^FTSE,6421.2998046875,1.6471148848973272,1.4577578043489487
2020-11-17,FTSE 100,^FTSE,6365.2998046875,-0.875922602659962,1.4568749657429236
2020-11-18,FTSE 100,^FTSE,6385.2001953125,0.3121510024520546,1.3388118944236402
2020-11-19,FTSE 100,^FTSE,6334.39990234375,-0.7987761043581898,1.1921389884452782
2020-11-20,FTSE 100,^FTSE,6351.5,0.2695923528461819,1.1156770122344448
2020-11-23,FTSE 100,^FTSE,6333.7998046875,-0.2790664323613967,1.0037088091920447
2020-11-24,FTSE 100,^FTSE,6432.2001953125,1.5416315127643188,0.9131744477135525
2020-11-25,FTSE 100,^FTSE,6391.10009765625,-0.6410243456040021,1.0479406834710912
2020-11-26,FTSE 100,^FTSE,6362.89990234375,-0.4422179907267676,0.9809805634868436
2020-11-27,FTSE 100,^FTSE,6367.60009765625,0.07384149131723916,0.9064997635866021
2020-11-30,FTSE 100,^FTSE,6266.2001953125,-1.6052506356261986,0.82480962047384
2020-12-01,FTSE 100,^FTSE,6384.7001953125,1.873439237098573,1.0178059470463987
2020-12-02,FTSE 100,^FTSE,6463.39990234375,1.2250946169295673,1.2027870886511272
2020-12-03,FTSE 100,^FTSE,6490.2998046875,0.4153244496858832,1.1850357527664845
2020-12-04,FTSE 100,^FTSE,6550.2001953125,0.9186888833781381,1.0693598310350958
2020-12-07,FTSE 100,^FTSE,6555.39990234375,0.07935092274049538,1.0313851782636774
2020-12-08,FTSE 100,^FTSE,6558.7998046875,0.05185070375439693,0.9281412837679663
2020-12-09,FTSE 100,^FTSE,6564.2998046875,0.08382166539533387,0.842403777017632
2020-12-10,FTSE 100,^FTSE,6599.7998046875,0.5393469680395668,0.7724553608675335
2020-12-11,FTSE 100,^FTSE,6546.7998046875,-0.8062965132916489,0.7480568779282045
2020-12-14,FTSE 100,^FTSE,6531.7998046875,-0.2293824572209502,0.7761756779199981
2020-12-15,FTSE 100,^FTSE,6513.2998046875,-0.28363160046609437,0.7254367437061157
2020-12-16,FTSE 100,^FTSE,6570.89990234375,0.8804584314749064,0.6888138285522649
2020-12-17,FTSE 100,^FTSE,6551.10009765625,-0.30178051690512575,0.742587510046804
2020-12-18,FTSE 100,^FTSE,6529.2001953125,-0.3348535173703482,0.7037507009565233
2020-12-21,FTSE 100,^FTSE,6416.2998046875,-1.744285707566462,0.6761184430766423
2020-12-23,FTSE 100,^FTSE,6495.7998046875,1.2314187004792032,0.975527286908532
2020-12-24,FTSE 100,^FTSE,6502.10009765625,0.09694325251778935,1.0182001891814767
2020-12-29,FTSE 100,^FTSE,6602.7001953125,1.535346920155689,0.9174319420699586
2020-12-30,FTSE 100,^FTSE,6555.7998046875,-0.7128561649713205,1.0491157902646757
2020-12-31,FTSE 100,^FTSE,6460.5,-1.4643410037448845,0.9907889838120869
2021-01-04,FTSE 100,^FTSE,6571.89990234375,1.7096254951281864,1.0883471110034961
2021-01-05,FTSE 100,^FTSE,6612.2998046875,0.6128552311137625,1.2064527615246468
2021-01-06,FTSE 100,^FTSE,6841.89990234375,3.4133935123310977,1.1029306275221182
2021-01-07,FTSE 100,^FTSE,6857.0,0.22045717363585737,1.7333971616263122
2021-01-08,FTSE 100,^FTSE,6873.2998046875,0.2374283530075516,1.5231002653452483
2021-01-11,FTSE 100,^FTSE,6798.5,-1.0942312218698902,1.3449452113563733
2021-01-12,FTSE 100,^FTSE,6754.10009765625,-0.6552257260160843,1.2785464236190873
2021-01-13,FTSE 100,^FTSE,6745.5,-0.12741264567086574,1.169154299004852
2021-01-14,FTSE 100,^FTSE,6802.0,0.834107068826917,1.0445551742035417
2021-01-15,FTSE 100,^FTSE,6735.7001953125,-0.9794918457258106,0.9994685792579567
2021-01-18,FTSE 100,^FTSE,6720.7001953125,-0.22294232896591382,0.9931790688747797
2021-01-19,FTSE 100,^FTSE,6713.0,-0.11463998814722487,0.9016073929012236
2021-01-20,FTSE 100,^FTSE,6740.39990234375,0.4073310899437743,0.8222468066047866
2021-01-21,FTSE 100,^FTSE,6715.39990234375,-0.3715874066045899,0.7731340311337442
2021-01-22,FTSE 100,^FTSE,6695.10009765625,-0.3027451652400259,0.7338575591182354
2021-01-25,FTSE 100,^FTSE,6638.89990234375,-0.8429657733142193,0.6969449002565712
2021-01-26,FTSE 100,^FTSE,6654.0,0.22719051918222988,0.7470225474332131
2021-01-27,FTSE 100,^FTSE,6567.39990234375,-1.3100176498602067,0.7002436477402665
2021-01-28,FTSE 100,^FTSE,6526.2001953125,-0.6293126824514772,0.8607413583534154
2021-01-29,FTSE 100,^FTSE,6407.5,-1.835569501708001,0.8321007483482856
2021-02-01,FTSE 100,^FTSE,6466.39990234375,0.915034507930379,1.088842308680154
2021-02-02,FTSE 100,^FTSE,6516.7001953125,0.7748618475378777,1.0459670811714945
2021-02-03,FTSE 100,^FTSE,6507.7998046875,-0.1366715345760383,0.9923270214890156
2021-02-04,FTSE 100,^FTSE,6503.7001953125,-0.0630151713586713,0.897606934564307
2021-02-05,FTSE 100,^FTSE,6489.2998046875,-0.22166391936178087,0.8178067586305623
2021-02-08,FTSE 100,^FTSE,6523.5,0.5256405165859235,0.7584444146119058
2021-02-09,FTSE 100,^FTSE,6531.60009765625,0.12409094737044768,0.7355644655647994
2021-02-10,FTSE 100,^FTSE,6524.39990234375,-0.1102971207483705,0.6869046025597358
2021-02-11,FTSE 100,^FTSE,6528.7001953125,0.06588922312946721,0.6486870904972899
2021-02-12,FTSE 100,^FTSE,6589.7998046875,0.9315097180428111,0.6166568948530194
2021-02-15,FTSE 100,^FTSE,6756.10009765625,2.49228455467172,0.7049543366335578
2021-02-16,FTSE 100,^FTSE,6748.89990234375,-0.10663007767082178,1.2309210605201477
2021-02-17,FTSE 100,^FTSE,6710.89990234375,-0.5646458567376555,1.0959046954358933
2021-02-18,FTSE 100,^FTSE,6617.2001953125,-1.406070633763612,1.011246843160497
2021-02-19,FTSE 100,^FTSE,6624.0,0.10270678163522007,1.0887622625344808
2021-02-22,FTSE 100,^FTSE,6612.2001953125,-0.17829600095637943,0.9762442406400077
2021-02-23,FTSE 100,^FTSE,6625.89990234375,0.20697398902846942,0.8857500256266254
2021-02-24,FTSE 100,^FTSE,6659.0,0.49831261648058955,0.8113762709362127
2021-02-25,FTSE 100,^FTSE,6652.0,-0.10517617978038629,0.7735873118600131
2021-02-26,FTSE 100,^FTSE,6483.39990234375,-2.5672512273358095,0.7178191815511699
2021-03-01,FTSE 100,^FTSE,6588.5,1.608065594584751,1.2741869730315063
2021-03-02,FTSE 100,^FTSE,6613.7998046875,0.3832640680961674,1.313485234759382
2021-03-03,FTSE 100,^FTSE,6675.5,0.9285762163880662,1.1744160934269483
2021-03-04,FTSE 100,^FTSE,6650.89990234375,-0.3691938674956319,1.1149995943367417
2021-03-05,FTSE 100,^FTSE,6630.5,-0.30719530375389326,1.0104571246677605
2021-03-08,FTSE 100,^FTSE,6719.10009765625,1.3274015393006877,0.920385385157738
2021-03-09,FTSE 100,^FTSE,6730.2998046875,0.1665458637759798,1.000593730335289
2021-03-10,FTSE 100,^FTSE,6725.60009765625,-0.06985348072543474,0.9043976622175146
2021-03-11,FTSE 100,^FTSE,6737.0,0.16935666194939358,0.823503659169151
2021-03-12,FTSE 100,^FTSE,6761.5,0.3630036952753102,0.7592569488149228
2021-03-15,FTSE 100,^FTSE,6749.7001953125,-0.174667054249511,0.7193514824699447
2021-03-16,FTSE 100,^FTSE,6803.60009765625,0.7953809822632607,0.6771299501101659
2021-03-17,FTSE 100,^FTSE,6762.7001953125,-0.6029650733928804,0.7175665294745218
2021-03-18,FTSE 100,^FTSE,6779.7001953125,0.2510634516672994,0.7193864453353827
2021-03-19,FTSE 100,^FTSE,6708.7001953125,-1.0527661352947248,0.6796356366422751
2021-03-22,FTSE 100,^FTSE,6726.10009765625,0.2590274763013767,0.7818640097729621
2021-03-23,FTSE 100,^FTSE,6699.2001953125,-0.40073499668835666,0.7298833234675475
2021-03-24,FTSE 100,^FTSE,6712.89990234375,0.20428883912320117,0.702882432501557
2021-03-25,FTSE 100,^FTSE,6674.7998046875,-0.5691821799139518,0.6639740853992461
2021-03-26,FTSE 100,^FTSE,6740.60009765625,0.9809744191949576,0.6745280891959673
2021-03-29,FTSE 100,^FTSE,6736.2001953125,-0.06529595162696467,0.7544597382132013
2021-03-30,FTSE 100,^FTSE,6772.10009765625,0.5315248563483976,0.7014178008629628
2021-03-31,FTSE 100,^FTSE,6713.60009765625,-0.8675910942777421,0.6927102655004186
2021-04-01,FTSE 100,^FTSE,6737.2998046875,0.3523887877856069,0.7491219445875563
2021-04-06,FTSE 100,^FTSE,6823.60009765625,1.2727983932094844,0.7104616053568945
2021-04-07,FTSE 100,^FTSE,6885.2998046875,0.9001469713728838,0.8487983419412076
2021-04-08,FTSE 100,^FTSE,6942.2001953125,0.8230079450353145,0.8610957717399901
2021-04-09,FTSE 100,^FTSE,6915.7998046875,-0.3810134588418279,0.8568953577197933
2021-04-12,FTSE 100,^FTSE,6889.10009765625,-0.3868154135352242,0.8012293562945307
2021-04-13,FTSE 100,^FTSE,6890.5,0.020318475698033467,0.7574601779748137
2021-04-14,FTSE 100,^FTSE,6939.60009765625,0.7100498709290193,0.7030142719475545
2021-04-15,FTSE 100,^FTSE,6983.5,0.6306073721335181,0.7207690789849656
2021-04-16,FTSE 100,^FTSE,7019.5,0.5141766666181269,0.7212000068922294
2021-04-19,FTSE 100,^FTSE,7000.10009765625,-0.2767541811616425,0.7055519164017303
2021-04-20,FTSE 100,^FTSE,6859.89990234375,-2.023159848199718,0.6726555646592304
2021-04-21,FTSE 100,^FTSE,6895.2998046875,0.5147141626734353,1.0650970046592712
2021-04-22,FTSE 100,^FTSE,6938.2001953125,0.6202411270622932,0.978454740817153
2021-04-23,FTSE 100,^FTSE,6938.60009765625,0.0057636102763325425,0.9194643599027689
2021-04-26,FTSE 100,^FTSE,6963.10009765625,0.3524752371465212,0.8351295454753747
2021-04-27,FTSE 100,^FTSE,6945.0,-0.2602815301534278,0.7788977849194828
2021-04-28,FTSE 100,^FTSE,6963.7001953125,0.26889941285439534,0.7295587254869409
2021-04-29,FTSE 100,^FTSE,6961.5,-0.031600196764891564,0.6888111248157326
2021-04-30,FTSE 100,^FTSE,6969.7998046875,0.11915335662617821,0.6483499936771039
2021-05-04,FTSE 100,^FTSE,6923.2001953125,-0.6708383233677395,0.6175571278565924
2021-05-05,FTSE 100,^FTSE,7039.2998046875,1.6630586962298466,0.6581959770293501
2021-05-06,FTSE 100,^FTSE,7076.2001953125,0.5228362393589592,0.9307220320988727
2021-05-07,FTSE 100,^FTSE,7129.7001953125,0.7532117143204786,0.8707556116104613
2021-05-10,FTSE 100,^FTSE,7123.7001953125,-0.08419044143810339,0.8531271222937272
2021-05-11,FTSE 100,^FTSE,6948.0,-2.497343240563943,0.7818103832262603
2021-05-12,FTSE 100,^FTSE,7004.60009765625,0.8113241651507508,1.2777679982419505
2021-05-13,FTSE 100,^FTSE,6963.2998046875,-0.5913618169717694,1.1821870802974555
2021-05-14,FTSE 100,^FTSE,7043.60009765625,1.1465945108373177,1.0840744301326728
2021-05-17,FTSE 100,^FTSE,7032.89990234375,-0.15202923132076052,1.0811812756901091
2021-05-18,FTSE 100,^FTSE,7034.2001953125,0.018487008174083996,0.9717858267803985
2021-05-19,FTSE 100,^FTSE,6950.2001953125,-1.201353049477838,0.878315689336029
2021-05-20,FTSE 100,^FTSE,7019.7998046875,0.9964235537516686,0.950022667194603
2021-05-21,FTSE 100,^FTSE,7018.10009765625,-0.024215973206409558,0.9535461214396526
2021-05-24,FTSE 100,^FTSE,7051.60009765625,0.47620152300282825,0.8633951706345083
2021-05-25,FTSE 100,^FTSE,7029.7998046875,-0.30963271460215935,0.8123629702632894
2021-05-26,FTSE 100,^FTSE,7026.89990234375,-0.04126007448856939,0.7598057447733763
2021-05-27,FTSE 100,^FTSE,7019.7001953125,-0.10251174820528064,0.7053074118414269
2021-05-28,FTSE 100,^FTSE,7022.60009765625,0.04130238386128582,0.6630413551584807
2021-06-01,FTSE 100,^FTSE,7080.5,0.8210992937065953,0.6277115374098814
2021-06-02,FTSE 100,^FTSE,7108.0,0.3876383611428835,0.6883587742074354
2021-06-03,FTSE 100,^FTSE,7064.39990234375,-0.6152837276040657,0.6661947710003043
2021-06-04,FTSE 100,^FTSE,7069.0,0.06509541724515344,0.6834132769765321
2021-06-07,FTSE 100,^FTSE,7077.2001953125,0.1159349665320164,0.6440898460050054
2021-06-08,FTSE 100,^FTSE,7095.10009765625,0.25260418551429353,0.6141199502893394
2021-06-09,FTSE 100,^FTSE,7081.0,-0.19892780396428833,0.5975266983247836
2021-06-10,FTSE 100,^FTSE,7088.2001953125,0.10163164939456237,0.5832994116096022
2021-06-11,FTSE 100,^FTSE,7134.10009765625,0.645466074508505,0.5664513260576973
2021-06-14,FTSE 100,^FTSE,7146.7001953125,0.17646211230974984,0.6122129315662151
2021-06-15,FTSE 100,^FTSE,7172.5,0.3603529841617714,0.5915794485597585
2021-06-16,FTSE 100,^FTSE,7185.0,0.1741250657605775,0.5896834858819043
2021-06-17,FTSE 100,^FTSE,7153.39990234375,-0.4407765027206523,0.5740920718653072
2021-06-18,FTSE 100,^FTSE,7017.5,-1.9180725249881903,0.5901207021515296
2021-06-21,FTSE 100,^FTSE,7062.2998046875,0.6363720577958532,0.991500535743845
2021-06-22,FTSE 100,^FTSE,7090.0,0.39145907121778123,0.9317251881497005
2021-06-23,FTSE 100,^FTSE,7074.10009765625,-0.22450997822254237,0.8597793174038006
2021-06-24,FTSE 100,^FTSE,7110.0,0.5062003053339481,0.7925547464622666
2021-06-25,FTSE 100,^FTSE,7136.10009765625,0.3664178502106097,0.7597413464521039
2021-06-28,FTSE 100,^FTSE,7073.0,-0.8881704263403734,0.7200249109257724
2021-06-29,FTSE 100,^FTSE,7087.60009765625,0.2062074026389027,0.7723426937795198
2021-06-30,FTSE 100,^FTSE,7037.5,-0.70937986144326,0.7194671308319892
2021-07-01,FTSE 100,^FTSE,7125.2001953125,1.2384829881893822,0.738040001855736
2021-07-02,FTSE 100,^FTSE,7123.2998046875,-0.026674957171124447,0.8575406878807871
2021-07-05,FTSE 100,^FTSE,7164.89990234375,0.5823017042809298,0.784496789026419
2021-07-06,FTSE 100,^FTSE,7100.89990234375,-0.8972567994250724,0.7627878531400729
2021-07-07,FTSE 100,^FTSE,7151.0,0.703068424170894,0.8042660666115159
2021-07-08,FTSE 100,^FTSE,7030.7001953125,-1.6965905163354833,0.7949606949600447
2021-07-09,FTSE 100,^FTSE,7121.89990234375,1.2888228142280411,1.0263032219504822
2021-07-12,FTSE 100,^FTSE,7125.39990234375,0.049132117922567886,1.066713339219587
2021-07-13,FTSE 100,^FTSE,7124.7001953125,-0.009820380587122202,0.9572729063197856
2021-07-14,FTSE 100,^FTSE,7091.2001953125,-0.471304118488014,0.866378553517745
2021-07-15,FTSE 100,^FTSE,7012.0,-1.123163917467096,0.8174486800719071
2021-07-16,FTSE 100,^FTSE,7008.10009765625,-0.05563301855442404,0.8904785431095896
2021-07-19,FTSE 100,^FTSE,6844.39990234375,-2.363585146581748,0.8118370238280832
2021-07-20,FTSE 100,^FTSE,6881.10009765625,0.5347751670468526,1.2463641517449795
2021-07-21,FTSE 100,^FTSE,6998.2998046875,1.6888697431225452,1.1288734666494733
2021-07-22,FTSE 100,^FTSE,6968.2998046875,-0.429596995366488,1.2290035803414254
2021-07-23,FTSE 100,^FTSE,7027.60009765625,0.8474002849208517,1.1089258563674795
2021-07-26,FTSE 100,^FTSE,7025.39990234375,-0.03131282047217354,1.0518923579814845
2021-07-27,FTSE 100,^FTSE,6996.10009765625,-0.41792743050557135,0.9450284292022516
2021-07-28,FTSE 100,^FTSE,7016.60009765625,0.2925919250296616,0.8752952015688372
2021-07-29,FTSE 100,^FTSE,7078.39990234375,0.8769095524012727,0.8072216259728945
2021-07-30,FTSE 100,^FTSE,7032.2998046875,-0.6534085854111638,0.8263506107306872
2021-08-02,FTSE 100,^FTSE,7081.7001953125,0.7000225642071811,0.8090502539156017
2021-08-03,FTSE 100,^FTSE,7105.7001953125,0.3383286892940873,0.7981234576322074
2021-08-04,FTSE 100,^FTSE,7123.89990234375,0.25580082125085113,0.7482209950114769
2021-08-05,FTSE 100,^FTSE,7120.39990234375,-0.04914246566602998,0.7028177253050222
2021-08-06,FTSE 100,^FTSE,7123.0,0.036509509007132124,0.6597599261370344
2021-08-09,FTSE 100,^FTSE,7132.2998046875,0.13047506729755298,0.6250888422056499
2021-08-10,FTSE 100,^FTSE,7161.0,0.40159003556112793,0.5997125341116252
2021-08-11,FTSE 100,^FTSE,7220.10009765625,0.821918072513661,0.6002247237323977
2021-08-12,FTSE 100,^FTSE,7193.2001953125,-0.37326542886546576,0.6699436377095327
2021-08-13,FTSE 100,^FTSE,7218.7001953125,0.3538745886331185,0.6537547968053016
2021-08-16,FTSE 100,^FTSE,7154.0,-0.900326751079028,0.636288535400152
2021-08-17,FTSE 100,^FTSE,7181.10009765625,0.3780947430556125,0.7179518514064113
2021-08-18,FTSE 100,^FTSE,7169.2998046875,-0.16445946745360374,0.6882670015182163
2021-08-19,FTSE 100,^FTSE,7058.89990234375,-1.5518775426848208,0.6520065897852557
2021-08-20,FTSE 100,^FTSE,7087.89990234375,0.4099872907231017,0.9028438750018718
2021-08-23,FTSE 100,^FTSE,7109.0,0.2972495874116632,0.8379129383799484
2021-08-24,FTSE 100,^FTSE,7125.7998046875,0.23603861969139217,0.7772783955520857
2021-08-25,FTSE 100,^FTSE,7150.10009765625,0.34043831358641086,0.7249194456783423
2021-08-26,FTSE 100,^FTSE,7125.0,-0.3516630125409037,0.690421690874822
2021-08-27,FTSE 100,^FTSE,7148.0,0.3222871142467554,0.6673521039141116
2021-08-31,FTSE 100,^FTSE,7119.7001953125,-0.3966980159768596,0.6439865752008012
2021-09-01,FTSE 100,^FTSE,7149.7998046875,0.4218739832108298,0.6365433258605354
2021-09-02,FTSE 100,^FTSE,7163.89990234375,0.1970154817502845,0.6301989770235836
2021-09-03,FTSE 100,^FTSE,7138.39990234375,-0.35658638636313356,0.6065609602897043
2021-09-06,FTSE 100,^FTSE,7187.2001953125,0.6813045373585069,0.6038594117534357
2021-09-07,FTSE 100,^FTSE,7149.39990234375,-0.5273269855493368,0.6447571573034951
2021-09-08,FTSE 100,^FTSE,7095.5,-0.75676431490308,0.654122284715164
2021-09-09,FTSE 100,^FTSE,7024.2001953125,-1.0099422755253329,0.7000323104861026
2021-09-10,FTSE 100,^FTSE,7029.2001953125,0.07115715872316741,0.785233349020136
2021-09-13,FTSE 100,^FTSE,7068.39990234375,0.556120301143892,0.7258183063018521
2021-09-14,FTSE 100,^FTSE,7034.10009765625,-0.48643676399482416,0.7144668692460288
2021-09-15,FTSE 100,^FTSE,7016.5,-0.25052462868693226,0.7008791790052894
2021-09-16,FTSE 100,^FTSE,7027.5,0.15665055894960034,0.6670630379819359
2021-09-17,FTSE 100,^FTSE,6963.60009765625,-0.9134427772307774,0.6335605855296575
2021-09-20,FTSE 100,^FTSE,6903.89990234375,-0.8610140851994075,0.7191100054874257
2021-09-21,FTSE 100,^FTSE,6981.0,1.1105717814016813,0.7661763597775645
2021-09-22,FTSE 100,^FTSE,7083.39990234375,1.456183164783198,0.8455237654987166
2021-09-23,FTSE 100,^FTSE,7078.39990234375,-0.07061249667010827,0.9821524016688116
2021-09-24,FTSE 100,^FTSE,7051.5,-0.38075195192384115,0.8876365937106206
2021-09-27,FTSE 100,^FTSE,7063.39990234375,0.16861480060725853,0.8258599281583804
2021-09-28,FTSE 100,^FTSE,7028.10009765625,-0.5010095238404233,0.7611425506462796
2021-09-29,FTSE 100,^FTSE,7108.2001953125,1.1332661765873553,0.7384838761115787
2021-09-30,FTSE 100,^FTSE,7086.39990234375,-0.3071634277700852,0.8322092347409535
2021-10-01,FTSE 100,^FTSE,7027.10009765625,-0.8403323576139599,0.775522935059762
2021-10-04,FTSE 100,^FTSE,7011.0,-0.2293772605028721,0.8023657911945562
2021-10-05,FTSE 100,^FTSE,7077.10009765625,0.9383888849086475,0.7464452312728233
2021-10-06,FTSE 100,^FTSE,6995.89990234375,-1.153998386100774,0.7946760903390687
2021-10-07,FTSE 100,^FTSE,7078.0,1.1667132710362793,0.8820480396718926
2021-10-08,FTSE 100,^FTSE,7095.60009765625,0.24835054723055805,0.9380441500549404
2021-10-11,FTSE 100,^FTSE,7146.89990234375,0.7203795195529494,0.8560087661916008
2021-10-12,FTSE 100,^FTSE,7130.2001953125,-0.23393706751377863,0.8369316901707459
2021-10-13,FTSE 100,^FTSE,7141.7998046875,0.16255061559853345,0.7745706217762405
2021-10-14,FTSE 100,^FTSE,7207.7001953125,0.9185108043931578,0.7194594132367859
2021-10-15,FTSE 100,^FTSE,7234.0,0.3642207414019438,0.7717135149410501
2021-10-18,FTSE 100,^FTSE,7203.7998046875,-0.41834960682525235,0.729300748951008
2021-10-19,FTSE 100,^FTSE,7217.5,0.18999950933000775,0.7043025932253886
2021-10-20,FTSE 100,^FTSE,7223.10009765625,0.07756046007934003,0.6644131418685529
2021-10-21,FTSE 100,^FTSE,7190.2998046875,-0.4551368839045722,0.6292383179725676
2021-10-22,FTSE 100,^FTSE,7204.60009765625,0.1986856146285021,0.6326280718095652
2021-10-25,FTSE 100,^FTSE,7222.7998046875,0.2522937855497176,0.608537222013388
2021-10-26,FTSE 100,^FTSE,7277.60009765625,0.7558488625976523,0.5932174082168827
2021-10-27,FTSE 100,^FTSE,7253.2998046875,-0.3344640151020428,0.6516186878146587
2021-10-28,FTSE 100,^FTSE,7249.5,-0.0524009822328253,0.6357974636588051
2021-10-29,FTSE 100,^FTSE,7237.60009765625,-0.1642827748810305,0.6068412289485882
2021-11-01,FTSE 100,^FTSE,7288.60009765625,0.7021823858220699,0.5884086318617231
2021-11-02,FTSE 100,^FTSE,7274.7998046875,-0.18952026576126713,0.6378841293916292
2021-11-03,FTSE 100,^FTSE,7248.89990234375,-0.3566574677398293,0.6138693713928965
2021-11-04,FTSE 100,^FTSE,7279.89990234375,0.4267392690501026,0.6093659750849653
2021-11-05,FTSE 100,^FTSE,7304.0,0.33050308566568987,0.610346873437892
2021-11-08,FTSE 100,^FTSE,7300.39990234375,-0.049301549577585035,0.6009474831515034
2021-11-09,FTSE 100,^FTSE,7274.0,-0.3622781232094141,0.579608529644413
2021-11-10,FTSE 100,^FTSE,7340.2001953125,0.9059770255417376,0.5843668117750555
2021-11-11,FTSE 100,^FTSE,7384.2001953125,0.5976492054049487,0.6781195301357309
2021-11-12,FTSE 100,^FTSE,7347.89990234375,-0.49280640496984773,0.6845212516284372
2021-11-15,FTSE 100,^FTSE,7351.89990234375,0.05442251121614561,0.6789909364494568
2021-11-16,FTSE 100,^FTSE,7327.0,-0.3392614758901402,0.6404529890876727
2021-11-17,FTSE 100,^FTSE,7291.2001953125,-0.4897986862916426,0.6277280249436834
2021-11-18,FTSE 100,^FTSE,7256.0,-0.4839455502073875,0.636198866618407
2021-11-19,FTSE 100,^FTSE,7223.60009765625,-0.4475255697728997,0.6416561340621515
2021-11-22,FTSE 100,^FTSE,7255.5,0.44063448339031197,0.6409152264917424
2021-11-23,FTSE 100,^FTSE,7266.7001953125,0.15424932011089965,0.6356644129315162
2021-11-24,FTSE 100,^FTSE,7286.2998046875,0.26935506390355357,0.6088402409895487
2021-11-25,FTSE 100,^FTSE,7310.39990234375,0.33021326791775607,0.5946874811186191
2021-11-26,FTSE 100,^FTSE,7044.0,-3.712178783437281,0.5890599748934565
2021-11-29,FTSE 100,^FTSE,7110.0,0.932605318119073,1.663764160196852
2021-11-30,FTSE 100,^FTSE,7059.5,-0.7128016347706989,1.5110711670036627
2021-12-01,FTSE 100,^FTSE,7168.7001953125,1.5350126932300867,1.3661112592958222
2021-12-02,FTSE 100,^FTSE,7129.2001953125,-0.5525300836053404,1.3663137523368094
2021-12-03,FTSE 100,^FTSE,7122.2998046875,-0.09683740187682588,1.2321413488564814
2021-12-06,FTSE 100,^FTSE,7232.2998046875,1.5326397979883666,1.0967454966593106
2021-12-07,FTSE 100,^FTSE,7339.89990234375,1.476812772576075,1.1701881397796343
2021-12-08,FTSE 100,^FTSE,7337.39990234375,-0.03406621187060921,1.2102221277687062
2021-12-09,FTSE 100,^FTSE,7321.2998046875,-0.21966619757609607,1.0775047368027613
2021-12-10,FTSE 100,^FTSE,7291.7998046875,-0.40374788186525734,0.9711983014239413
2021-12-13,FTSE 100,^FTSE,7231.39990234375,-0.8317760795568674,0.8952782467637621
2021-12-14,FTSE 100,^FTSE,7218.60009765625,-0.17715997280625118,0.8893177701634852
2021-12-15,FTSE 100,^FTSE,7170.7998046875,-0.6643844652467479,0.814359227742652
2021-12-16,FTSE 100,^FTSE,7260.60009765625,1.2445286338738981,0.8015300637420133
2021-12-17,FTSE 100,^FTSE,7269.89990234375,0.12800393595959747,0.9006072748843049
2021-12-20,FTSE 100,^FTSE,7198.0,-0.9939313202844247,0.8209559673491873
2021-12-21,FTSE 100,^FTSE,7297.39990234375,1.3714897290011407,0.8651183743587602
2021-12-22,FTSE 100,^FTSE,7341.7001953125,0.605234309526459,0.9736817859364132
2021-12-23,FTSE 100,^FTSE,7373.2998046875,0.42948906488735616,0.91394483872603
2021-12-24,FTSE 100,^FTSE,7372.10009765625,-0.016272288874397134,0.848500807516157
2021-12-29,FTSE 100,^FTSE,7420.7001953125,0.657080086993922,0.7770223099555416
2021-12-30,FTSE 100,^FTSE,7403.0,-0.23880952112236287,0.7674611757121752
2021-12-31,FTSE 100,^FTSE,7384.5,-0.2502114576731884,0.7190445379651644
2022-01-04,FTSE 100,^FTSE,7505.2001953125,1.621293077047703,0.6813489148008347
2022-01-05,FTSE 100,^FTSE,7516.89990234375,0.15576662811191966,0.9303515878114771
2022-01-06,FTSE 100,^FTSE,7450.39990234375,-0.8886096818031319,0.8461292955337169
2022-01-07,FTSE 100,^FTSE,7485.2998046875,0.4673362018122518,0.8627716774305139
2022-01-10,FTSE 100,^FTSE,7445.2998046875,-0.5358136544442615,0.8109913345619865
2022-01-11,FTSE 100,^FTSE,7491.39990234375,0.6172748323125532,0.7813532968336947
2022-01-12,FTSE 100,^FTSE,7551.7001953125,0.8017046426669339,0.7650793348755489
2022-01-13,FTSE 100,^FTSE,7563.89990234375,0.16141879384736768,0.7819944083535305
2022-01-14,FTSE 100,^FTSE,7543.0,-0.27669364082480996,0.7254011439553983
2022-01-17,FTSE 100,^FTSE,7611.2001953125,0.9000891485582585,0.6882615330511357
2022-01-18,FTSE 100,^FTSE,7563.60009765625,-0.6273592120804139,0.7462602251260808
2022-01-19,FTSE 100,^FTSE,7589.7001953125,0.34448104322954975,0.7445436604564665
2022-01-20,FTSE 100,^FTSE,7585.0,-0.06194778680725932,0.706198033087499
2022-01-21,FTSE 100,^FTSE,7494.10009765625,-1.2056555478405784,0.6626964926291452
2022-01-24,FTSE 100,^FTSE,7297.2001953125,-2.6625317624759504,0.8098520792472198
2022-01-25,FTSE 100,^FTSE,7371.5,1.0130473610407975,1.347906874270064
2022-01-26,FTSE 100,^FTSE,7469.7998046875,1.3246985569898229,1.2644771475737537
2022-01-27,FTSE 100,^FTSE,7554.2998046875,1.1248712828342278,1.2499026422383999
2022-01-28,FTSE 100,^FTSE,7466.10009765625,-1.1744124170290249,1.2041133029773528
2022-01-31,FTSE 100,^FTSE,7464.39990234375,-0.022774794144275745,1.1826228834591843
2022-02-01,FTSE 100,^FTSE,7535.7998046875,0.9519932131560438,1.0542509349939784
2022-02-02,FTSE 100,^FTSE,7583.0,0.6243927992992226,1.0249519199993888
2022-02-03,FTSE 100,^FTSE,7528.7998046875,-0.7173259098406604,0.9570659193662109
2022-02-04,FTSE 100,^FTSE,7516.39990234375,-0.16483536799540843,0.919067964835764
2022-02-07,FTSE 100,^FTSE,7573.5,0.7568025044506044,0.8382195276171861
2022-02-08,FTSE 100,^FTSE,7567.10009765625,-0.08453961776471175,0.8289572014693151
2022-02-09,FTSE 100,^FTSE,7643.39990234375,1.0032601777817618,0.7621224696611604
2022-02-10,FTSE 100,^FTSE,7672.39990234375,0.37869435520292427,0.8191378177591838
2022-02-11,FTSE 100,^FTSE,7661.0,-0.14869376024595482,0.7681928116404103
2022-02-14,FTSE 100,^FTSE,7531.60009765625,-1.703500792834589,0.7150012649749181
2022-02-15,FTSE 100,^FTSE,7608.89990234375,1.0211086335759845,0.983443784368344
2022-02-16,FTSE 100,^FTSE,7603.7998046875,-0.06705052943321022,0.9829560000041426
2022-02-17,FTSE 100,^FTSE,7537.39990234375,-0.8770814637035329,0.8882420525319095
2022-02-18,FTSE 100,^FTSE,7513.60009765625,-0.31625572419340386,0.8918311934019081
2022-02-21,FTSE 100,^FTSE,7484.2998046875,-0.39072577408845177,0.8242369155363705
2022-02-22,FTSE 100,^FTSE,7494.2001953125,0.13219470663656807,0.776063475740758
2022-02-23,FTSE 100,^FTSE,7498.2001953125,0.05336036912968467,0.719686163777473
2022-02-24,FTSE 100,^FTSE,7207.0,-3.9610241843270444,0.6728592020043354
2022-02-25,FTSE 100,^FTSE,7489.5,3.844926368433299,1.7844632889362682
2022-02-28,FTSE 100,^FTSE,7458.2998046875,-0.41745596048254896,2.2416235367436075
2022-03-01,FTSE 100,^FTSE,7330.2001953125,-1.7324652720972722,1.9637987396341243
2022-03-02,FTSE 100,^FTSE,7429.60009765625,1.3469207323035803,1.8673425399201502
2022-03-03,FTSE 100,^FTSE,7238.89990234375,-2.6002786961482727,1.72765080136872
2022-03-04,FTSE 100,^FTSE,6987.10009765625,-3.5403641923586804,1.8710558291060613
2022-03-07,FTSE 100,^FTSE,6959.5,-0.3957973053486441,2.2151839509543683
2022-03-08,FTSE 100,^FTSE,6964.10009765625,0.06607627038057728,1.9403998186624176
2022-03-09,FTSE 100,^FTSE,7190.7001953125,3.2020156207613226,1.697565108206535
2022-03-10,FTSE 100,^FTSE,7099.10009765625,-1.282052239150211,2.001383386238183
2022-03-11,FTSE 100,^FTSE,7155.60009765625,0.7927251377216393,1.8322703134594844
2022-03-14,FTSE 100,^FTSE,7193.5,0.5282559912499707,1.637774468594634
2022-03-15,FTSE 100,^FTSE,7175.7001953125,-0.24774954138209182,1.4551754937219503
2022-03-16,FTSE 100,^FTSE,7291.7001953125,1.6036396698151378,1.2888489147762288
2022-03-17,FTSE 100,^FTSE,7385.2998046875,1.2754769817082234,1.3232068881579648
2022-03-18,FTSE 100,^FTSE,7404.7001953125,0.2623448512766302,1.2859616670335905
2022-03-21,FTSE 100,^FTSE,7442.39990234375,0.5078404241473322,1.145723642067862
2022-03-22,FTSE 100,^FTSE,7476.7001953125,0.4598179941043057,1.0437917700853285
2022-03-23,FTSE 100,^FTSE,7460.60009765625,-0.21556912661910843,0.9563812080051615
2022-03-24,FTSE 100,^FTSE,7467.39990234375,0.0911013552757467,0.870992494461614
2022-03-25,FTSE 100,^FTSE,7483.39990234375,0.21403545385112466,0.7959327867569839
2022-03-28,FTSE 100,^FTSE,7473.10009765625,-0.13773016836431395,0.7388095329296517
2022-03-29,FTSE 100,^FTSE,7537.2998046875,0.8554082358712023,0.6910091517829182
2022-03-30,FTSE 100,^FTSE,7578.7998046875,0.5490848213376864,0.7390501253132554
2022-03-31,FTSE 100,^FTSE,7515.7001953125,-0.8360658111627117,0.7236244876555772
2022-04-01,FTSE 100,^FTSE,7537.89990234375,0.29494237897047526,0.7644053373669172
2022-04-04,FTSE 100,^FTSE,7558.89990234375,0.278204835678153,0.7182180182769204
2022-04-05,FTSE 100,^FTSE,7613.7001953125,0.7223617693572493,0.6804584499672547
2022-04-06,FTSE 100,^FTSE,7587.7001953125,-0.34207408113804405,0.7065410120251003
2022-04-07,FTSE 100,^FTSE,7551.7998046875,-0.4742621343590159,0.6789542401399407
2022-04-08,FTSE 100,^FTSE,7669.60009765625,1.5478555934919314,0.6723804630411641
2022-04-11,FTSE 100,^FTSE,7618.2998046875,-0.6711253455000232,0.903304734008726
2022-04-12,FTSE 100,^FTSE,7576.7001953125,-0.5475447621780205,0.870829157277586
2022-04-13,FTSE 100,^FTSE,7580.7998046875,0.05409347814566701,0.8295088383713136
2022-04-14,FTSE 100,^FTSE,7616.39990234375,0.46850950782229006,0.7615808908925126
2022-04-19,FTSE 100,^FTSE,7601.2998046875,-0.19845446950377266,0.7314034671781249
2022-04-20,FTSE 100,^FTSE,7629.2001953125,0.36637565193746724,0.6879498079912214
2022-04-21,FTSE 100,^FTSE,7628.0,-0.015732838261328652,0.6638473419615896
2022-04-22,FTSE 100,^FTSE,7521.7001953125,-1.4033485528678113,0.6283955587254691
2022-04-25,FTSE 100,^FTSE,7380.5,-1.895081521458053,0.8452912339992541
2022-04-26,FTSE 100,^FTSE,7386.2001953125,0.0772033767901803,1.1142227247243872
2022-04-27,FTSE 100,^FTSE,7425.60009765625,0.5320081893252393,0.9971658911762915
2022-04-28,FTSE 100,^FTSE,7509.2001953125,1.1195458821761761,0.9250281549344598
2022-04-29,FTSE 100,^FTSE,7544.60009765625,0.47031270386028723,0.9588121596193531
2022-05-03,FTSE 100,^FTSE,7561.2998046875,0.22110187333943543,0.8882760439074711
2022-05-04,FTSE 100,^FTSE,7493.5,-0.9007129146914039,0.8140444656087705
2022-05-05,FTSE 100,^FTSE,7503.2998046875,0.13069196375230518,0.8416699825641998
2022-05-06,FTSE 100,^FTSE,7387.89990234375,-1.5499384176365538,0.7728333100547163
2022-05-09,FTSE 100,^FTSE,7216.60009765625,-2.34595721694717,0.9709929538056941
2022-05-10,FTSE 100,^FTSE,7243.2001953125,0.36791832699041294,1.3232393930245823
2022-05-11,FTSE 100,^FTSE,7347.7001953125,1.4324241000322147,1.181756409866008
2022-05-12,FTSE 100,^FTSE,7233.2998046875,-1.569202909392331,1.2093504370197081
2022-05-13,FTSE 100,^FTSE,7418.2001953125,2.5241129907003668,1.2651798935444998
2022-05-16,FTSE 100,^FTSE,7464.7998046875,0.6262146295302529,1.539027515316874
2022-05-17,FTSE 100,^FTSE,7518.39990234375,0.7154723604237745,1.3792177177488723
2022-05-18,FTSE 100,^FTSE,7438.10009765625,-1.0737883361430889,1.2545835019616645
2022-05-19,FTSE 100,^FTSE,7302.7001953125,-1.8371283485191015,1.204607841469202
2022-05-20,FTSE 100,^FTSE,7390.0,1.188356542928659,1.3244109741031822
2022-05-23,FTSE 100,^FTSE,7513.39990234375,1.6560345060895543,1.2723299571716538
2022-05-24,FTSE 100,^FTSE,7484.39990234375,-0.38672387310398904,1.3224864958051576
2022-05-25,FTSE 100,^FTSE,7522.7998046875,0.5117541833078221,1.1839470606754563
2022-05-26,FTSE 100,^FTSE,7564.89990234375,0.5580732350125572,1.0755398145985982
2022-05-27,FTSE 100,^FTSE,7585.5,0.27194147328390983,0.9909754341472566
2022-05-30,FTSE 100,^FTSE,7600.10009765625,0.1922887743786461,0.9006385187144325
2022-05-31,FTSE 100,^FTSE,7607.7001953125,0.09995000121705289,0.8229672921819442
2022-06-01,FTSE 100,^FTSE,7533.0,-0.9867549118409258,0.7569070767405882
2022-06-06,FTSE 100,^FTSE,7608.2001953125,0.9933269843090287,0.8187193406453868
2022-06-07,FTSE 100,^FTSE,7598.89990234375,-0.1223151563221947,0.8570155124205864
2022-06-08,FTSE 100,^FTSE,7593.0,-0.07767168923287215,0.7860003165927322
2022-06-09,FTSE 100,^FTSE,7476.2001953125,-1.5502102597105605,0.7271229965636702
2022-06-10,FTSE 100,^FTSE,7317.5,-2.145592805008789,0.9442954978865131
2022-06-13,FTSE 100,^FTSE,7205.7998046875,-1.5382509396975053,1.2463448779388508
2022-06-14,FTSE 100,^FTSE,7187.5,-0.25428240634592925,1.2851257267711096
2022-06-15,FTSE 100,^FTSE,7273.39990234375,1.1880438047688457,1.145950435549946
2022-06-16,FTSE 100,^FTSE,7045.0,-3.1905698820514417,1.1353174252852047
2022-06-17,FTSE 100,^FTSE,7016.2998046875,-0.40821596248150627,1.6842541936042685
2022-06-20,FTSE 100,^FTSE,7121.7998046875,1.4924489311415101,1.4894445736728714
2022-06-21,FTSE 100,^FTSE,7152.10009765625,0.4245558493336077,1.4518312662688468
2022-06-22,FTSE 100,^FTSE,7089.2001953125,-0.8833506781021683,1.2926865202285234
2022-06-23,FTSE 100,^FTSE,7020.5,-0.9738086176998451,1.2071000571783927
2022-06-24,FTSE 100,^FTSE,7208.7998046875,2.6468034272509655,1.1519997420882804
2022-06-27,FTSE 100,^FTSE,7258.2998046875,0.6843139883489613,1.508259734842609
2022-06-28,FTSE 100,^FTSE,7323.39990234375,0.8929072946305183,1.3583738368637135
2022-06-29,FTSE 100,^FTSE,7312.2998046875,-0.15168526284021766,1.2571771224339814
2022-06-30,FTSE 100,^FTSE,7169.2998046875,-1.9749841453615247,1.1190020314527667
2022-07-01,FTSE 100,^FTSE,7168.7001953125,-0.008363919310205858,1.3032443360446848
2022-07-04,FTSE 100,^FTSE,7232.7001953125,0.8888083045574646,1.1556654188323865
2022-07-05,FTSE 100,^FTSE,7025.5,-2.906605038106136,1.0945582742699036
2022-07-06,FTSE 100,^FTSE,7107.7998046875,1.164635804359726,1.569312366888489
2022-07-07,FTSE 100,^FTSE,7189.10009765625,1.1373258521558682,1.4626024954157189
2022-07-08,FTSE 100,^FTSE,7196.2001953125,0.09871324321633068,1.373430412529319
2022-07-11,FTSE 100,^FTSE,7196.60009765625,0.00555697759594409,1.2153959513971335
2022-07-12,FTSE 100,^FTSE,7209.89990234375,0.18463621928734852,1.0816585673779733
2022-07-13,FTSE 100,^FTSE,7156.39990234375,-0.7448020442881287,0.9722172680025203
2022-07-14,FTSE 100,^FTSE,7039.7998046875,-1.6427314656073833,0.9347541944318318
2022-07-15,FTSE 100,^FTSE,7159.0,1.6790573482593274,1.0964659915400357
2022-07-18,FTSE 100,^FTSE,7223.2001953125,0.8927788636691858,1.2044717514446577
2022-07-19,FTSE 100,^FTSE,7296.2998046875,1.0069248528299823,1.1337712731391552
2022-07-20,FTSE 100,^FTSE,7264.2998046875,-0.43954304600024585,1.0951173978455147
2022-07-21,FTSE 100,^FTSE,7270.5,0.08531518523664516,0.9992743833523162
2022-07-22,FTSE 100,^FTSE,7276.39990234375,0.08111560135635187,0.9015620320531079
2022-07-25,FTSE 100,^FTSE,7306.2998046875,0.4100741953736886,0.8208478628778699
2022-07-26,FTSE 100,^FTSE,7306.2998046875,0.0,0.7722668032905956
2022-07-27,FTSE 100,^FTSE,7348.2001953125,0.5718448914093344,0.7149897920448147
2022-07-28,FTSE 100,^FTSE,7345.2998046875,-0.03947855395463051,0.7083959504613022
2022-07-29,FTSE 100,^FTSE,7423.39990234375,1.0576533783911657,0.6640535452708428
2022-08-01,FTSE 100,^FTSE,7413.39990234375,-0.13479997905072594,0.7653643360241251
2022-08-02,FTSE 100,^FTSE,7409.10009765625,-0.058017268451493464,0.7121888642342389
2022-08-03,FTSE 100,^FTSE,7445.7001953125,0.49277231596622784,0.6673961839493817
2022-08-04,FTSE 100,^FTSE,7448.10009765625,0.03222686375963235,0.6620050735477507
2022-08-05,FTSE 100,^FTSE,7439.7001953125,-0.1128427715283209,0.6268394008113519
2022-08-08,FTSE 100,^FTSE,7482.39990234375,0.5723031382627752,0.6015703152059436
2022-08-09,FTSE 100,^FTSE,7488.2001953125,0.07748912162703903,0.6246805784975437
2022-08-10,FTSE 100,^FTSE,7507.10009765625,0.25207781081402203,0.598021190663928
2022-08-11,FTSE 100,^FTSE,7465.89990234375,-0.5503279141809259,0.5851483699061925
2022-08-12,FTSE 100,^FTSE,7500.89990234375,0.46770270542246806,0.6144312948449634
2022-08-15,FTSE 100,^FTSE,7509.2001953125,0.11059611542609815,0.6191730069210886
2022-08-16,FTSE 100,^FTSE,7536.10009765625,0.357585830571594,0.594488788581355
2022-08-17,FTSE 100,^FTSE,7515.7998046875,-0.2697374472180769,0.5915856760407412
2022-08-18,FTSE 100,^FTSE,7541.89990234375,0.3466681405932093,0.584107027095942
2022-08-19,FTSE 100,^FTSE,7550.39990234375,0.11264023387713706,0.5826921600337174
2022-08-22,FTSE 100,^FTSE,7533.7998046875,-0.22009923867472025,0.5662961340729191
2022-08-23,FTSE 100,^FTSE,7488.10009765625,-0.6084429840823802,0.5610071886830217
2022-08-24,FTSE 100,^FTSE,7471.5,-0.22193246291877244,0.6074471180615325
2022-08-25,FTSE 100,^FTSE,7479.7001953125,0.10969281432426925,0.5924600135660814
2022-08-26,FTSE 100,^FTSE,7427.2998046875,-0.7030335607652205,0.5737404225366975
2022-08-30,FTSE 100,^FTSE,7361.60009765625,-0.8885061050206033,0.6341407077607694
2022-08-31,FTSE 100,^FTSE,7284.2001953125,-1.0569667942144534,0.7138842121649678
2022-09-01,FTSE 100,^FTSE,7148.5,-1.8805101255468415,0.8053509547657774
2022-09-02,FTSE 100,^FTSE,7281.2001953125,1.8393166126742244,1.087394806541199
2022-09-05,FTSE 100,^FTSE,7287.39990234375,0.08511054410096364,1.2386227642920244
2022-09-06,FTSE 100,^FTSE,7300.39990234375,0.178231174205834,1.1015654015454674
2022-09-07,FTSE 100,^FTSE,7237.7998046875,-0.8611861964700651,0.9886053534212761
2022-09-08,FTSE 100,^FTSE,7262.10009765625,0.3351790823735712,0.9650431489948331
2022-09-09,FTSE 100,^FTSE,7351.10009765625,1.2180918519419492,0.8829554507994296
2022-09-12,FTSE 100,^FTSE,7473.0,1.6446549772807018,0.9499387716069192
2022-09-13,FTSE 100,^FTSE,7385.89990234375,-1.1723760959501561,1.0984344846343603
2022-09-14,FTSE 100,^FTSE,7277.2998046875,-1.4812876532202424,1.102607322953424
2022-09-15,FTSE 100,^FTSE,7282.10009765625,0.06594081040276478,1.1698092092832804
2022-09-16,FTSE 100,^FTSE,7236.7001953125,-0.6253967187557663,1.0435905249626274
2022-09-20,FTSE 100,^FTSE,7192.7001953125,-0.6098678418551273,0.9756798982282352
2022-09-21,FTSE 100,^FTSE,7237.60009765625,0.6223023267931893,0.9197414670540177
2022-09-22,FTSE 100,^FTSE,7159.5,-1.084952709037701,0.873208756927021
2022-09-23,FTSE 100,^FTSE,7018.60009765625,-1.9876364268558433,0.9210954840271962
2022-09-26,FTSE 100,^FTSE,7021.0,0.03418761717473018,1.1854710058728894
2022-09-27,FTSE 100,^FTSE,6984.60009765625,-0.519791855334617,1.0565456775460318
2022-09-28,FTSE 100,^FTSE,7005.39990234375,0.2973526806753668,0.9749119601320463
2022-09-29,FTSE 100,^FTSE,6881.60009765625,-1.783006905026241,0.8887815747946719
2022-09-30,FTSE 100,^FTSE,6893.7998046875,0.17712313700073423,1.1067076512036
2022-10-03,FTSE 100,^FTSE,6908.7998046875,0.21735044599804354,0.9928599835591232
2022-10-04,FTSE 100,^FTSE,7086.5,2.5395632556577397,0.8997510014885138
2022-10-05,FTSE 100,^FTSE,7052.60009765625,-0.4795208615473001,1.3381107126870972
2022-10-06,FTSE 100,^FTSE,6997.2998046875,-0.7872024559191004,1.2031087004327479
2022-10-07,FTSE 100,^FTSE,6991.10009765625,-0.08864069486822501,1.1229856084203986
2022-10-10,FTSE 100,^FTSE,6959.2998046875,-0.45590589907309464,1.0051142689328425
2022-10-11,FTSE 100,^FTSE,6885.2001953125,-1.0704657728528133,0.927270374157627
2022-10-12,FTSE 100,^FTSE,6826.2001953125,-0.8606030378443208,0.9568965286222773
2022-10-13,FTSE 100,^FTSE,6850.2998046875,0.3524240020272629,0.940737438133043
2022-10-14,FTSE 100,^FTSE,6858.7998046875,0.12400524223217246,0.8642644427205912
2022-10-17,FTSE 100,^FTSE,6920.2001953125,0.8912228323200821,0.7910998154293936
2022-10-18,FTSE 100,^FTSE,6936.7001953125,0.23814860947464211,0.8172835476592485
2022-10-19,FTSE 100,^FTSE,6925.0,-0.16881331909139874,0.7572222804747756
2022-10-20,FTSE 100,^FTSE,6943.89990234375,0.27255101956917827,0.7070675125650888
2022-10-21,FTSE 100,^FTSE,6969.7001953125,0.3708647993221348,0.671282631704086
2022-10-24,FTSE 100,^FTSE,7014.0,0.6335941455672511,0.6513874018806252
2022-10-25,FTSE 100,^FTSE,7013.5,-0.007128854039883947,0.6704988824478142
2022-10-26,FTSE 100,^FTSE,7056.10009765625,0.6055641602051409,0.6335907914552694
2022-10-27,FTSE 100,^FTSE,7073.7001953125,0.24912038944151504,0.6530790796335456
2022-10-28,FTSE 100,^FTSE,7047.7001953125,-0.36823584999048364,0.6274363142581593
2022-10-31,FTSE 100,^FTSE,7094.5,0.6618485791081596,0.6208566181591002
2022-11-01,FTSE 100,^FTSE,7186.2001953125,1.284271141297566,0.6532954791512703
2022-11-02,FTSE 100,^FTSE,7144.10009765625,-0.5875692472121941,0.816848449092793
2022-11-03,FTSE 100,^FTSE,7188.60009765625,0.6209596570563747,0.7925613564652833
2022-11-04,FTSE 100,^FTSE,7334.7998046875,2.013366658802518,0.77415935034555
2022-11-07,FTSE 100,^FTSE,7300.0,-0.47557699103286666,1.1022621544690245
2022-11-08,FTSE 100,^FTSE,7306.10009765625,0.0835280871708477,1.0081118227165755
2022-11-09,FTSE 100,^FTSE,7296.2998046875,-0.1342285447014646,0.9088673903042715
2022-11-10,FTSE 100,^FTSE,7375.2998046875,1.076920930364622,0.8287862483947047
2022-11-11,FTSE 100,^FTSE,7318.0,-0.7799486285669843,0.8813887648259192
2022-11-14,FTSE 100,^FTSE,7385.2001953125,0.9140957388908078,0.870318843348469
2022-11-15,FTSE 100,^FTSE,7369.39990234375,-0.21417454765195743,0.8795055798411567
2022-11-16,FTSE 100,^FTSE,7351.2001953125,-0.2472686736075147,0.8080538172191172
2022-11-17,FTSE 100,^FTSE,7346.5,-0.06395824394651584,0.7520840047236521
2022-11-18,FTSE 100,^FTSE,7385.5,0.5294609164653963,0.6994798449189937
2022-11-21,FTSE 100,^FTSE,7376.89990234375,-0.11651355722737122,0.6909727091592514
2022-11-22,FTSE 100,^FTSE,7452.7998046875,1.0236291575045797,0.6521271775750723
2022-11-23,FTSE 100,^FTSE,7465.2001953125,0.16624739886097473,0.7495192697147729
2022-11-24,FTSE 100,^FTSE,7466.60009765625,0.01875061707750092,0.6994694051459927
2022-11-25,FTSE 100,^FTSE,7486.7001953125,0.26883844192795436,0.6565307604869158
2022-11-28,FTSE 100,^FTSE,7474.0,-0.16978080166616394,0.6314617633924403
2022-11-29,FTSE 100,^FTSE,7512.0,0.5071410842669266,0.6077678610608103
2022-11-30,FTSE 100,^FTSE,7573.10009765625,0.8100765840238111,0.6195362966785593
2022-12-01,FTSE 100,^FTSE,7558.5,-0.19297499395740658,0.6805224875831017
2022-12-02,FTSE 100,^FTSE,7556.2001953125,-0.03043136384501821,0.6474053068559376
2022-12-05,FTSE 100,^FTSE,7567.5,0.1494317745560636,0.6155938530808677
2022-12-06,FTSE 100,^FTSE,7521.39990234375,-0.6110484050532605,0.5930193221663937
2022-12-07,FTSE 100,^FTSE,7489.2001953125,-0.4290269038122574,0.6302356605659258
2022-12-08,FTSE 100,^FTSE,7472.2001953125,-0.22725155229164073,0.6300431027279234
2022-12-09,FTSE 100,^FTSE,7476.60009765625,0.058866295415960224,0.6102238918957115
2022-12-12,FTSE 100,^FTSE,7446.0,-0.41011808057991317,0.586457868466812
2022-12-13,FTSE 100,^FTSE,7502.89990234375,0.7612624006315016,0.5951639579961305
2022-12-14,FTSE 100,^FTSE,7495.89990234375,-0.09334080858991456,0.65402691167611
2022-12-15,FTSE 100,^FTSE,7426.2001953125,-0.9341877278583155,0.6221886251633643
2022-12-16,FTSE 100,^FTSE,7332.10009765625,-1.2752332045479875,0.7164439987965937
2022-12-19,FTSE 100,^FTSE,7361.2998046875,0.39745389990315516,0.8614164679621837
2022-12-20,FTSE 100,^FTSE,7370.60009765625,0.12626062172476082,0.8035672944628673
2022-12-21,FTSE 100,^FTSE,7497.2998046875,1.704380241250547,0.7417596065020997
2022-12-22,FTSE 100,^FTSE,7469.2998046875,-0.37416692365219717,0.9889292683172266
2022-12-23,FTSE 100,^FTSE,7473.0,0.049526450901282715,0.9073637065735347
2022-12-28,FTSE 100,^FTSE,7497.2001953125,0.3233118605932006,0.8252818900400286
2022-12-29,FTSE 100,^FTSE,7512.7001953125,0.20653042466900473,0.768861452520169
2022-12-30,FTSE 100,^FTSE,7451.7001953125,-0.8152727310285712,0.7166879041297333
2023-01-03,FTSE 100,^FTSE,7554.10009765625,1.3648254659328174,0.7554405832632255
2023-01-04,FTSE 100,^FTSE,7585.2001953125,0.41085308834531986,0.9010794937489905
2023-01-05,FTSE 100,^FTSE,7633.5,0.6347449681587847,0.8365629852779852
2023-01-06,FTSE 100,^FTSE,7699.5,0.860893597147161,0.8098809146858978
2023-01-09,FTSE 100,^FTSE,7724.89990234375,0.3293473388122692,0.8253889138133155
2023-01-10,FTSE 100,^FTSE,7694.5,-0.3943077152683827,0.7693758835698112
2023-01-11,FTSE 100,^FTSE,7725.0,0.3956034862039104,0.7330732036208631
2023-01-12,FTSE 100,^FTSE,7794.0,0.8892384132709097,0.7017177249158058
2023-01-13,FTSE 100,^FTSE,7844.10009765625,0.6407462383617002,0.7533528166934557
2023-01-16,FTSE 100,^FTSE,7860.10009765625,0.20376721306600842,0.747172147292896
2023-01-17,FTSE 100,^FTSE,7851.0,-0.11584292146764597,0.6991875066757933
2023-01-18,FTSE 100,^FTSE,7830.7001953125,-0.2588981522858802,0.6586200787809829
2023-01-19,FTSE 100,^FTSE,7747.2998046875,-1.0707560336058464,0.634663698713973
2023-01-20,FTSE 100,^FTSE,7770.60009765625,0.30030236856593007,0.7575738358864861
2023-01-23,FTSE 100,^FTSE,7784.7001953125,0.18128999443884908,0.7131560391764618
2023-01-24,FTSE 100,^FTSE,7757.39990234375,-0.35130800696094866,0.6710521268106588
2023-01-25,FTSE 100,^FTSE,7744.89990234375,-0.16126642971094896,0.6523713001231428
2023-01-26,FTSE 100,^FTSE,7761.10009765625,0.20895396887539164,0.6236326380375388
2023-01-27,FTSE 100,^FTSE,7765.2001953125,0.0528148712081844,0.6021164536029319
2023-01-30,FTSE 100,^FTSE,7784.89990234375,0.2533709422621655,0.5800825645764758
2023-01-31,FTSE 100,^FTSE,7771.7001953125,-0.16969916454847578,0.5715760958324385
2023-02-01,FTSE 100,^FTSE,7761.10009765625,-0.13648664892187412,0.5616845979333392
2023-02-02,FTSE 100,^FTSE,7820.2001953125,0.7586065343843984,0.5523887663612871
2023-02-03,FTSE 100,^FTSE,7901.7998046875,1.0380402250207865,0.624772780916441
2023-02-06,FTSE 100,^FTSE,7836.7001953125,-0.8272704596569369,0.7353895114822517
2023-02-07,FTSE 100,^FTSE,7864.7001953125,0.35665646355464986,0.7710600833100321
2023-02-08,FTSE 100,^FTSE,7885.2001953125,0.26031925368776854,0.7281542972782478
2023-02-09,FTSE 100,^FTSE,7911.2001953125,0.3291892182552658,0.6871525380880809
2023-02-10,FTSE 100,^FTSE,7882.5,-0.3634389224664858,0.6599479791949475
2023-02-13,FTSE 100,^FTSE,7947.60009765625,0.8224896147233096,0.645077764118488
2023-02-14,FTSE 100,^FTSE,7953.89990234375,0.07923535537024406,0.7005458882895369
2023-02-15,FTSE 100,^FTSE,7997.7998046875,0.5504117301610378,0.6579263923936556
2023-02-16,FTSE 100,^FTSE,8012.5,0.18363428071630494,0.6626585415749271
2023-02-17,FTSE 100,^FTSE,8004.39990234375,-0.10114439618380544,0.6312554570956557
2023-02-20,FTSE 100,^FTSE,8014.2998046875,0.12360433474931654,0.6045969750193246
2023-02-21,FTSE 100,^FTSE,7977.7998046875,-0.4564761885042401,0.5835568549555903
2023-02-22,FTSE 100,^FTSE,7930.60009765625,-0.5933952606142157,0.599167309233241
2023-02-23,FTSE 100,^FTSE,7907.7001953125,-0.2891714120529798,0.6315402671178932
2023-02-24,FTSE 100,^FTSE,7878.7001953125,-0.36740525900995635,0.6162393854377469
2023-02-27,FTSE 100,^FTSE,7935.10009765625,0.7133028169659994,0.612319567182264
2023-02-28,FTSE 100,^FTSE,7876.2998046875,-0.7437742945105796,0.6565642852617093
2023-03-01,FTSE 100,^FTSE,7914.89990234375,0.48888210209128147,0.6992425747823808
2023-03-02,FTSE 100,^FTSE,7944.0,0.3669880066775377,0.6856778246878882
2023-03-03,FTSE 100,^FTSE,7947.10009765625,0.03901677890798538,0.6621439211803222
2023-03-06,FTSE 100,^FTSE,7929.7998046875,-0.21793045143922996,0.6269869376059589
2023-03-07,FTSE 100,^FTSE,7919.5,-0.1299717497220243,0.6072220030139335
2023-03-08,FTSE 100,^FTSE,7929.89990234375,0.13123403914860887,0.5870310230846402
2023-03-09,FTSE 100,^FTSE,7880.0,-0.6312509042036396,0.5702471301751632
2023-03-10,FTSE 100,^FTSE,7748.39990234375,-1.6841546034912724,0.617986971734985
2023-03-13,FTSE 100,^FTSE,7548.60009765625,-2.612422929487046,0.9267176093502101
2023-03-14,FTSE 100,^FTSE,7637.10009765625,1.1655834214515437,1.3863250663715478
2023-03-15,FTSE 100,^FTSE,7344.5,-3.9066228965188188,1.3172156749142556
2023-03-16,FTSE 100,^FTSE,7410.0,0.887870551866321,2.0168989056225697
2023-03-17,FTSE 100,^FTSE,7335.39990234375,-1.0118509452265556,1.800401631979989
2023-03-20,FTSE 100,^FTSE,7403.89990234375,0.9294945361613571,1.6356127933493234
2023-03-21,FTSE 100,^FTSE,7536.2001953125,1.7711226899265853,1.4875693081248687
2023-03-22,FTSE 100,^FTSE,7566.7998046875,0.4052128880990935,1.5039955231813298
2023-03-23,FTSE 100,^FTSE,7499.60009765625,-0.8920532189414132,1.335533959875757
2023-03-24,FTSE 100,^FTSE,7405.5,-1.2626731423296178,1.2426123276592373
2023-03-27,FTSE 100,^FTSE,7471.7998046875,0.8912940448176698,1.2277461268893548
2023-03-28,FTSE 100,^FTSE,7484.2998046875,0.16715591948450736,1.1520940788569491
2023-03-29,FTSE 100,^FTSE,7564.2998046875,1.0632318716233158,1.0304869021588974
2023-03-30,FTSE 100,^FTSE,7620.39990234375,0.7389063199889634,1.0258020274912898
2023-03-31,FTSE 100,^FTSE,7631.7001953125,0.14818018455304838,0.9716451036216981
2023-04-03,FTSE 100,^FTSE,7673.0,0.5397022405963625,0.8799525783425801
2023-04-04,FTSE 100,^FTSE,7634.5,-0.5030224554099405,0.8321747516267702
2023-04-05,FTSE 100,^FTSE,7662.89990234375,0.371304079822643,0.7939629230841011
2023-04-06,FTSE 100,^FTSE,7741.60009765625,1.0217907759418665,0.7475373009387349
2023-04-11,FTSE 100,^FTSE,7785.7001953125,0.5680345636797313,0.8130269961954689
2023-04-12,FTSE 100,^FTSE,7824.7998046875,0.5009409197572978,0.7830256242574942
2023-04-13,FTSE 100,^FTSE,7843.39990234375,0.23742493383451801,0.7517146015860767
2023-04-14,FTSE 100,^FTSE,7871.89990234375,0.3627042639765321,0.7045426664656019
2023-04-17,FTSE 100,^FTSE,7879.5,0.09650060684336381,0.6764059522549065
2023-04-18,FTSE 100,^FTSE,7909.39990234375,0.37874631255139235,0.6390955092310519
2023-04-19,FTSE 100,^FTSE,7898.7998046875,-0.13410887313423103,0.6274978857170376
2023-04-20,FTSE 100,^FTSE,7902.60009765625,0.04810071342422617,0.602947527467218
2023-04-21,FTSE 100,^FTSE,7914.10009765625,0.14541594497536892,0.5806783229483045
2023-04-24,FTSE 100,^FTSE,7912.2001953125,-0.024009431360560995,0.5659016191127114
2023-04-25,FTSE 100,^FTSE,7891.10009765625,-0.26703422453966397,0.5521715049238507
2023-04-26,FTSE 100,^FTSE,7852.60009765625,-0.4890854915574394,0.5542495250911189
2023-04-27,FTSE 100,^FTSE,7831.60009765625,-0.26778557130846536,0.5828050062278438
2023-04-28,FTSE 100,^FTSE,7870.60009765625,0.4967466942336074,0.5772978322001708
2023-05-02,FTSE 100,^FTSE,7773.0,-1.2478120564749062,0.5958522064169965
2023-05-03,FTSE 100,^FTSE,7788.39990234375,0.19792444725670322,0.7818921336242008
2023-05-04,FTSE 100,^FTSE,7702.60009765625,-1.1077487840097433,0.7267679016761643
2023-05-05,FTSE 100,^FTSE,7778.39990234375,0.9792702077959348,0.8258826766641988
2023-05-09,FTSE 100,^FTSE,7764.10009765625,-0.18400911979856716,0.8593542551539188
2023-05-10,FTSE 100,^FTSE,7741.2998046875,-0.29409508359705683,0.7902298448069502
2023-05-11,FTSE 100,^FTSE,7730.60009765625,-0.13831150413974314,0.7409715767275649
2023-05-12,FTSE 100,^FTSE,7754.60009765625,0.3099736382354834,0.6927612001453837
2023-05-15,FTSE 100,^FTSE,7777.7001953125,0.29744615094848825,0.6627722813822895
2023-05-16,FTSE 100,^FTSE,7751.10009765625,-0.34259083987393524,0.6384301429079904
2023-05-17,FTSE 100,^FTSE,7723.2001953125,-0.3605970163102157,0.6265182159448
2023-05-18,FTSE 100,^FTSE,7742.2998046875,0.2469964641960587,0.619338901083581
2023-05-19,FTSE 100,^FTSE,7756.89990234375,0.18839813991267107,0.6011584802318862
2023-05-22,FTSE 100,^FTSE,7771.0,0.18160989728617238,0.5836380099733478
2023-05-23,FTSE 100,^FTSE,7763.0,-0.10299988035615826,0.5698270827927531
2023-05-24,FTSE 100,^FTSE,7627.10009765625,-1.7661150208478915,0.5571617171012084
2023-05-25,FTSE 100,^FTSE,7570.89990234375,-0.7395769374829442,0.924941129812277
2023-05-26,FTSE 100,^FTSE,7627.2001953125,0.7408893235554714,0.8973782112372765
2023-05-30,FTSE 100,^FTSE,7522.10009765625,-1.3875463796823695,0.8717025996596514
2023-05-31,FTSE 100,^FTSE,7446.10009765625,-1.0154948773989148,0.9897832143866796
2023-06-01,FTSE 100,^FTSE,7490.2998046875,0.591840555118317,0.9923819033128187
2023-06-02,FTSE 100,^FTSE,7607.2998046875,1.549946286734638,0.9273886072236195
2023-06-05,FTSE 100,^FTSE,7600.0,-0.09600396312201553,1.0593496174311485
2023-06-06,FTSE 100,^FTSE,7628.10009765625,0.3690562758352556,0.9521874556040445
2023-06-07,FTSE 100,^FTSE,7624.2998046875,-0.04983206671358431,0.8747469412040331
2023-06-08,FTSE 100,^FTSE,7599.7001953125,-0.3231690854507363,0.79885470884814
2023-06-09,FTSE 100,^FTSE,7562.39990234375,-0.4920211313351075,0.7500710138772455
2023-06-12,FTSE 100,^FTSE,7570.7001953125,0.10969720344835565,0.7288516973089815
2023-06-13,FTSE 100,^FTSE,7594.7998046875,0.3178217620385837,0.6811558147907449
2023-06-14,FTSE 100,^FTSE,7602.7001953125,0.10396961785392733,0.6543422484540098
2023-06-15,FTSE 100,^FTSE,7628.2998046875,0.33615171007639333,0.6218551633833622
2023-06-16,FTSE 100,^FTSE,7642.7001953125,0.18859792932239827,0.6102255642003611
2023-06-19,FTSE 100,^FTSE,7588.5,-0.7117026025076356,0.5906444713652342
2023-06-20,FTSE 100,^FTSE,7569.2998046875,-0.25333763249015817,0.6473490837437677
2023-06-21,FTSE 100,^FTSE,7559.2001953125,-0.1335176769062585,0.6255051745931655
2023-06-22,FTSE 100,^FTSE,7502.0,-0.7595738664305074,0.6013709823758592
2023-06-23,FTSE 100,^FTSE,7461.89990234375,-0.5359591270757136,0.664283825171222
2023-06-26,FTSE 100,^FTSE,7453.60009765625,-0.11129101329689917,0.6698181804983375
2023-06-27,FTSE 100,^FTSE,7461.5,0.10593161334160328,0.6352166633950015
2023-06-28,FTSE 100,^FTSE,7500.5,0.5213218597422298,0.6068920260653377
2023-06-29,FTSE 100,^FTSE,7471.7001953125,-0.38471086189257875,0.6208987814537407
2023-06-30,FTSE 100,^FTSE,7531.5,0.7971648792851838,0.6177629278908667
2023-07-03,FTSE 100,^FTSE,7527.2998046875,-0.05578393332665854,0.6766774851800959
2023-07-04,FTSE 100,^FTSE,7519.7001953125,-0.10101163050677542,0.6391170587727824
2023-07-05,FTSE 100,^FTSE,7442.10009765625,-1.0373189318059417,0.6107389675146728
2023-07-06,FTSE 100,^FTSE,7280.5,-2.1953539035516556,0.7342024981396427
2023-07-07,FTSE 100,^FTSE,7256.89990234375,-0.3246814223601291,1.152331632445458
2023-07-10,FTSE 100,^FTSE,7273.7998046875,0.23260972017258297,1.0385843453979755
2023-07-11,FTSE 100,^FTSE,7282.5,0.11953857045057248,0.93816329708703
2023-07-12,FTSE 100,^FTSE,7416.10009765625,1.8179115847473781,0.8516449932031388
2023-07-13,FTSE 100,^FTSE,7440.2001953125,0.32444307561707575,1.0856451200484656
2023-07-14,FTSE 100,^FTSE,7434.60009765625,-0.07529644513581957,0.9815339371951335
2023-07-17,FTSE 100,^FTSE,7406.39990234375,-0.3800313894258167,0.8872070967903329
2023-07-18,FTSE 100,^FTSE,7453.7001953125,0.636610149375727,0.8254538641806615
2023-07-19,FTSE 100,^FTSE,7588.2001953125,1.7883855267585957,0.8015632450348188
2023-07-20,FTSE 100,^FTSE,7646.10009765625,0.7601291823883471,1.0479212769087762
2023-07-21,FTSE 100,^FTSE,7663.7001953125,0.22991946430028776,0.9919066840662785
2023-07-24,FTSE 100,^FTSE,7678.60009765625,0.1942330256033742,0.8994751369709589
2023-07-25,FTSE 100,^FTSE,7691.7998046875,0.17175493624126403,0.8220888833190094
2023-07-26,FTSE 100,^FTSE,7676.89990234375,-0.19389938376104254,0.7581954290309866
2023-07-27,FTSE 100,^FTSE,7692.7998046875,0.20689939710951677,0.7090741807385055
2023-07-28,FTSE 100,^FTSE,7694.2998046875,0.019496851815148375,0.6690104114951482
2023-07-31,FTSE 100,^FTSE,7699.39990234375,0.06626214542215791,0.6323420785793769
2023-08-01,FTSE 100,^FTSE,7666.2998046875,-0.43083165083981356,0.6038303815365268
2023-08-02,FTSE 100,^FTSE,7561.60009765625,-1.375125362840457,0.6106259905471179
2023-08-03,FTSE 100,^FTSE,7529.2001953125,-0.42940005166567374,0.8271067512874245
2023-08-04,FTSE 100,^FTSE,7564.39990234375,0.46641981524455645,0.7820549804890832
2023-08-07,FTSE 100,^FTSE,7554.5,-0.13096063632431765,0.7471667463452587
2023-08-08,FTSE 100,^FTSE,7527.39990234375,-0.3593728508732852,0.697441789901179
2023-08-09,FTSE 100,^FTSE,7587.2998046875,0.7926087463825837,0.6735374784221322
2023-08-10,FTSE 100,^FTSE,7618.60009765625,0.4116867449839745,0.7145024471947944
2023-08-11,FTSE 100,^FTSE,7524.2001953125,-1.2468119953753742,0.6888355479338832
2023-08-14,FTSE 100,^FTSE,7507.2001953125,-0.22619325952817348,0.8368147002027008
2023-08-15,FTSE 100,^FTSE,7389.60009765625,-1.5788966542029215,0.7740438204081979
2023-08-16,FTSE 100,^FTSE,7356.89990234375,-0.44349844249218506,0.9799585610684416
2023-08-17,FTSE 100,^FTSE,7310.2001953125,-0.6367975200362253,0.9057865811761999
2023-08-18,FTSE 100,^FTSE,7262.39990234375,-0.6560320613106185,0.8681114694380035
2023-08-21,FTSE 100,^FTSE,7257.7998046875,-0.06336135732247783,0.8414917773294086
2023-08-22,FTSE 100,^FTSE,7270.7998046875,0.1789574194207333,0.7718962675280291
2023-08-23,FTSE 100,^FTSE,7320.5,0.6812331757181767,0.7179294891582232
2023-08-24,FTSE 100,^FTSE,7333.60009765625,0.17879093303054816,0.7269597864953297
2023-08-25,FTSE 100,^FTSE,7338.60009765625,0.06815610647343817,0.6819350005156695
2023-08-29,FTSE 100,^FTSE,7465.0,1.7077328944713699,0.6429594341103421
2023-08-30,FTSE 100,^FTSE,7473.7001953125,0.11647862507988549,0.9368268703381679
2023-08-31,FTSE 100,^FTSE,7439.10009765625,-0.46403303286464137,0.8504792259519877
2023-09-01,FTSE 100,^FTSE,7464.5,0.34085625982012147,0.8040952979358452
2023-09-04,FTSE 100,^FTSE,7452.7998046875,-0.15686750102172908,0.7531793717539582
2023-09-05,FTSE 100,^FTSE,7437.89990234375,-0.2001236692656505,0.7032971764070235
2023-09-06,FTSE 100,^FTSE,7426.10009765625,-0.15877027941666455,0.6657628476972026
2023-09-07,FTSE 100,^FTSE,7441.7001953125,0.2098508598951554,0.6340081582745947
2023-09-08,FTSE 100,^FTSE,7478.2001953125,0.4892803820455427,0.6102173739483537
2023-09-11,FTSE 100,^FTSE,7496.89990234375,0.24974413030722786,0.6188913622419189
2023-09-12,FTSE 100,^FTSE,7527.5,0.407339263680484,0.6010006640750645
2023-09-13,FTSE 100,^FTSE,7526.0,-0.01992892025057813,0.6018408918024206
2023-09-14,FTSE 100,^FTSE,7673.10009765625,1.9357026378557407,0.5798531506438775
2023-09-15,FTSE 100,^FTSE,7711.39990234375,0.49790222380430293,0.9821926510122138
2023-09-18,FTSE 100,^FTSE,7652.89990234375,-0.7615092577319515,0.9096824489174404
2023-09-19,FTSE 100,^FTSE,7660.2001953125,0.09534703587465998,0.8889651964832092
2023-09-20,FTSE 100,^FTSE,7731.7001953125,0.9290667492274807,0.8107303357412009
2023-09-21,FTSE 100,^FTSE,7678.60009765625,-0.6891534467802884,0.8386742016516985
2023-09-22,FTSE 100,^FTSE,7683.89990234375,0.06899664634989477,0.8237386922729458
2023-09-25,FTSE 100,^FTSE,7624.0,-0.7826051705341897,0.7570404940509741
2023-09-26,FTSE 100,^FTSE,7625.7001953125,0.02229808190019611,0.77833948834822
2023-09-27,FTSE 100,^FTSE,7593.2001953125,-0.42710115146267214,0.7198732410343496
2023-09-28,FTSE 100,^FTSE,7601.89990234375,0.11450675449200531,0.6979776115481039
2023-09-29,FTSE 100,^FTSE,7608.10009765625,0.081527885022048,0.6566482074976802
2023-10-02,FTSE 100,^FTSE,7510.7001953125,-1.2884785559908352,0.6231831946422869
2023-10-03,FTSE 100,^FTSE,7470.2001953125,-0.5406897797929133,0.8090954672665213
2023-10-04,FTSE 100,^FTSE,7412.5,-0.7754034369735763,0.7804905792111608
2023-10-05,FTSE 100,^FTSE,7451.5,0.5247590082866793,0.7942088561558779
2023-10-06,FTSE 100,^FTSE,7494.60009765625,0.5767419841285815,0.76317195635593
2023-10-09,FTSE 100,^FTSE,7492.2001953125,-0.03202688122012631,0.7456925947212764
2023-10-10,FTSE 100,^FTSE,7628.2001953125,1.798942675511661,0.6938272324719611
2023-10-11,FTSE 100,^FTSE,7620.0,-0.10755624923568519,0.9920870997393267
2023-10-12,FTSE 100,^FTSE,7644.7998046875,0.32492829023862413,0.8966218259620254
2023-10-13,FTSE 100,^FTSE,7599.60009765625,-0.593002542251142,0.8265612450923953
2023-10-16,FTSE 100,^FTSE,7630.60009765625,0.4070864783560779,0.8007811558858369
2023-10-17,FTSE 100,^FTSE,7675.2001953125,0.5827885250891285,0.7560714097970374
2023-10-18,FTSE 100,^FTSE,7588.0,-1.1426325140114102,0.7410722450061216
2023-10-19,FTSE 100,^FTSE,7499.5,-1.1731700419490565,0.8436719523610066
2023-10-20,FTSE 100,^FTSE,7402.10009765625,-1.3072594725324294,0.9197826529843335
2023-10-23,FTSE 100,^FTSE,7374.7998046875,-0.3695000197623699,1.0028017060229295
2023-10-24,FTSE 100,^FTSE,7389.7001953125,0.20184084369461175,0.9183350225204014
2023-10-25,FTSE 100,^FTSE,7414.2998046875,0.33233763869944255,0.8378310031730722
2023-10-26,FTSE 100,^FTSE,7354.60009765625,-0.8084560473784919,0.7795825193745632
2023-10-27,FTSE 100,^FTSE,7291.2998046875,-0.8644151270633671,0.7994345246226685
2023-10-30,FTSE 100,^FTSE,7327.39990234375,0.4938903153011154,0.8242030961978031
2023-10-31,FTSE 100,^FTSE,7321.7001953125,-0.0778164840280482,0.7831871290230279
2023-11-01,FTSE 100,^FTSE,7342.39990234375,0.2823183235532767,0.724852251076864
2023-11-02,FTSE 100,^FTSE,7446.5,1.4078371985670302,0.6859789257452082
2023-11-03,FTSE 100,^FTSE,7417.7001953125,-0.3875060931292751,0.87050887108477
2023-11-06,FTSE 100,^FTSE,7417.7998046875,0.0013428516060898232,0.8126935966187405
2023-11-07,FTSE 100,^FTSE,7410.0,-0.10520516205581032,0.7477492761606414
2023-11-08,FTSE 100,^FTSE,7401.7001953125,-0.11207093644571842,0.697039726269982
2023-11-09,FTSE 100,^FTSE,7455.7001953125,0.7269136775157392,0.6567841267636929
2023-11-10,FTSE 100,^FTSE,7360.60009765625,-1.2837402294065825,0.6904025136124992
2023-11-13,FTSE 100,^FTSE,7425.7998046875,0.8818932266017043,0.8476498584632582
2023-11-14,FTSE 100,^FTSE,7440.5,0.1977654197320433,0.8569774351909336
2023-11-15,FTSE 100,^FTSE,7486.89990234375,0.6216762743193271,0.787541821632087
2023-11-16,FTSE 100,^FTSE,7411.0,-1.0189430661938559,0.7704173636323048
2023-11-17,FTSE 100,^FTSE,7504.2998046875,1.251078058686872,0.8350237055072097
2023-11-20,FTSE 100,^FTSE,7496.39990234375,-0.1053271277790202,0.9246242585244335
2023-11-21,FTSE 100,^FTSE,7482.0,-0.19227563523465108,0.840903144022018
2023-11-22,FTSE 100,^FTSE,7469.5,-0.16720734257198444,0.7756229882821828
2023-11-23,FTSE 100,^FTSE,7483.60009765625,0.18859101782595644,0.7217598964668109
2023-11-24,FTSE 100,^FTSE,7488.2001953125,0.061450162452025836,0.6782179445030061
2023-11-27,FTSE 100,^FTSE,7460.7001953125,-0.36792045304547827,0.6399215648018305
2023-11-28,FTSE 100,^FTSE,7455.2001953125,-0.07374680850933402,0.6302821715233086
2023-11-29,FTSE 100,^FTSE,7423.5,-0.42611576095517023,0.6030132630065582
2023-11-30,FTSE 100,^FTSE,7453.7998046875,0.4073299184556234,0.6094176340160469
2023-12-01,FTSE 100,^FTSE,7529.39990234375,1.0091401129718847,0.6081377065223026
2023-12-04,FTSE 100,^FTSE,7513.0,-0.2180491005166374,0.717784720321249
2023-12-05,FTSE 100,^FTSE,7489.7998046875,-0.30927845612307436,0.678274594672846
2023-12-06,FTSE 100,^FTSE,7515.39990234375,0.3412166848066889,0.6540361855481661
2023-12-07,FTSE 100,^FTSE,7513.7001953125,-0.02261887973933341,0.6353435662752228
2023-12-08,FTSE 100,^FTSE,7554.5,0.5415365321292498,0.6060256101611626
2023-12-11,FTSE 100,^FTSE,7544.89990234375,-0.12715868195947166,0.6232134509252037
2023-12-12,FTSE 100,^FTSE,7542.7998046875,-0.027838540143143575,0.5993162314524415
2023-12-13,FTSE 100,^FTSE,7548.39990234375,0.07421673587266753,0.5779893400695637
2023-12-14,FTSE 100,^FTSE,7649.0,1.323931300427006,0.56174628719006
2023-12-15,FTSE 100,^FTSE,7576.39990234375,-0.9536780428812008,0.7758922439063269
2023-12-18,FTSE 100,^FTSE,7614.5,0.5016184398691337,0.8249844773606089
2023-12-19,FTSE 100,^FTSE,7638.0,0.30814644937162683,0.7846373978034764
2023-12-20,FTSE 100,^FTSE,7715.7001953125,1.0121450549114286,0.7352588615350744
2023-12-21,FTSE 100,^FTSE,7694.7001953125,-0.272543379362844,0.802495540980479
2023-12-22,FTSE 100,^FTSE,7697.5,0.03637952577086878,0.7492560034607323
2023-12-27,FTSE 100,^FTSE,7725.0,0.3566221967290062,0.6964584843547906
2023-12-28,FTSE 100,^FTSE,7722.7001953125,-0.029775366888351584,0.6695655675090937
2023-12-29,FTSE 100,^FTSE,7733.2001953125,0.13587046176457562,0.6330672242489042
2024-01-02,FTSE 100,^FTSE,7721.5,-0.15141280516530742,0.6061237695195376
2024-01-03,FTSE 100,^FTSE,7682.2998046875,-0.5089689613306803,0.587186674601165
2024-01-04,FTSE 100,^FTSE,7723.10009765625,0.5296894416520814,0.6094104656064102
2024-01-05,FTSE 100,^FTSE,7689.60009765625,-0.43470712243358633,0.6239442279470725
2024-01-08,FTSE 100,^FTSE,7694.2001953125,0.05980443980995176,0.6260563096366865
2024-01-09,FTSE 100,^FTSE,7684.0,-0.13265787515859273,0.5988216263996301
2024-01-10,FTSE 100,^FTSE,7651.7998046875,-0.41993561525774936,0.5806604326764504
2024-01-11,FTSE 100,^FTSE,7576.60009765625,-0.9876325651037021,0.5921539811135971
2024-01-12,FTSE 100,^FTSE,7624.89990234375,0.6354631743137773,0.7101879511429543
2024-01-15,FTSE 100,^FTSE,7594.89990234375,-0.39422382998566263,0.7140437462700538
2024-01-16,FTSE 100,^FTSE,7558.2998046875,-0.4830685206737684,0.6899208361945682
2024-01-17,FTSE 100,^FTSE,7446.2998046875,-1.4929032841168421,0.6818026818782404
2024-01-18,FTSE 100,^FTSE,7459.10009765625,0.17175381001894863,0.9016401073588773
2024-01-19,FTSE 100,^FTSE,7461.89990234375,0.03752837906780826,0.8230580925682995
2024-01-22,FTSE 100,^FTSE,7487.7001953125,0.3451639965646791,0.7562121270679362
2024-01-23,FTSE 100,^FTSE,7485.7001953125,-0.026714039025499403,0.715466756285336
2024-01-24,FTSE 100,^FTSE,7527.7001953125,0.5595016248403084,0.6695358795181239
2024-01-25,FTSE 100,^FTSE,7529.7001953125,0.026565010690760005,0.6725822642603975
2024-01-26,FTSE 100,^FTSE,7635.10009765625,1.390082263256609,0.6351841037839914
2024-01-29,FTSE 100,^FTSE,7632.7001953125,-0.03143743456774928,0.8360353174904919
2024-01-30,FTSE 100,^FTSE,7666.2998046875,0.4392399947088066,0.7669867359666714
2024-01-31,FTSE 100,^FTSE,7630.60009765625,-0.46675825916260294,0.7325449437309951
2024-02-01,FTSE 100,^FTSE,7622.2001953125,-0.11014243983531458,0.7123137112064318
2024-02-02,FTSE 100,^FTSE,7615.5,-0.08794234902165243,0.6688649877210477
2024-02-05,FTSE 100,^FTSE,7612.89990234375,-0.03414800895935599,0.6337181127370224
2024-02-06,FTSE 100,^FTSE,7681.0,0.8905583032717601,0.6048991884063701
2024-02-07,FTSE 100,^FTSE,7628.7998046875,-0.6819213609755792,0.687986340913596
2024-02-08,FTSE 100,^FTSE,7595.5,-0.4374566741208952,0.7104178021260009
2024-02-09,FTSE 100,^FTSE,7572.60009765625,-0.30194842590773874,0.6918733411094089
2024-02-12,FTSE 100,^FTSE,7573.7001953125,0.01452628875568962,0.6639813993589472
2024-02-13,FTSE 100,^FTSE,7512.2998046875,-0.8140094082316196,0.6283631180290135
2024-02-14,FTSE 100,^FTSE,7568.39990234375,0.7440020360567345,0.6938749559388345
2024-02-15,FTSE 100,^FTSE,7597.5,0.38375742364991083,0.7200356006335058
2024-02-16,FTSE 100,^FTSE,7711.7001953125,1.4919435654631386,0.690420053058867
2024-02-19,FTSE 100,^FTSE,7728.5,0.21761131467936679,0.8970919224231435
2024-02-20,FTSE 100,^FTSE,7719.2001953125,-0.12040375840296491,0.8210914134859373
2024-02-21,FTSE 100,^FTSE,7662.5,-0.7372455763876573,0.7567124468535192
2024-02-22,FTSE 100,^FTSE,7684.5,0.28670118029001657,0.7701094743057316
2024-02-23,FTSE 100,^FTSE,7706.2998046875,0.2832837739781269,0.7222097543747676
2024-02-26,FTSE 100,^FTSE,7684.2998046875,-0.2858889912371154,0.6839573421763983
2024-02-27,FTSE 100,^FTSE,7683.0,-0.01691650071418138,0.6564879580096348
2024-02-28,FTSE 100,^FTSE,7625.0,-0.7577773392021925,0.6225965529123128
2024-02-29,FTSE 100,^FTSE,7630.0,0.06555228028890525,0.6783917968500311
2024-03-01,FTSE 100,^FTSE,7682.5,0.6857169726137258,0.640113201212788
2024-03-04,FTSE 100,^FTSE,7640.2998046875,-0.5508171162755815,0.6711781712494092
2024-03-05,FTSE 100,^FTSE,7646.2001953125,0.07719740840652634,0.677099937122081
2024-03-06,FTSE 100,^FTSE,7679.2998046875,0.43195537947688933,0.6392675232528995
2024-03-07,FTSE 100,^FTSE,7692.5,0.171745647547894,0.6334098163608023
2024-03-08,FTSE 100,^FTSE,7659.7001953125,-0.42729842206554736,0.6078259027706178
2024-03-11,FTSE 100,^FTSE,7669.2001953125,0.1239488935823374,0.6131333402234734
2024-03-12,FTSE 100,^FTSE,7747.7998046875,1.0196573960527644,0.5901921481156452
2024-03-13,FTSE 100,^FTSE,7772.2001953125,0.3144382825924552,0.7091005400315631
2024-03-14,FTSE 100,^FTSE,7743.2001953125,-0.3738225639192905,0.67591791452854
2024-03-15,FTSE 100,^FTSE,7727.39990234375,-0.2042622569604191,0.6583962656862004
2024-03-18,FTSE 100,^FTSE,7722.60009765625,-0.0621333960118875,0.6307343821687852
2024-03-19,FTSE 100,^FTSE,7738.2998046875,0.20308924482499435,0.6030835590515317
2024-03-20,FTSE 100,^FTSE,7737.39990234375,-0.011629876022389851,0.585915704180011
2024-03-21,FTSE 100,^FTSE,7882.60009765625,1.859210984113524,0.5674414205541326
2024-03-22,FTSE 100,^FTSE,7930.89990234375,0.6108698881906349,0.9504929762903142
2024-03-25,FTSE 100,^FTSE,7917.60009765625,-0.16783680234144782,0.8961558604696466
2024-03-26,FTSE 100,^FTSE,7931.0,0.16909891667662436,0.819570545697498
2024-03-27,FTSE 100,^FTSE,7932.0,0.012607955636667612,0.7560579094679423
2024-03-28,FTSE 100,^FTSE,7952.60009765625,0.2593720846396863,0.7018829392041359
2024-04-02,FTSE 100,^FTSE,7935.10009765625,-0.22029629036577347,0.6663310229743864
2024-04-03,FTSE 100,^FTSE,7937.39990234375,0.028978481065955464,0.6379448677562962
2024-04-04,FTSE 100,^FTSE,7975.89990234375,0.4838729313238588,0.60787872225675
2024-04-05,FTSE 100,^FTSE,7911.2001953125,-0.8144981062443435,0.6164417975358246
2024-04-08,FTSE 100,^FTSE,7943.5,0.4074482516196909,0.6859340445816154
2024-04-09,FTSE 100,^FTSE,7934.7998046875,-0.1095859920797082,0.666320278123237
2024-04-10,FTSE 100,^FTSE,7961.2001953125,0.3321642538832492,0.6323992494544938
2024-04-11,FTSE 100,^FTSE,7923.7998046875,-0.4708902704932072,0.6179163053880802
2024-04-12,FTSE 100,^FTSE,7995.60009765625,0.902053849705986,0.6263456933954623
2024-04-15,FTSE 100,^FTSE,7965.5,-0.37716865572914315,0.704723665984671
2024-04-16,FTSE 100,^FTSE,7820.39990234375,-1.8384024373986563,0.6809499467759057
2024-04-17,FTSE 100,^FTSE,7848.0,0.3523030606237043,1.0081491764700037
2024-04-18,FTSE 100,^FTSE,7877.10009765625,0.37011059635521093,0.9193500970951342
2024-04-19,FTSE 100,^FTSE,7895.89990234375,0.23837968160744794,0.8481428305686481
2024-04-22,FTSE 100,^FTSE,8023.89990234375,1.6080950756451884,0.7822048472969062
2024-04-23,FTSE 100,^FTSE,8044.7998046875,0.26013198964900397,0.9841436866275463
2024-04-24,FTSE 100,^FTSE,8040.39990234375,-0.05470746442224339,0.8944370609833929
2024-04-25,FTSE 100,^FTSE,8078.89990234375,0.4776891512216608,0.8150712260250352
2024-04-26,FTSE 100,^FTSE,8139.7998046875,0.7509873129651012,0.7742786407526356
2024-04-29,FTSE 100,^FTSE,8147.0,0.0884175635228246,0.7800910793488052
2024-04-30,FTSE 100,^FTSE,8144.10009765625,-0.03560106262927576,0.7219282141779257
2024-05-01,FTSE 100,^FTSE,8121.2001953125,-0.2815800146553471,0.6748123421106572
2024-05-02,FTSE 100,^FTSE,8172.2001953125,0.626022381288216,0.6490211855500434
2024-05-03,FTSE 100,^FTSE,8213.5,0.5040967630577597,0.6675569039393119
2024-05-07,FTSE 100,^FTSE,8313.7001953125,1.212563795892585,0.6635762082471288
2024-05-08,FTSE 100,^FTSE,8354.099609375,0.48476096004392843,0.8039184174896047
2024-05-09,FTSE 100,^FTSE,8381.400390625,0.3262622027113693,0.7662633509800073
2024-05-10,FTSE 100,^FTSE,8433.7998046875,0.6232406758865494,0.7219499977432321
2024-05-13,FTSE 100,^FTSE,8415.0,-0.22315907016938752,0.7209858004109864
2024-05-14,FTSE 100,^FTSE,8428.099609375,0.15554870920517772,0.6811211006103597
2024-05-15,FTSE 100,^FTSE,8445.7998046875,0.2097938522711118,0.644608940768765
2024-05-16,FTSE 100,^FTSE,8438.7001953125,-0.08409618044264988,0.6184654496723313
2024-05-17,FTSE 100,^FTSE,8420.2998046875,-0.21828575753346513,0.5940811975555276
2024-05-20,FTSE 100,^FTSE,8424.2001953125,0.046310554717621244,0.5819746322268126
2024-05-21,FTSE 100,^FTSE,8416.5,-0.09144745479474636,0.5644286213200943
2024-05-22,FTSE 100,^FTSE,8370.2998046875,-0.5504362058019296,0.5526213113849765
2024-05-23,FTSE 100,^FTSE,8339.2001953125,-0.37223908896333313,0.5914951374054944
2024-05-24,FTSE 100,^FTSE,8317.599609375,-0.25936072113914577,0.5943383859368594
2024-05-28,FTSE 100,^FTSE,8254.2001953125,-0.7651519342891433,0.5853204141067561
2024-05-29,FTSE 100,^FTSE,8183.10009765625,-0.8651121513548077,0.6546393952115013
2024-05-30,FTSE 100,^FTSE,8231.099609375,0.5848551790062828,0.7225289691235515
2024-05-31,FTSE 100,^FTSE,8275.400390625,0.5367690015022575,0.7158945410736263
2024-06-03,FTSE 100,^FTSE,8262.7998046875,-0.15238161622086466,0.7043793518328472
2024-06-04,FTSE 100,^FTSE,8232.0,-0.3734490972643556,0.6641959973283188
2024-06-05,FTSE 100,^FTSE,8247.0,0.1820499319469704,0.6493727443478633
2024-06-06,FTSE 100,^FTSE,8285.2998046875,0.4633338816468324,0.6207675159281714
2024-06-07,FTSE 100,^FTSE,8245.400390625,-0.48273202069424315,0.6233282930305012
2024-06-10,FTSE 100,^FTSE,8228.5,-0.20517784074431944,0.6319687471656064
2024-06-11,FTSE 100,^FTSE,8147.7998046875,-0.9855809862026277,0.6102379963156378
2024-06-12,FTSE 100,^FTSE,8215.5,0.8274685718474117,0.721046173904119
2024-06-13,FTSE 100,^FTSE,8163.7001953125,-0.6325092405617738,0.7548554711271875
2024-06-14,FTSE 100,^FTSE,8146.89990234375,-0.20600466947353624,0.7517746676422794
2024-06-17,FTSE 100,^FTSE,8142.2001953125,-0.05770370534250446,0.7045940144429054
2024-06-18,FTSE 100,^FTSE,8191.2998046875,0.6012153827542832,0.6613329485442416
2024-06-19,FTSE 100,^FTSE,8205.099609375,0.1683272967117233,0.6726689173713949
2024-06-20,FTSE 100,^FTSE,8272.5,0.8180896262999227,0.6384505205529546
2024-06-21,FTSE 100,^FTSE,8237.7001953125,-0.4215558359222271,0.6950951991949013
2024-06-24,FTSE 100,^FTSE,8281.599609375,0.5314936822108152,0.6782999961355521
2024-06-25,FTSE 100,^FTSE,8247.7998046875,-0.4089664839028728,0.6752664388315017
2024-06-26,FTSE 100,^FTSE,8225.2998046875,-0.2731728032419056,0.6617089441468293
2024-06-27,FTSE 100,^FTSE,8179.7001953125,-0.5559247401865974,0.6381714999897646
2024-06-28,FTSE 100,^FTSE,8164.10009765625,-0.19089932713534097,0.6535759571562662
2024-07-01,FTSE 100,^FTSE,8166.7998046875,0.03306256326318646,0.6261734952621327
2024-07-02,FTSE 100,^FTSE,8121.2001953125,-0.5599180808822268,0.5986722603118732
2024-07-03,FTSE 100,^FTSE,8171.10009765625,0.6125600127555586,0.6256402900666042
2024-07-04,FTSE 100,^FTSE,8241.2998046875,0.8554524085321091,0.6484471006901286
2024-07-05,FTSE 100,^FTSE,8203.900390625,-0.45483761941529366,0.7096243367061724
2024-07-08,FTSE 100,^FTSE,8193.5,-0.12685415702407,0.693302958435111
2024-07-09,FTSE 100,^FTSE,8139.7998046875,-0.6575571310865058,0.6543563853662103
2024-07-10,FTSE 100,^FTSE,8193.5,0.6575571310865058,0.6819495855395934
2024-07-11,FTSE 100,^FTSE,8223.2998046875,0.36304076034063826,0.696674506354287
2024-07-12,FTSE 100,^FTSE,8252.900390625,0.3593136455426915,0.6703131982804237
2024-07-15,FTSE 100,^FTSE,8183.0,-0.8505869517730247,0.6495488627963507
2024-07-16,FTSE 100,^FTSE,8164.89990234375,-0.2214364555738868,0.7159750609463374
2024-07-17,FTSE 100,^FTSE,8187.5,0.276413397186559,0.6770496609265421
2024-07-18,FTSE 100,^FTSE,8204.900390625,0.21229834247247226,0.6479932229904167
2024-07-19,FTSE 100,^FTSE,8155.7001953125,-0.6014491139049838,0.6212435178791212
2024-07-22,FTSE 100,^FTSE,8198.7998046875,0.5270685028705202,0.6486380635793704
2024-07-23,FTSE 100,^FTSE,8167.39990234375,-0.38371694630594533,0.6524922358946015
2024-07-24,FTSE 100,^FTSE,8153.7001953125,-0.16787728972609273,0.6415469222553849
2024-07-25,FTSE 100,^FTSE,8186.39990234375,0.40023929458943286,0.6155168235951001
2024-07-26,FTSE 100,^FTSE,8285.7001953125,1.20569320626025,0.6119248660559172
2024-07-29,FTSE 100,^FTSE,8292.400390625,0.08083188592777901,0.7707948466400355
2024-07-30,FTSE 100,^FTSE,8274.400390625,-0.21730214928883385,0.7142918917593378
2024-07-31,FTSE 100,^FTSE,8368.0,1.1248449032249752,0.6754656181336643
2024-08-01,FTSE 100,^FTSE,8283.400390625,-1.0161348033120632,0.7890679772190731
2024-08-02,FTSE 100,^FTSE,8174.7001953125,-1.3209516534882226,0.84734822054694
2024-08-05,FTSE 100,^FTSE,8008.2001953125,-2.057800163947654,0.9572220236115327
2024-08-06,FTSE 100,^FTSE,8026.7001953125,0.23074678055721165,1.2273511625964864
2024-08-07,FTSE 100,^FTSE,8166.89990234375,1.7315879024760505,1.0954168707492504
2024-08-08,FTSE 100,^FTSE,8145.0,-0.2685145891412333,1.2166521959320213
2024-08-09,FTSE 100,^FTSE,8168.10009765625,0.28320935883403564,1.0892469905006366
2024-08-12,FTSE 100,^FTSE,8210.2998046875,0.515310416957071,0.982390463111213
2024-08-13,FTSE 100,^FTSE,8235.2001953125,0.30282338212224147,0.9114920104901584
2024-08-14,FTSE 100,^FTSE,8281.099609375,0.5558089011094225,0.8372553657921976
2024-08-15,FTSE 100,^FTSE,8347.400390625,0.7974397281067525,0.8004294857339169
2024-08-16,FTSE 100,^FTSE,8311.400390625,-0.43220465281947895,0.8072996731034595
2024-08-19,FTSE 100,^FTSE,8356.900390625,0.5459478276895524,0.7667050844566541
2024-08-20,FTSE 100,^FTSE,8273.2998046875,-1.0054153190202086,0.7444408680900331
2024-08-21,FTSE 100,^FTSE,8283.400390625,0.12201208056445978,0.814212418524432
2024-08-22,FTSE 100,^FTSE,8288.0,0.05551262276810576,0.7502842186414336
2024-08-23,FTSE 100,^FTSE,8327.7998046875,0.479060668425646,0.697431639524876
2024-08-27,FTSE 100,^FTSE,8345.5,0.21231792349514222,0.6831142987539148
2024-08-28,FTSE 100,^FTSE,8343.900390625,-0.01916916536792712,0.6487774079647549
2024-08-29,FTSE 100,^FTSE,8379.599609375,0.4269354259008651,0.616543173552893
2024-08-30,FTSE 100,^FTSE,8376.599609375,-0.03580764340274101,0.6157375199917656
2024-09-02,FTSE 100,^FTSE,8363.7998046875,-0.15292116830973868,0.5908713091881928
2024-09-03,FTSE 100,^FTSE,8298.5,-0.7838070345902892,0.5755185338539162
2024-09-04,FTSE 100,^FTSE,8269.599609375,-0.3488682542762689,0.6520935217441288
2024-09-05,FTSE 100,^FTSE,8241.7001953125,-0.33794360159191683,0.6375827654152582
2024-09-06,FTSE 100,^FTSE,8181.5,-0.7331149133142034,0.6254075016572729
2024-09-09,FTSE 100,^FTSE,8270.7998046875,1.0855708042960543,0.6754538960596612
2024-09-10,FTSE 100,^FTSE,8206.0,-0.7865621909779463,0.7794678945792805
2024-09-11,FTSE 100,^FTSE,8193.900390625,-0.14755713488714406,0.7954248852008301
2024-09-12,FTSE 100,^FTSE,8241.0,0.5731673110123126,0.7368921446820837
2024-09-13,FTSE 100,^FTSE,8273.099609375,0.3887544651064445,0.7251680571087727
2024-09-16,FTSE 100,^FTSE,8278.400390625,0.06405197633121418,0.6948948834594106
2024-09-17,FTSE 100,^FTSE,8309.900390625,0.37978619121687984,0.6532001880398746
2024-09-18,FTSE 100,^FTSE,8253.7001953125,-0.6786013788357081,0.6383729143908647
2024-09-19,FTSE 100,^FTSE,8328.7001953125,0.9045796705878573,0.6742855148765408
2024-09-20,FTSE 100,^FTSE,8230.0,-1.192139033633488,0.7376048134306563
2024-09-23,FTSE 100,^FTSE,8259.7001953125,0.36022762181850965,0.853548040201119
2024-09-24,FTSE 100,^FTSE,8282.7998046875,0.27927609960780586,0.7942758641453863
2024-09-25,FTSE 100,^FTSE,8268.7001953125,-0.17037262828818456,0.7410575754492249
2024-09-26,FTSE 100,^FTSE,8284.900390625,0.19573023283179225,0.6942124764591531
2024-09-27,FTSE 100,^FTSE,8320.7998046875,0.4323752635306377,0.6566940743317687
2024-09-30,FTSE 100,^FTSE,8237.0,-1.0122180624872357,0.6466541620864444
2024-10-01,FTSE 100,^FTSE,8276.7001953125,0.48081618688424754,0.7507641332554921
2024-10-02,FTSE 100,^FTSE,8290.900390625,0.17142130770402275,0.724362734845698
2024-10-03,FTSE 100,^FTSE,8282.5,-0.10137197130806186,0.6795610001801327
2024-10-04,FTSE 100,^FTSE,8280.599609375,-0.022947282551655235,0.6425789614779178
2024-10-07,FTSE 100,^FTSE,8303.599609375,0.27737262972564736,0.6117085657870789
2024-10-08,FTSE 100,^FTSE,8190.60009765625,-1.3701941485836144,0.5974931805162448
2024-10-09,FTSE 100,^FTSE,8243.7001953125,0.6462128778702336,0.8184319318576443
2024-10-10,FTSE 100,^FTSE,8237.7001953125,-0.07280935021114487,0.797485075204508
2024-10-11,FTSE 100,^FTSE,8253.7001953125,0.19404058650263067,0.7363115667441769
2024-10-14,FTSE 100,^FTSE,8292.7001953125,0.47140249602168893,0.6900622230797162
2024-10-15,FTSE 100,^FTSE,8249.2998046875,-0.5247308693997255,0.6765794859892803
2024-10-16,FTSE 100,^FTSE,8329.099609375,0.962703563989642,0.6773712194816416
2024-10-17,FTSE 100,^FTSE,8385.099609375,0.6700914451332807,0.7522908727736547
2024-10-18,FTSE 100,^FTSE,8358.2998046875,-0.32012409083286286,0.7507804161468484
2024-10-21,FTSE 100,^FTSE,8318.2001953125,-0.4809125015349025,0.7117048062115884
2024-10-22,FTSE 100,^FTSE,8306.5,-0.14075679088083604,0.6980795804535325
2024-10-23,FTSE 100,^FTSE,8258.599609375,-0.5783306501426111,0.6586990476283079
2024-10-24,FTSE 100,^FTSE,8269.400390625,0.13069679074853013,0.6720609494539619
2024-10-25,FTSE 100,^FTSE,8248.7998046875,-0.2494290706545499,0.6365826095836179
2024-10-28,FTSE 100,^FTSE,8285.599609375,0.4451309603574316,0.616887477361461
2024-10-29,FTSE 100,^FTSE,8219.599609375,-0.799752258751063,0.6181743589460266
2024-10-30,FTSE 100,^FTSE,8159.60009765625,-0.7326338425038159,0.6839872839795735
2024-10-31,FTSE 100,^FTSE,8110.10009765625,-0.6084949586094623,0.716577421423632
2024-11-01,FTSE 100,^FTSE,8177.2001953125,0.8239607064883359,0.7194889485372906
2024-11-04,FTSE 100,^FTSE,8184.2001953125,0.08556725292425682,0.7530802035036955
2024-11-05,FTSE 100,^FTSE,8172.39990234375,-0.14428787089659778,0.7000957234496852
2024-11-06,FTSE 100,^FTSE,8166.7001953125,-0.06976770113880093,0.6604463655704085
2024-11-07,FTSE 100,^FTSE,8140.7001953125,-0.31887390274345506,0.6265968674780208
2024-11-08,FTSE 100,^FTSE,8072.39990234375,-0.8425371655304659,0.6151738822608913
2024-11-11,FTSE 100,^FTSE,8125.2001953125,0.6519543595457478,0.6911307969135585
2024-11-12,FTSE 100,^FTSE,8025.7998046875,-1.2309039149878132,0.7025137861996622
2024-11-13,FTSE 100,^FTSE,8030.2998046875,0.05605346537826961,0.8411154677360158
2024-11-14,FTSE 100,^FTSE,8071.2001953125,0.5080331471489785,0.7710614900215534
2024-11-15,FTSE 100,^FTSE,8063.60009765625,-0.0942075275844445,0.7432271744975493
2024-11-18,FTSE 100,^FTSE,8109.2998046875,0.5651408088652943,0.693090815776502
2024-11-19,FTSE 100,^FTSE,8099.0,-0.12709298566822014,0.6909832582794001
2024-11-20,FTSE 100,^FTSE,8085.10009765625,-0.1717723651928793,0.6525277433846071
2024-11-21,FTSE 100,^FTSE,8149.2998046875,0.7909136411791806,0.6242945607271465
2024-11-22,FTSE 100,^FTSE,8262.099609375,1.3746735202341043,0.679889343347395
2024-11-25,FTSE 100,^FTSE,8291.7001953125,0.35762927950937495,0.8576265579260458
2024-11-26,FTSE 100,^FTSE,8258.599609375,-0.4000003681179365,0.7973585519796272
2024-11-27,FTSE 100,^FTSE,8274.7998046875,0.1959693840497323,0.7556551159331943
2024-11-28,FTSE 100,^FTSE,8281.2001953125,0.0773180833999021,0.7056157934816751
2024-11-29,FTSE 100,^FTSE,8287.2998046875,0.0736289905612253,0.6619345065033237
2024-12-02,FTSE 100,^FTSE,8312.900390625,0.3084373192120182,0.6272153998498882
2024-12-03,FTSE 100,^FTSE,8359.400390625,0.5578128799699655,0.6118786773281938
2024-12-04,FTSE 100,^FTSE,8335.7998046875,-0.2827231944730002,0.6299070068001548
2024-12-05,FTSE 100,^FTSE,8349.400390625,0.16302578081806018,0.6144313575936384
2024-12-06,FTSE 100,^FTSE,8308.599609375,-0.48986508393067396,0.5926837074901822
2024-12-09,FTSE 100,^FTSE,8352.099609375,0.5221881539963391,0.6105501674244284
2024-12-10,FTSE 100,^FTSE,8280.400390625,-0.8621633895293357,0.6236990926466163
2024-12-11,FTSE 100,^FTSE,8301.599609375,0.25568966710345364,0.7011081625307033
2024-12-12,FTSE 100,^FTSE,8311.7998046875,0.12279481567833983,0.665485458104956
2024-12-13,FTSE 100,^FTSE,8300.2998046875,-0.13845332146420475,0.6311502251965361
2024-12-16,FTSE 100,^FTSE,8262.099609375,-0.4612889967832601,0.6059837994800154
2024-12-17,FTSE 100,^FTSE,8195.2001953125,-0.8130104373439195,0.6162456722367099
2024-12-18,FTSE 100,^FTSE,8199.099609375,0.04757036509630552,0.6854857744130239
2024-12-19,FTSE 100,^FTSE,8105.2998046875,-1.1506199912064474,0.645541307723859
2024-12-20,FTSE 100,^FTSE,8084.60009765625,-0.2557115045236813,0.7848366204584383
2024-12-23,FTSE 100,^FTSE,8102.7001953125,0.22363340238538143,0.734004217086262
2024-12-24,FTSE 100,^FTSE,8137.0,0.4224198141386637,0.6896794780531241
2024-12-27,FTSE 100,^FTSE,8149.7998046875,0.15718013945313913,0.6707742249566316
2024-12-30,FTSE 100,^FTSE,8121.0,-0.35400638087761394,0.6365052398115019
2024-12-31,FTSE 100,^FTSE,8173.0,0.6382739233718127,0.6262194666694482
2025-01-02,FTSE 100,^FTSE,8260.099609375,1.060060817254893,0.6530993666385039
2025-01-03,FTSE 100,^FTSE,8224.0,-0.43799379937325966,0.7588634707282318
2025-01-06,FTSE 100,^FTSE,8249.7001953125,0.312015101134655,0.7293933658390573
2025-01-07,FTSE 100,^FTSE,8245.2998046875,-0.05335423739776246,0.6916975021484817
2025-01-08,FTSE 100,^FTSE,8251.0,0.06910877720276432,0.6509865265948156
2025-01-09,FTSE 100,^FTSE,8319.7001953125,0.8291814844415768,0.6185140470556201
2025-01-10,FTSE 100,^FTSE,8248.5,-0.8594854332779178,0.6837871797575533
2025-01-13,FTSE 100,^FTSE,8224.2001953125,-0.2950314402077936,0.7412762653985179
2025-01-14,FTSE 100,^FTSE,8201.5,-0.2763986861360479,0.7021852787928041
2025-01-15,FTSE 100,^FTSE,8301.099609375,1.2070924714272735,0.6699881416583885
2025-01-16,FTSE 100,^FTSE,8391.900390625,1.0879012375600183,0.8064633040123287
2025-01-17,FTSE 100,^FTSE,8505.2001953125,1.3410762654025632,0.868136746450651
2025-01-20,FTSE 100,^FTSE,8520.5,0.17972604510081425,0.9683142183892866
2025-01-21,FTSE 100,^FTSE,8548.2998046875,0.3257385356505438,0.8781386452250975
2025-01-22,FTSE 100,^FTSE,8545.099609375,-0.03744363859254918,0.8116378963074771
2025-01-23,FTSE 100,^FTSE,8565.2001953125,0.2349531617062084,0.7471996065464038
2025-01-24,FTSE 100,^FTSE,8502.400390625,-0.7358982626685773,0.7008044258432348
2025-01-27,FTSE 100,^FTSE,8503.7001953125,0.015286334259378975,0.7292207599032866
2025-01-28,FTSE 100,^FTSE,8533.900390625,0.3545126767075857,0.6803114308105674
2025-01-29,FTSE 100,^FTSE,8557.7998046875,0.27966123166116574,0.6568395102584
2025-01-30,FTSE 100,^FTSE,8646.900390625,1.0357795429499106,0.6324801140601075
2025-01-31,FTSE 100,^FTSE,8674.0,0.3129125031128055,0.7397525013679992
2025-02-03,FTSE 100,^FTSE,8583.599609375,-1.0476685001270525,0.6999445662305361
2025-02-04,FTSE 100,^FTSE,8570.7998046875,-0.14923060556011336,0.7939501422029757
2025-02-05,FTSE 100,^FTSE,8623.2998046875,0.6106765035408301,0.7357672553524126
2025-02-06,FTSE 100,^FTSE,8727.2998046875,1.1988201893382566,0.7295405966865444
2025-02-07,FTSE 100,^FTSE,8700.5,-0.30755260115977734,0.8421810234083001
2025-02-10,FTSE 100,^FTSE,8767.7998046875,0.7705402176915399,0.7835614490092521
2025-02-11,FTSE 100,^FTSE,8777.400390625,0.1094383283042788,0.7902411477461914
2025-02-12,FTSE 100,^FTSE,8807.400390625,0.3412040827559082,0.73055940130662
2025-02-13,FTSE 100,^FTSE,8764.7001953125,-0.4860008528945414,0.6949169467974374
2025-02-14,FTSE 100,^FTSE,8732.5,-0.36806153332182845,0.6859633883205464
2025-02-17,FTSE 100,^FTSE,8768.0,0.40570325068092217,0.6655336080704362
2025-02-18,FTSE 100,^FTSE,8766.7001953125,-0.014825513700245097,0.6504776115859228
2025-02-19,FTSE 100,^FTSE,8712.5,-0.6201698982014392,0.6178411853310537
2025-02-20,FTSE 100,^FTSE,8663.0,-0.569769317863944,0.6493864344205776
2025-02-21,FTSE 100,^FTSE,8659.400390625,-0.04156016886387448,0.6639117742684292
2025-02-24,FTSE 100,^FTSE,8659.0,-0.004623875370057817,0.6287671262693761
2025-02-25,FTSE 100,^FTSE,8668.7001953125,0.11196172852105946,0.600718863671568
2025-02-26,FTSE 100,^FTSE,8731.5,0.7218316646888212,0.5801935785281479
2025-02-27,FTSE 100,^FTSE,8756.2001953125,0.28248667877424083,0.6360240119338153
2025-02-28,FTSE 100,^FTSE,8809.7001953125,0.6091366139564514,0.6165758772971878
2025-03-03,FTSE 100,^FTSE,8871.2998046875,0.6967915684185755,0.6413619804572114
2025-03-04,FTSE 100,^FTSE,8759.0,-1.2739581828302704,0.6740235724930136
2025-03-05,FTSE 100,^FTSE,8755.7998046875,-0.03654275679778607,0.8350698893634146
2025-03-06,FTSE 100,^FTSE,8682.7998046875,-0.8372280807689592,0.7662579329294247
2025-03-07,FTSE 100,^FTSE,8679.900390625,-0.033398193331990456,0.7950935098813972
2025-03-10,FTSE 100,^FTSE,8600.2001953125,-0.9224571358734224,0.7337246101288611
2025-03-11,FTSE 100,^FTSE,8496.0,-1.2190017013647747,0.7889959689334499
2025-03-12,FTSE 100,^FTSE,8541.0,0.528263246442684,0.8937346330462861
2025-03-13,FTSE 100,^FTSE,8542.599609375,0.018726842307792424,0.84185165792636
2025-03-14,FTSE 100,^FTSE,8632.2998046875,1.0445593741271963,0.7714780448376027
2025-03-17,FTSE 100,^FTSE,8680.2998046875,0.5545108657958764,0.8344817119404648
2025-03-18,FTSE 100,^FTSE,8705.2001953125,0.2864502907758748,0.7981058633129785
2025-03-19,FTSE 100,^FTSE,8706.7001953125,0.01722959550711778,0.7445817084551624
2025-03-20,FTSE 100,^FTSE,8702.0,-0.05399823506611057,0.6926450433036372
2025-03-21,FTSE 100,^FTSE,8646.7998046875,-0.6363596584563425,0.65175171539341
2025-03-24,FTSE 100,^FTSE,8638.0,-0.10182131754152834,0.6764398665962068
2025-03-25,FTSE 100,^FTSE,8663.7998046875,0.2982328324371508,0.6401255224013517
2025-03-26,FTSE 100,^FTSE,8689.599609375,0.2973460482399659,0.6209680759114001
2025-03-27,FTSE 100,^FTSE,8666.099609375,-0.2708045820023486,0.6061708399817911
2025-03-28,FTSE 100,^FTSE,8658.900390625,-0.08310786914140778,0.5952771497693763
2025-03-31,FTSE 100,^FTSE,8582.7998046875,-0.8827561001321982,0.5760614341450321
2025-04-01,FTSE 100,^FTSE,8634.7998046875,0.6040349326838168,0.6747114028212953
2025-04-02,FTSE 100,^FTSE,8608.5,-0.3050439924969339,0.6829601927968362
2025-04-03,FTSE 100,^FTSE,8474.7001953125,-1.56648097779577,0.6573075244196331
2025-04-04,FTSE 100,^FTSE,8055.0,-5.079226082749422,0.9101681152364123
2025-04-07,FTSE 100,^FTSE,7702.10009765625,-4.479998500072213,2.2910379409046464
2025-04-08,FTSE 100,^FTSE,7910.5,2.669795927876706,2.7467671573069157
2025-04-09,FTSE 100,^FTSE,7679.5,-2.9636550033435682,2.6356733267948407
2025-04-10,FTSE 100,^FTSE,7913.2998046875,2.9990422649529336,2.6118523638388997
2025-04-11,FTSE 100,^FTSE,7964.2001953125,0.6411659895892541,2.59468123477321
2025-04-14,FTSE 100,^FTSE,8134.2998046875,2.1133141597722727,2.273637959655755
2025-04-15,FTSE 100,^FTSE,8249.099609375,1.4014391116308644,2.1691525446151236
2025-04-16,FTSE 100,^FTSE,8275.599609375,0.3207322852434302,1.9804117854638266
2025-04-17,FTSE 100,^FTSE,8275.7001953125,0.0012154445716561213,1.7363689186426523
2025-04-22,FTSE 100,^FTSE,8328.599609375,0.6371794494189231,1.5232253447529709
2025-04-23,FTSE 100,^FTSE,8403.2001953125,0.8917281003578026,1.3669024570335426
2025-04-24,FTSE 100,^FTSE,8407.400390625,0.04997079525423942,1.2639286560567529
2025-04-25,FTSE 100,^FTSE,8415.2998046875,0.09391375405112257,1.1225748474705957
2025-04-28,FTSE 100,^FTSE,8417.2998046875,0.02376341213867761,1.0043523003543016
2025-04-29,FTSE 100,^FTSE,8463.5,0.5473711103656242,0.9053089522898432
2025-04-30,FTSE 100,^FTSE,8494.900390625,0.3703229760695592,0.8531100737869249
2025-05-01,FTSE 100,^FTSE,8496.7998046875,0.022356963088654425,0.7947049293024897
2025-05-02,FTSE 100,^FTSE,8596.400390625,1.1653957370850065,0.7331254188114458
2025-05-06,FTSE 100,^FTSE,8597.400390625,0.011632099427494325,0.8363502328613137
2025-05-07,FTSE 100,^FTSE,8559.2998046875,-0.4441489113567343,0.7669903490044934
2025-05-08,FTSE 100,^FTSE,8531.599609375,-0.3241516891092644,0.7363956096693683
2025-05-09,FTSE 100,^FTSE,8554.7998046875,0.271563469963354,0.7007148266881826
2025-05-12,FTSE 100,^FTSE,8605.0,0.5850923564807431,0.6662148077065687
2025-05-13,FTSE 100,^FTSE,8602.900390625,-0.02440285377947049,0.6738376964812326
2025-05-14,FTSE 100,^FTSE,8585.0,-0.20829067762697662,0.6363850277327238
2025-05-15,FTSE 100,^FTSE,8633.7998046875,0.5668215659284215,0.6138595835584854
2025-05-16,FTSE 100,^FTSE,8684.599609375,0.5866587225558106,0.6327167111988796
2025-05-19,FTSE 100,^FTSE,8699.2998046875,0.16912429675617346,0.6494813824859957
2025-05-20,FTSE 100,^FTSE,8781.099609375,0.9359099851000252,0.6202671256021939
2025-05-21,FTSE 100,^FTSE,8786.5,0.061481259992035575,0.7083227533531086
2025-05-22,FTSE 100,^FTSE,8739.2998046875,-0.5386380074755337,0.6638684208558977
2025-05-23,FTSE 100,^FTSE,8718.0,-0.24402187618068893,0.6698990245928249
2025-05-27,FTSE 100,^FTSE,8778.099609375,0.6870085001656534,0.6423456552238872
2025-05-28,FTSE 100,^FTSE,8726.0,-0.5952864116439471,0.6729978843729767
2025-05-29,FTSE 100,^FTSE,8716.5,-0.10892935002857485,0.6852015101966064
2025-05-30,FTSE 100,^FTSE,8772.400390625,0.6392692478943474,0.6472918890144967
2025-06-02,FTSE 100,^FTSE,8774.2998046875,0.021649815050928112,0.6684528287117117
2025-06-03,FTSE 100,^FTSE,8787.0,0.14463846831205274,0.6319037674608655
2025-06-04,FTSE 100,^FTSE,8801.2998046875,0.16260591412589065,0.6055320982046549
2025-06-05,FTSE 100,^FTSE,8811.0,0.11015252296289191,0.5857745199649617
2025-06-06,FTSE 100,^FTSE,8837.900390625,0.3048395181691532,0.5685961005934942
2025-06-09,FTSE 100,^FTSE,8832.2998046875,-0.0633901830555672,0.5670952120704362
2025-06-10,FTSE 100,^FTSE,8853.099609375,0.2352201812433563,0.553830311951739
2025-06-11,FTSE 100,^FTSE,8864.400390625,0.12756633591077815,0.5504318550359104
2025-06-12,FTSE 100,^FTSE,8884.900390625,0.23099511770183767,0.542122967379307
2025-06-13,FTSE 100,^FTSE,8850.599609375,-0.38680413877951736,0.5413458918393663
2025-06-16,FTSE 100,^FTSE,8875.2001953125,0.2775683128884765,0.5592583332301063
2025-06-17,FTSE 100,^FTSE,8834.0,-0.4652979151043013,0.5577437066615513
2025-06-18,FTSE 100,^FTSE,8843.5,0.10748127183752842,0.5817599086603802
2025-06-19,FTSE 100,^FTSE,8791.7998046875,-0.5863279218116801,0.5654274854181638
2025-06-20,FTSE 100,^FTSE,8774.7001953125,-0.19468436826812763,0.6065872916177063
2025-06-23,FTSE 100,^FTSE,8758.0,-0.19050346127063023,0.5899841692008881
2025-06-24,FTSE 100,^FTSE,8759.0,0.011417480174635841,0.5769881774987468
2025-06-25,FTSE 100,^FTSE,8718.7998046875,-0.46001518100382555,0.5604427514168849
2025-06-26,FTSE 100,^FTSE,8735.599609375,0.1924994321116813,0.5829350506280012
2025-06-27,FTSE 100,^FTSE,8798.900390625,0.7220172373731515,0.5698644938707014
2025-06-30,FTSE 100,^FTSE,8761.0,-0.431670438153553,0.6290369837755903
2025-07-01,FTSE 100,^FTSE,8785.2998046875,0.276979425784063,0.6294759489090018
2025-07-02,FTSE 100,^FTSE,8774.7001953125,-0.12072449501552285,0.6111108768432831
2025-07-03,FTSE 100,^FTSE,8823.2001953125,0.5512035154129791,0.5896528156571086
2025-07-04,FTSE 100,^FTSE,8822.900390625,-0.0033979709689546667,0.6128264190087723
2025-07-07,FTSE 100,^FTSE,8806.5,-0.18605732461391966,0.5882610180009706
2025-07-08,FTSE 100,^FTSE,8854.2001953125,0.5401859583848534,0.5753935939217241
2025-07-09,FTSE 100,^FTSE,8867.0,0.14445756238075091,0.6008971247360111
2025-07-10,FTSE 100,^FTSE,8975.7001953125,1.2184427124175556,0.5814378655742196
2025-07-11,FTSE 100,^FTSE,8941.099609375,-0.3862367088835583,0.7564891020793045
2025-07-14,FTSE 100,^FTSE,8998.099609375,0.6354820092868252,0.7221747812027484
2025-07-15,FTSE 100,^FTSE,8938.2998046875,-0.6668007873457782,0.7229832194439365
2025-07-16,FTSE 100,^FTSE,8926.599609375,-0.13098531051500828,0.7334563487996405
2025-07-17,FTSE 100,^FTSE,8972.599609375,0.513990606051351,0.686471197914626
2025-07-18,FTSE 100,^FTSE,8992.099609375,0.21709250370456346,0.6791210323622229
2025-07-21,FTSE 100,^FTSE,9013.0,0.23216089292432684,0.6458927378395273
2025-07-22,FTSE 100,^FTSE,9023.7998046875,0.11975301711046882,0.620768027783641
2025-07-23,FTSE 100,^FTSE,9061.5,0.4169159519390675,0.5960003088891876
2025-07-24,FTSE 100,^FTSE,9138.400390625,0.8450688918278715,0.5992248755667722
2025-07-25,FTSE 100,^FTSE,9120.2998046875,-0.19826813161252232,0.6742289901518984
2025-07-28,FTSE 100,^FTSE,9081.400390625,-0.427426810323972,0.6427673060834759
2025-07-29,FTSE 100,^FTSE,9136.2998046875,0.6027059361056075,0.6392469326703639
2025-07-30,FTSE 100,^FTSE,9136.900390625,0.006573407299015344,0.6567387239199285
2025-07-31,FTSE 100,^FTSE,9132.7998046875,-0.04488947232310636,0.6226556357491424
2025-08-01,FTSE 100,^FTSE,9068.599609375,-0.7054453352406398,0.5964193984839816
2025-08-04,FTSE 100,^FTSE,9128.2998046875,0.6561602408339695,0.6500727165555373
2025-08-05,FTSE 100,^FTSE,9142.7001953125,0.15763114888933671,0.6732617376354559
2025-08-06,FTSE 100,^FTSE,9164.2998046875,0.23597115199258667,0.6384841898523309
2025-08-07,FTSE 100,^FTSE,9100.7998046875,-0.6953179253599728,0.6152465507830631
2025-08-08,FTSE 100,^FTSE,9095.7001953125,-0.05605044386012281,0.6611406388400743
2025-08-11,FTSE 100,^FTSE,9129.7001953125,0.3731060905503014,0.6268417214716465
2025-08-12,FTSE 100,^FTSE,9147.7998046875,0.19805351159991602,0.6176053797876048
2025-08-13,FTSE 100,^FTSE,9165.2001953125,0.19003326447268876,0.5968490531482592
2025-08-14,FTSE 100,^FTSE,9177.2001953125,0.13084439829551542,0.5804063569591035
2025-08-15,FTSE 100,^FTSE,9138.900390625,-0.41820976391306885,0.5651383244888631
2025-08-18,FTSE 100,^FTSE,9157.7001953125,0.20550059247614882,0.5805856993849204
2025-08-19,FTSE 100,^FTSE,9189.2001953125,0.34338259085853196,0.5688047079478734
2025-08-20,FTSE 100,^FTSE,9288.099609375,1.0705066171214028,0.5709237822238392
2025-08-21,FTSE 100,^FTSE,9309.2001953125,0.22692106072987883,0.710278231239887
2025-08-22,FTSE 100,^FTSE,9321.400390625,0.130969444598783,0.671021255747939
2025-08-26,FTSE 100,^FTSE,9265.7998046875,-0.5982692518935906,0.6357703996786656
2025-08-27,FTSE 100,^FTSE,9255.5,-0.11122119784108264,0.6585599217049668
2025-08-28,FTSE 100,^FTSE,9216.7998046875,-0.4190084866818822,0.6263474452475526
2025-08-29,FTSE 100,^FTSE,9187.2998046875,-0.3205810215220595,0.6258998415865317
2025-09-01,FTSE 100,^FTSE,9196.2998046875,0.09791336746083346,0.614806716718809
2025-09-02,FTSE 100,^FTSE,9116.7001953125,-0.8693290086249306,0.5907556142370302
2025-09-03,FTSE 100,^FTSE,9178.0,0.6701398048718943,0.681064598291848
2025-09-04,FTSE 100,^FTSE,9216.900390625,0.42294818442183413,0.6980836586087258
2025-09-05,FTSE 100,^FTSE,9208.2001953125,-0.09443851791779423,0.6773013981571809
2025-09-08,FTSE 100,^FTSE,9221.400390625,0.14324995822061481,0.6405758369941301
2025-09-09,FTSE 100,^FTSE,9242.5,0.22854996087620094,0.6122583858337756
2025-09-10,FTSE 100,^FTSE,9225.400390625,-0.18518200661539197,0.594498752466315
2025-09-11,FTSE 100,^FTSE,9297.599609375,0.7795668562676994,0.5801155862334052
2025-09-12,FTSE 100,^FTSE,9283.2998046875,-0.15391943298332933,0.6475957814759765
2025-09-15,FTSE 100,^FTSE,9277.0,-0.06788473242043125,0.6195373086244615
2025-09-16,FTSE 100,^FTSE,9195.7001953125,-0.880221394230496,0.5944762873647172
2025-09-17,FTSE 100,^FTSE,9208.400390625,0.13801486542810437,0.6859725427879995
2025-09-18,FTSE 100,^FTSE,9228.099609375,0.2136981124039039,0.6478221225121786
2025-09-19,FTSE 100,^FTSE,9216.7001953125,-0.12360573857748136,0.6211881912874188
2025-09-22,FTSE 100,^FTSE,9226.7001953125,0.10843988384063863,0.59759399447056
2025-09-23,FTSE 100,^FTSE,9223.2998046875,-0.03686060339838093,0.5776736109288904
2025-09-24,FTSE 100,^FTSE,9250.400390625,0.29339661347194124,0.5614011521069874
2025-09-25,FTSE 100,^FTSE,9214.0,-0.3942769546792846,0.5606920338602002
2025-09-26,FTSE 100,^FTSE,9284.7998046875,0.7654566904756521,0.5742684364320412
2025-09-29,FTSE 100,^FTSE,9299.7998046875,0.16142401313459231,0.6407625916630779
2025-09-30,FTSE 100,^FTSE,9350.400390625,0.5426291360647539,0.6131168580940443
2025-10-01,FTSE 100,^FTSE,9446.400390625,1.0214592985162696,0.6285408191359583
2025-10-02,FTSE 100,^FTSE,9427.7001953125,-0.19815727214567147,0.733769513285837
2025-10-03,FTSE 100,^FTSE,9491.2998046875,0.6723383789204007,0.6898155626966457
2025-10-06,FTSE 100,^FTSE,9479.099609375,-0.12862351211708756,0.704840792421979
2025-10-07,FTSE 100,^FTSE,9483.599609375,0.04746159850519405,0.6635792112656065
2025-10-08,FTSE 100,^FTSE,9548.900390625,0.6862055693053648,0.6281858820895527
2025-10-09,FTSE 100,^FTSE,9509.400390625,-0.414518135824693,0.6627824184058886
2025-10-10,FTSE 100,^FTSE,9427.5,-0.8649874011696923,0.6528392664361193
2025-10-13,FTSE 100,^FTSE,9442.900390625,0.16322275866222924,0.7212829140849137
2025-10-14,FTSE 100,^FTSE,9452.7998046875,0.10477955160030916,0.676783542081493
2025-10-15,FTSE 100,^FTSE,9424.7998046875,-0.29664810264797836,0.6395876849534256
2025-10-16,FTSE 100,^FTSE,9436.099609375,0.11982255767755134,0.6230679083339814
2025-10-17,FTSE 100,^FTSE,9354.599609375,-0.8674558632405294,0.5977947756116939
2025-10-20,FTSE 100,^FTSE,9403.599609375,0.5224393970895136,0.6852184940578477
2025-10-21,FTSE 100,^FTSE,9427.0,0.24853592722262619,0.6792738640972493
2025-10-22,FTSE 100,^FTSE,9515.0,0.9291588334100709,0.647867956459581
2025-10-23,FTSE 100,^FTSE,9578.599609375,0.6661901987419228,0.7250686557030719
2025-10-24,FTSE 100,^FTSE,9645.599609375,0.6970409587690796,0.7298598225295992
2025-10-27,FTSE 100,^FTSE,9653.7998046875,0.08497876674855576,0.7383312753975367
2025-10-28,FTSE 100,^FTSE,9696.7001953125,0.44340415919705833,0.6882346096640051
2025-10-29,FTSE 100,^FTSE,9756.099609375,0.6107048781910152,0.6719577953045418
2025-10-30,FTSE 100,^FTSE,9760.099609375,0.04099158869177444,0.6819447729708236
2025-10-31,FTSE 100,^FTSE,9717.2998046875,-0.4394824243792783,0.6426786588747286
2025-11-03,FTSE 100,^FTSE,9701.400390625,-0.1637536751221802,0.6406681635728066
2025-11-04,FTSE 100,^FTSE,9715.0,0.14008375729108735,0.6146177011147067
2025-11-05,FTSE 100,^FTSE,9777.099609375,0.6371793775095114,0.5919033718319048
2025-11-06,FTSE 100,^FTSE,9735.7998046875,-0.4233083508712099,0.6285169665861977
2025-11-07,FTSE 100,^FTSE,9682.599609375,-0.547937317415581,0.6280505694265741
2025-11-10,FTSE 100,^FTSE,9787.2001953125,1.0745009540444883,0.6449664039306653
2025-11-11,FTSE 100,^FTSE,9899.599609375,1.1418883363132792,0.7571769734320456
2025-11-12,FTSE 100,^FTSE,9911.400390625,0.11913363934912269,0.8466909412332727
2025-11-13,FTSE 100,^FTSE,9807.7001953125,-1.051783785413818,0.7766390631327632
2025-11-14,FTSE 100,^FTSE,9698.400390625,-1.1206847637064143,0.8465237782582568
2025-11-17,FTSE 100,^FTSE,9675.400390625,-0.237434162402117,0.9100257428082602
2025-11-18,FTSE 100,^FTSE,9552.2998046875,-1.2804679357891757,0.8341330863560897
2025-11-19,FTSE 100,^FTSE,9507.400390625,-0.47114589063017576,0.9385693943341972
2025-11-20,FTSE 100,^FTSE,9527.7001953125,0.2132882071359532,0.875017422342974
2025-11-21,FTSE 100,^FTSE,9539.7001953125,0.12586929878715125,0.8028874979865117
2025-11-24,FTSE 100,^FTSE,9534.900390625,-0.050326661019006735,0.7411985625456922
2025-11-25,FTSE 100,^FTSE,9609.5,0.7793400203999212,0.6904813542046113
2025-11-26,FTSE 100,^FTSE,9691.599609375,0.8507298153290321,0.7240211830490039
2025-11-27,FTSE 100,^FTSE,9693.900390625,0.02373713611518724,0.7614178978215315
2025-11-28,FTSE 100,^FTSE,9720.5,0.2740195471792717,0.7062102065101492
2025-12-01,FTSE 100,^FTSE,9702.5,-0.1853473217634516,0.6707064385463053
2025-12-02,FTSE 100,^FTSE,9701.7998046875,-0.007216908827878399,0.6392677375867029
2025-12-03,FTSE 100,^FTSE,9692.099609375,-0.10003347871716528,0.6089681034258159
2025-12-04,FTSE 100,^FTSE,9710.900390625,0.19379257984795117,0.5872115119024881
2025-12-05,FTSE 100,^FTSE,9667.0,-0.45309827014836657,0.5732094640176219
2025-12-08,FTSE 100,^FTSE,9645.099609375,-0.22680496120095484,0.5911766140336795
2025-12-09,FTSE 100,^FTSE,9642.0,-0.03214178870294404,0.5803734309110986
2025-12-10,FTSE 100,^FTSE,9655.5,0.1399145195213336,0.563406076559526
2025-12-11,FTSE 100,^FTSE,9703.2001953125,0.49280469625596623,0.5524659737954302
2025-12-12,FTSE 100,^FTSE,9649.0,-0.5601465102955672,0.577401363257846
2025-12-15,FTSE 100,^FTSE,9751.2998046875,1.0546306387361426,0.6105414397719292
2025-12-16,FTSE 100,^FTSE,9684.7998046875,-0.6842963437234673,0.7305209488098187
2025-12-17,FTSE 100,^FTSE,9774.2998046875,0.9198846083400269,0.7418935216868998
2025-12-18,FTSE 100,^FTSE,9837.7998046875,0.647561690622922,0.7877179496802555
2025-12-19,FTSE 100,^FTSE,9897.400390625,0.6040046875034122,0.7741988093804407
2025-12-22,FTSE 100,^FTSE,9866.0,-0.3177633041490324,0.7577902884788444
2025-12-23,FTSE 100,^FTSE,9889.2001953125,0.23487695137340836,0.7170463885804985
2025-12-24,FTSE 100,^FTSE,9870.7001953125,-0.1872479621823686,0.6768286830279087
2025-12-29,FTSE 100,^FTSE,9866.5,-0.042561207611413465,0.6441808221192494
2025-12-30,FTSE 100,^FTSE,9940.7001953125,0.7492279744560904,0.6132402145454083
2025-12-31,FTSE 100,^FTSE,9931.400390625,-0.0935966011866185,0.6640480453712377
2026-01-02,FTSE 100,^FTSE,9951.099609375,0.19815642093199415,0.6300857638644767
2026-01-05,FTSE 100,^FTSE,10004.599609375,0.536188961258155,0.6065331286500559
2026-01-06,FTSE 100,^FTSE,10122.7001953125,1.1735497806489192,0.6227933767882259
2026-01-07,FTSE 100,^FTSE,10048.2001953125,-0.7386912564518511,0.768695963565201
2026-01-08,FTSE 100,^FTSE,10044.7001953125,-0.03483817634428732,0.7791818565856835
2026-01-09,FTSE 100,^FTSE,10124.599609375,0.7922915797134777,0.7208613307271057
2026-01-12,FTSE 100,^FTSE,10140.7001953125,0.1588981113560095,0.7481871490912045
2026-01-13,FTSE 100,^FTSE,10137.400390625,-0.03254550102109732,0.6981301459820798
2026-01-14,FTSE 100,^FTSE,10184.400390625,0.4625582575771503,0.6557751095923237
2026-01-15,FTSE 100,^FTSE,10238.900390625,0.5337053980566608,0.6494934297199162
2026-01-16,FTSE 100,^FTSE,10235.2998046875,-0.03517193287425613,0.6540472042853956
2026-01-19,FTSE 100,^FTSE,10195.400390625,-0.39058342988731454,0.6208882339422801
2026-01-20,FTSE 100,^FTSE,10126.7998046875,-0.675132080658436,0.6184288677408591
2026-01-21,FTSE 100,^FTSE,10138.099609375,0.1115209666501471,0.6595966525056504
2026-01-22,FTSE 100,^FTSE,10150.099609375,0.1182953821578181,0.6261885271583655
2026-01-23,FTSE 100,^FTSE,10143.400390625,-0.06602329803495621,0.600182482050568
2026-01-26,FTSE 100,^FTSE,10148.900390625,0.054207752920376606,0.5793879467233504
2026-01-27,FTSE 100,^FTSE,10207.7998046875,0.578675108033444,0.5625198512723405
2026-01-28,FTSE 100,^FTSE,10154.400390625,-0.524496723998169,0.5978953944703859
2026-01-29,FTSE 100,^FTSE,10171.7998046875,0.171201878807814,0.6195004250307002
2026-01-30,FTSE 100,^FTSE,10223.5,0.506982555251767,0.5969820913462376
2026-02-02,FTSE 100,^FTSE,10341.599609375,1.1485566314426876,0.6116197127728117
2026-02-03,FTSE 100,^FTSE,10314.599609375,-0.26142287931101293,0.7553217765635397
2026-02-04,FTSE 100,^FTSE,10402.2998046875,0.8466587344388543,0.7108533668722936
2026-02-05,FTSE 100,^FTSE,10309.2001953125,-0.8990197371346653,0.7512873065457472
2026-02-06,FTSE 100,^FTSE,10369.7998046875,0.5860997422292513,0.796483761714672
2026-02-09,FTSE 100,^FTSE,10386.2001953125,0.1580303915797998,0.7725149320062281
2026-02-10,FTSE 100,^FTSE,10353.7998046875,-0.3124437510416911,0.7176442791440685
2026-02-11,FTSE 100,^FTSE,10472.099609375,1.1360957311758568,0.6850055722853633
2026-02-12,FTSE 100,^FTSE,10402.400390625,-0.667795422836015,0.7979637857199611
2026-02-13,FTSE 100,^FTSE,10446.400390625,0.42208725370933564,0.789617646732611
2026-02-16,FTSE 100,^FTSE,10473.7001953125,0.26099128990075826,0.7486442457669958
2026-02-17,FTSE 100,^FTSE,10556.2001953125,0.7846011791921015,0.7034696331510728
2026-02-18,FTSE 100,^FTSE,10686.2001953125,1.2239824180198866,0.7342793476931422
2026-02-19,FTSE 100,^FTSE,10627.0,-0.5555275324065079,0.8514908938847519
2026-02-20,FTSE 100,^FTSE,10686.900390625,0.5620796497273872,0.8153313017065498
2026-02-23,FTSE 100,^FTSE,10684.7001953125,-0.020589897433609394,0.7840825086900653
2026-02-24,FTSE 100,^FTSE,10680.599609375,-0.03838547575121254,0.724674751669649
2026-02-25,FTSE 100,^FTSE,10806.400390625,1.1709612200688113,0.6770488191004973
2026-02-26,FTSE 100,^FTSE,10846.7001953125,0.3722316908765677,0.8016169931061927
2026-02-27,FTSE 100,^FTSE,10910.599609375,0.5873853682057728,0.7536994060515235
2026-03-02,FTSE 100,^FTSE,10780.099609375,-1.2032952307572842,0.7398849955397395
2026-03-03,FTSE 100,^FTSE,10484.099609375,-2.78420191389106,0.8578021690678562
2026-03-04,FTSE 100,^FTSE,10567.7001953125,0.7942411212939149,1.412039649587622
2026-03-05,FTSE 100,^FTSE,10413.900390625,-1.4660707967614428,1.2895645477640498
2026-03-06,FTSE 100,^FTSE,10284.7998046875,-1.2474431615737913,1.3019210949092286
2026-03-09,FTSE 100,^FTSE,10249.5,-0.34381342237939094,1.270209540730942
2026-03-10,FTSE 100,^FTSE,10412.2001953125,1.5749290404530214,1.1378065394011319
2026-03-11,FTSE 100,^FTSE,10353.7998046875,-0.5624631088331,1.2086522844276777
2026-03-12,FTSE 100,^FTSE,10305.2001953125,-0.4704942061762196,1.1029603103675252
2026-03-13,FTSE 100,^FTSE,10261.2001953125,-0.42788301593894573,1.008249666706956
2026-03-16,FTSE 100,^FTSE,10317.7001953125,0.5491074925547679,0.9273847084610843
2026-03-17,FTSE 100,^FTSE,10403.599609375,0.8290976621561086,0.8708519618283748
2026-03-18,FTSE 100,^FTSE,10305.2998046875,-0.9493555501400408,0.8652418092557425
2026-03-19,FTSE 100,^FTSE,10063.5,-2.3743290358645197,0.8881478338184041
2026-03-20,FTSE 100,^FTSE,9918.2998046875,-1.4533500737693217,1.2882020121583133
2026-03-23,FTSE 100,^FTSE,9894.2001953125,-0.24327693386361204,1.2983726204298518
2026-03-24,FTSE 100,^FTSE,9965.2001953125,0.7150296696083913,1.1566228904995224
2026-03-25,FTSE 100,^FTSE,10106.7998046875,1.410940199764532,1.0731595271917016
2026-03-26,FTSE 100,^FTSE,9972.2001953125,-1.340720410318852,1.1263870885671354
2026-03-27,FTSE 100,^FTSE,9967.400390625,-0.04814343957910694,1.156535876583231
2026-03-30,FTSE 100,^FTSE,10128.0,1.5984058594485262,1.0325985584414537
2026-03-31,FTSE 100,^FTSE,10176.5,0.4777275208976306,1.1414973419824883
2026-04-01,FTSE 100,^FTSE,10364.7998046875,1.8334290540249043,1.03789190715212
2026-04-02,FTSE 100,^FTSE,10436.2998046875,0.6874663641756484,1.2048756489254202
2026-04-07,FTSE 100,^FTSE,10348.7998046875,-0.8419542705167871,1.1091693572354644
2026-04-08,FTSE 100,^FTSE,10608.900390625,2.4822756206482666,1.05575325172174
2026-04-09,FTSE 100,^FTSE,10603.5,-0.050917299713582054,1.4030149596850778
2026-04-10,FTSE 100,^FTSE,10600.5,-0.028296548009976163,1.240240215608595
2026-04-13,FTSE 100,^FTSE,10583.0,-0.1652229705294772,1.1026967572109667
2026-04-14,FTSE 100,^FTSE,10609.099609375,0.24631464604087938,0.9901118125760521
2026-04-15,FTSE 100,^FTSE,10559.599609375,-0.4676724791584874,0.8987083696424691
2026-04-16,FTSE 100,^FTSE,10590.0,0.2874797832904008,0.8427841934321356
2026-04-17,FTSE 100,^FTSE,10667.599609375,0.7300914072509102,0.7805991387859742
2026-04-20,FTSE 100,^FTSE,10609.099609375,-0.5498987113828235,0.7813878501844513
2026-04-21,FTSE 100,^FTSE,10498.099609375,-1.051783537244333,0.760276718969424
2026-04-22,FTSE 100,^FTSE,10476.5,-0.20595975525274923,0.8353400240274549
2026-04-23,FTSE 100,^FTSE,10457.0,-0.18630430305730528,0.7717836784393418
2026-04-24,FTSE 100,^FTSE,10379.099609375,-0.7477479475864968,0.719573766945445
2026-04-27,FTSE 100,^FTSE,10321.099609375,-0.560382546732896,0.7448892614919845
2026-04-28,FTSE 100,^FTSE,10332.7998046875,0.11329770063746025,0.7337973210491882
2026-04-29,FTSE 100,^FTSE,10213.099609375,-1.1652110936775983,0.6852043766303668
2026-04-30,FTSE 100,^FTSE,10378.7998046875,1.6094073557063382,0.8133075018421554
2026-05-01,FTSE 100,^FTSE,10363.900390625,-0.1436593739933656,1.0031905962136698
2026-05-05,FTSE 100,^FTSE,10219.099609375,-1.4070171509469986,0.9068053895855902
2026-05-06,FTSE 100,^FTSE,10438.7001953125,2.126159228821045,1.01786118712608
2026-05-07,FTSE 100,^FTSE,10277.0,-1.5611683695791356,1.2740097463480344
2026-05-08,FTSE 100,^FTSE,10233.099609375,-0.4280862453475365,1.3100823910330566
2026-05-11,FTSE 100,^FTSE,10269.400390625,0.3541111492033622,1.176206095450961
2026-05-12,FTSE 100,^FTSE,10265.2998046875,-0.03993811405091918,1.0582975807185335
2026-05-13,FTSE 100,^FTSE,10325.400390625,0.5837660307260961,0.9504442055849583
2026-05-14,FTSE 100,^FTSE,10372.900390625,0.45897568005912603,0.8930190207886267
2026-05-15,FTSE 100,^FTSE,10195.400390625,-1.7259997159163376,0.8343347287047717
2026-05-18,FTSE 100,^FTSE,10323.7998046875,1.2515213924080726,1.0578951152183553
2026-05-19,FTSE 100,^FTSE,10330.599609375,0.06584364712658441,1.081975882455866
2026-05-20,FTSE 100,^FTSE,10432.2998046875,0.9796416832593025,0.9701267044244534
2026-05-21,FTSE 100,^FTSE,10443.5,0.10730315956219982,0.9656013102234099
2026-05-22,FTSE 100,^FTSE,10466.2998046875,0.2180777811014778,0.8740418804724117
2026-05-26,FTSE 100,^FTSE,10491.400390625,0.23953580502915628,0.8023022177363864
2026-05-27,FTSE 100,^FTSE,10505.0,0.12954231224213686,0.7452155062820892
2026-05-28,FTSE 100,^FTSE,10426.0,-0.7548647951049148,0.6947949802785611
2026-05-29,FTSE 100,^FTSE,10409.2998046875,-0.16030677787632897,0.7283997796711381
2026-06-01,FTSE 100,^FTSE,10339.0,-0.6776465962595069,0.6836503531504625
2026-06-02,FTSE 100,^FTSE,10373.5,0.33313247465009965,0.7065405101976702
2026-06-03,FTSE 100,^FTSE,10332.2998046875,-0.3979585437454247,0.6754105082292302
2026-06-04,FTSE 100,^FTSE,10360.2998046875,0.27062831754189887,0.6605918357868572
2026-06-05,FTSE 100,^FTSE,10368.099609375,0.07525718604526332,0.6347476922645113
2026-06-08,FTSE 100,^FTSE,10373.2001953125,0.04918289681317134,0.6058589346709025
2026-06-09,FTSE 100,^FTSE,10227.2998046875,-1.4164979505562059,0.5829512548869686
2026-06-10,FTSE 100,^FTSE,10254.7998046875,0.2685273194542148,0.8245816774072526
2026-06-11,FTSE 100,^FTSE,10303.900390625,0.47766326497757916,0.7647785607573666
2026-06-12,FTSE 100,^FTSE,10471.7001953125,1.6153896769575127,0.7348971605370078
2026-06-15,FTSE 100,^FTSE,10430.599609375,-0.39326427514900786,0.9586192823319215
2026-06-16,FTSE 100,^FTSE,10494.2001953125,0.6078985929557135,0.8842166131066128
2026-06-17,FTSE 100,^FTSE,10508.599609375,0.13711901701221052,0.8435189526362012
2026-06-18,FTSE 100,^FTSE,10399.7001953125,-1.0416954016113422,0.7745120642419714
2026-06-19,FTSE 100,^FTSE,10363.2998046875,-0.35062782755055366,0.842831860338237
2026-06-22,FTSE 100,^FTSE,10437.900390625,0.7172750137154793,0.7874084528110589
2026-06-23,FTSE 100,^FTSE,10428.900390625,-0.08626143175884948,0.7844504033851373
2026-06-24,FTSE 100,^FTSE,10461.599609375,0.3130537369147035,0.7260732695008709
2026-06-25,FTSE 100,^FTSE,10529.900390625,0.650749325014921,0.6891585121605968
2026-06-26,FTSE 100,^FTSE,10508.0,-0.20819946980754622,0.7008709449104044
2026-06-29,FTSE 100,^FTSE,10484.2001953125,-0.2267491226582763,0.6643165396064163
2026-06-30,FTSE 100,^FTSE,10497.099609375,0.12296107303022552,0.6367979309137192
2026-07-01,FTSE 100,^FTSE,10478.2998046875,-0.17925579723598872,0.608616025461114
2026-07-02,FTSE 100,^FTSE,10652.900390625,1.6525758871638985,0.5906145118221547
2026-07-03,FTSE 100,^FTSE,10679.0,0.24470039631161455,0.8927849082155208
2026-07-06,FTSE 100,^FTSE,10651.7998046875,-0.2550322566841956,0.8188266217290038
2026-07-07,FTSE 100,^FTSE,10665.900390625,0.1322899549643708,0.7612278509506566
2026-07-08,FTSE 100,^FTSE,10489.0,-1.672468419274331,0.7077383011308648
2026-07-09,FTSE 100,^FTSE,10472.5,-0.15743151404148392,0.9699695405691812
2026-07-10,FTSE 100,^FTSE,10497.2998046875,0.2365288794413445,0.8798135843399382
2026-07-13,FTSE 100,^FTSE,10498.2998046875,0.00952580559143712,0.8078570204311237
2026-07-14,FTSE 100,^FTSE,10529.400390625,0.2958060874602708,0.7437989265347414
2026-07-15,FTSE 100,^FTSE,10515.900390625,-0.12829469145643202,0.70190905465103
2026-07-16,FTSE 100,^FTSE,10572.2001953125,0.533949828417235,0.6612381769118291
2026-07-17,FTSE 100,^FTSE,10600.400390625,0.2663840171532428,0.6628247072544995
2026-07-20,FTSE 100,^FTSE,10524.7998046875,-0.7157414649881844,0.6361899318055758
2026-07-21,FTSE 100,^FTSE,10585.900390625,0.5788605397743396,0.679625373426859
2026-07-22,FTSE 100,^FTSE,10717.0,1.2308301877874683,0.6828733436189377
2026-07-23,FTSE 100,^FTSE,10639.2001953125,-0.728595425622558,0.8206492176657886
2026-07-24,FTSE 100,^FTSE,10736.2001953125,0.907591568520516,0.8162257936843327
2026-07-27,FTSE 100,^FTSE,10781.7998046875,0.4238282148333994,0.8385975178573848
2026-07-28,FTSE 100,^FTSE,10871.0,0.823918391369105,0.7876340917963097
2026-07-29,FTSE 100,^FTSE,10908.400390625,0.3434477232396205,0.8024562291317945
2026-07-30,FTSE 100,^FTSE,10897.2998046875,-0.10181362485006673,0.7520685096851472
2026-07-31,FTSE 100,^FTSE,10868.099609375,-0.2683177301344486,0.7004052520436648
2026-08-03,FTSE 100,^FTSE,10857.7001953125,-0.09573332121473044,0.6679805614061772
2026-08-04,FTSE 100,^FTSE,10879.400390625,0.1996605061062695,0.6332527367556499
2026-08-05,FTSE 100,^FTSE,10888.2998046875,0.08176715480718855,0.6090746160874723
2026-08-06,FTSE 100,^FTSE,10867.900390625,-0.18752741616179236,0.5859387356364483
2026-08-07,FTSE 100,^FTSE,10901.099609375,0.30501396011448634,0.5737097895353049
2026-08-10,FTSE 100,^FTSE,10862.5,-0.35471751494196013,0.5709499745598977
2026-08-11,FTSE 100,^FTSE,10844.2001953125,-0.1686097735561276,0.577094659718199
2026-08-12,FTSE 100,^FTSE,10833.2001953125,-0.1014881927346778,0.5658269267107852
2026-08-13,FTSE 100,^FTSE,10772.7001953125,-0.560033667024129,0.5540474840502194
2026-08-14,FTSE 100,^FTSE,10750.099609375,-0.21001537392457692,0.594116157913404
2026-08-17,FTSE 100,^FTSE,10720.2998046875,-0.2775898412346933,0.5814266580695797
2026-08-18,FTSE 100,^FTSE,10728.0,0.07180238726096633,0.577119499625257
2026-08-19,FTSE 100,^FTSE,10743.400390625,0.14345029188351788,0.5610336403249865
2026-08-20,FTSE 100,^FTSE,10748.2001953125,0.04466679666883522,0.55079935194197
2026-08-21,FTSE 100,^FTSE,10816.599609375,0.6343638156423026,0.5405075988212865
2026-08-24,FTSE 100,^FTSE,10854.2998046875,0.3479341823780402,0.5923574419535443
2026-08-25,FTSE 100,^FTSE,10886.2001953125,0.2934653160631129,0.5890142119837781
2026-08-26,FTSE 100,^FTSE,10878.099609375,-0.0744392090188839,0.581500176398966
2026-08-27,FTSE 100,^FTSE,10792.5,-0.7900109468051753,0.5651834678677847
2026-09-01,FTSE 100,^FTSE,10789.2998046875,-0.029656426849555828,0.6466522202955698
